UT,PY,DI,TI,DE,ID
WOS:001497103900001,2025,10.1007/s00271-025-01019-8,Projecting rice water footprint for different shared socioeconomic pathways under arid climate conditions,,IRRIGATION STRATEGIES; GRAIN-YIELD; CROPS; MODEL; TEMPERATURE; SCENARIOS; IMPACTS; STRESS; MAIZE; WHEAT
WOS:001486941000001,2025,10.1016/j.ecolind.2025.113350,A novel assessment framework for colored-water footprint inequality in China,Colored-water footprint; Inequality; Gini coefficient; Imbalance index; Primacy Index,INPUT-OUTPUT-ANALYSIS; RICE; TRADE; CROPS; GREEN; BLUE
WOS:001510728600001,2025,10.1016/j.ecolind.2025.113739,"Assessing climate change impacts on water footprint of crop production and crop yield: a case study of the Wu River basin, Taiwan☆",SWAT model; Climate change; Crop yield; Water footprint,RICE; SWAT; AGRICULTURE; PERFORMANCE; REDUCTION; CATCHMENT; SCARCITY; DEMAND; SOIL
WOS:001431087400001,2025,10.3390/land14020295,The Water-Soil Resource Matching Pattern of Grain Crops in the North China Plain from the Perspective of the Physical Water-Water Footprint,grain; physical water; water footprint; land footprint; water-soil matching pattern; North China Plain,CLIMATE-CHANGE; TRANSITION; TRANSFERS; IMPACTS; DEMAND; STRESS
WOS:001619389300003,2025,10.1016/j.wse.2025.09.004,Irrigation and percolation management for reducing water footprint and nutrient leaching in rice-based ecosystems,Water reuse; Rice water footprint; Nitrogen leaching; Phosphorus leaching; Ponding irrigation,LOWLAND RICE; DRYING IRRIGATION; CROPPING SYSTEMS; RUNOFF LOSSES; PADDY FIELDS; YIELD; PRODUCTIVITY; NITROGEN; GROWTH; EFFICIENCY
WOS:001585827900001,2025,10.1088/2515-7620/ae0982,Unveiling the future water footprint of paddy cultivation: evidence from a humid tropical country,paddy; water footprint forecasting; CROPWAT; LARS-WG,LARS-WG; RAINFALL; CROPS
WOS:001481972100001,2025,10.1016/j.indic.2025.100695,"The effect of irrigation practices on stress-related physiological characteristics, water productivity, and water footprint in rice cultivation",Plant physiology; Water productivity; Water footprint; Alternate wetting and drying; Saturated soil irrigation; SDG 6: Clean water and sanitation,DROUGHT STRESS; CHLOROPHYLL FLUORESCENCE; STOMATAL CONDUCTANCE; OXIDATIVE STRESS; PHOTOSYNTHETIC PIGMENTS; C-3 PLANTS; WHEAT; TOLERANCE; YIELD; MECHANISMS
WOS:001607893200006,2025,10.1016/j.agwat.2025.109898,Optimization of cropping structure of staple crops and benefit evaluation based on carbon-water footprint in the black soil region of Northeast China,Multi-objective optimization; Carbon footprint; Water footprint; Eco-efficiency; Crop layout,DEMAND
WOS:001326740600001,2024,10.1017/S0376892924000195,"Urban water footprint in Mashhad, Iran's second largest city",Direct water footprint; north-eastern Iran; total water footprint; virtual water footprint; water scarcity,FOOD-CONSUMPTION; CHALLENGES; SECURITY; CHINA
WOS:001356821000001,2024,10.2166/wcc.2024.692,Impact of forest cover and human intervention on crop water footprint,blue water footprint; consumptive water footprint; Cropwat 8.0 model; green water footprint; water footprint; white water footprint,VARIABILITY; ENSO; TOOL
WOS:001397601300001,2025,10.1016/j.agwat.2024.109269,A comparative assessment of grey water footprint estimation methods in paddy fields,Drainage water; HYDRUS-2D; Nitrogen; Subsurface drainage; Tier-1 approach,SAVING IRRIGATION STRATEGIES; SUBSURFACE DRAINAGE; USE EFFICIENCY; DRYING IRRIGATION; SIMULATION-MODEL; CROP PRODUCTION; NITROGEN FATE; MAIZE; SOIL; DYNAMICS
WOS:001330347300012,2024,10.1038/s41467-024-52858-6,The role of farm subsidies in changing India's water footprint,,GROUNDWATER DEPLETION; FOOD; ADAPTATION; POLICY; LIMITS
WOS:001373159000002,2024,10.17576/jkukm-2024-36(6)-08,(Water Footprint Assessment of Paddy Cultivation in Muda Area Malaysia),Water footprint; CROPWAT 8.0 programming; rice cultivation; sustainability; Muda area,RICE PRODUCTION; SCARCITY
WOS:001300053700014,2024,,ECONOMIC STUDY OF CALCULATION THE WATER FOOTPRINT AND VIRTUAL WATER FOR IRAQ'S IMPORTS FROM WHEAT AND RICE DURING 2000-2020,foreign trade; water requirements; water policy; food security,
WOS:001385875000015,2024,10.18805/LR-4812,Green and Blue Water Footprint for Groundnut ( Arachis hypogaea L.) under Irrigation Scheduling and Nutrient Management Practices,Groundnut; Irrigation scheduling; Nutrient management practices; Yield attributes.,
WOS:000961977700001,2023,10.1016/j.agwat.2023.108291,A multi-pollutant pilot study to evaluate the grey water footprint of irrigated paddy rice,Irrigated agriculture; Paddy rice; Multiple pollutants; Water footprint; Water quality management,BUTACHLOR; FIELDS; CROP; PHOSPHORUS; NITROGEN; QUALITY; BLUE
WOS:000990254500001,2023,10.1016/j.jhydrol.2023.129275,Effects of multidimensional urbanisation on water footprint self-sufficiency of staple crops in China,Crop production; Spatiotemporal variations; Driving force; Virtual water trade,UNIT-ROOT TESTS; VIRTUAL WATER; DRIVING FORCES; CLIMATE-CHANGE; FOOD SECURITY; CO2 EMISSIONS; PANEL-DATA; CONSUMPTION; STIRPAT; IMPACT
WOS:001104801900016,2023,,"Water footprint assessment towards food sustainability for the valley region of Manipur, North East India",Food sustainability; rice; satellite data; valley region; water footprint,RICE CULTIVATION SYSTEMS; CROP PRODUCTION
WOS:000650897900001,2021,10.3390/w13091249,"Water Footprint, Blue Water Scarcity, and Economic Water Productivity of Irrigated Crops in Peshawar Basin, Pakistan",green water footprint; blue water footprint; canal irrigated crops; water scarcity; economic water productivity; Pakistan,RIVER-BASIN; GREEN; AVAILABILITY; AGRICULTURE; SUSTAINABILITY; VARIABILITY; CONSUMPTION; EFFICIENCY; REDUCTION; SOILS
WOS:000603487500090,2021,10.1016/j.scitotenv.2020.143992,The scarcity-weighted water footprint provides unreliable water sustainability scoring,LCA; Water use; Water stress; SDG6; Water efficiency; Water productivity,ENVIRONMENTAL IMPACTS; CROP PRODUCTION; WHEAT; PRODUCTIVITY; CRITIQUE; LEVEL; GREEN; RICE
WOS:000759173000006,2021,10.1016/j.compag.2021.106501,Estimation of the rice water footprint based on machine learning algorithms,Water footprint; Rice production; Climate change; GCMs; Machine learning,CLIMATE-CHANGE; ADDITIVE REGRESSION; NEURAL-NETWORK; RANDOM FOREST; WINTER-WHEAT; CHINA; PRECIPITATION; RIVER; YIELD; REQUIREMENTS
WOS:000833397800001,2022,10.3390/atmos13071052,Winter Potato Water Footprint Response to Climate Change in Egypt,climate change; potato yield; food security; water footprint; water resources management,AGRICULTURAL PRODUCTION; REFERENCE EVAPOTRANSPIRATION; USE EFFICIENCY; RIVER-BASIN; GREEN; BLUE; CHINA; RICE; MANAGEMENT; IMPACTS
WOS:001739920600001,2026,10.1016/j.cesys.2026.100434,"Agricultural water footprint: trends, gaps and pathways to achieving sustainability goals",FAOSTAT; Water footprint network; Crop evapotranspiration; Irrigation management; Water-food nexus,CROP EVAPOTRANSPIRATION ESTIMATION; LAND-USE; POLLUTION LEVELS; BIG DATA; REDUCTION; GREEN; BLUE; CONSUMPTION; CRITIQUE; SCIENCE
WOS:000872025200001,2022,10.3390/agronomy12102494,Water Footprint Assessment of Green and Traditional Cultivation of Crops in the Huang-Huai-Hai Farming Region,sustainable crop production; green cultivation; grey water footprint; nitrogen reduction,GRAIN PRODUCTION; USE EFFICIENCY; SUMMER MAIZE; FOOD; GROUNDWATER; IRRIGATION; SIMULATION; IMPACT; INPUTS; YIELD
WOS:000873849700001,2022,10.3390/pr10102105,A Study on Spatial-Temporal Differentiation and Influencing Factors of Agricultural Water Footprint in the Main Grain-Producing Areas in China,main grain-producing areas; agricultural water footprint; spatial Dubin model,CROP PRODUCTION; CLIMATE-CHANGE; YIELD; RICE
WOS:000902503500001,2022,10.3390/hydrology9120210,"Water Footprint Assessment for Irrigated Paddy Cultivation in Walawe Irrigation Scheme, Sri Lanka",blue water footprint; rice production; evapotranspiration; irrigation water management,RICE PRODUCTION; CROP PRODUCTION; CONSUMPTION; GREEN; BLUE; FOOD
WOS:000803348300001,2022,10.3390/agronomy12051186,"Tillage, Water and Nitrogen Management Strategies Influence the Water Footprint, Nutrient Use Efficiency, Productivity and Profitability of Rice in Typic Ustochrept Soil",rice; water footprint; nutrient use efficiency; productivity; profitability,DRYING IRRIGATION; ORGANIC-CARBON; CROP; YIELD; WHEAT; AGRICULTURE; GREEN; BASIN
WOS:001790641600001,2026,10.3389/fpls.2026.1872210,Water footprint and water productivity dynamics of Mediterranean rice under climate change and water regime scenarios,blue water footprint; climate change; DSSAT; green water footprint; water productivity,CROP YIELD; IMPACT; GREEN; BLUE
WOS:001746298500001,2026,10.1007/s00271-026-01116-2,"A comparative analysis of crop water footprint, practices, and economic water productivity (EWP) in Punjab, Pakistan and Western Australia, Australia",,USE EFFICIENCY; CLIMATE-CHANGE; GROUNDWATER MARKETS; WHEAT; FOOD; IRRIGATION; RAINFALL; IMPACT; YIELDS; MAIZE
WOS:001791316500001,2026,10.21273/HORTSCI19454-26,Comparative Analysis of Irrigation Type and Controlled-release Fertilizer Rates on the Gray Water Footprint and Plant Growth of Container-grown Petunias,greenhouse; nutrient runoff; water use efficiency,EFFICIENCY; RICE; CROP
WOS:000662946900013,2021,10.2166/wcc.2020.093,"Temporal trends of climatic variables and water footprint of rice and wheat production in Punjab, India from 1986 to 2017",agriculture; evapotranspiration; green water; irrigation water requirement; path analysis; rain water harvesting,REFERENCE EVAPOTRANSPIRATION
WOS:001793455600001,2026,10.1007/s43621-026-03036-9,"Blue-green water footprint estimation of wheat-maize cropping pattern in the North-Western Upper Gangetic Plains, India",Rainfall; Crop evapotranspiration; CROPWAT; Wheat and maize; Blue and green water footprint,VIRTUAL WATER; CONSERVATION AGRICULTURE; GROUNDWATER DEPLETION; RICE; REQUIREMENT; TILLAGE; SYSTEM; CROPS; FLOWS
WOS:000562364500003,2020,10.1016/j.advwatres.2020.103679,Sustainability of the blue water footprint of crops,Water footprint; Crop production; Efficient water use; Water savings; Water scarcity,GROUNDWATER DEPLETION; IRRIGATION; RESOURCES; GREEN; AVAILABILITY; AQUIFERS; MODEL
WOS:000585713900001,2021,10.1007/s11069-020-04387-w,"Flood risk mapping and crop-water loss modeling using water footprint analysis in agricultural watershed, northern Iran",Flood damages; Water footprint; Crop water loss; Flood risk management; GIS; Talar watershed,SUSCEPTIBILITY ASSESSMENT; HAZARD AREAS; LAND-USE; GIS; REGION; URBANIZATION; GARDENS
WOS:000456175700113,2019,10.1016/j.scitotenv.2018.12.279,Water footprint of winter wheat under climate change: Trends and uncertainties associated to the ensemble of crop models,Climate change; Green water; Blue water; Water use; Crop yield forecasting,DURUM-WHEAT; CHANGE PROJECTIONS; RICE PRODUCTION; CHANGE IMPACTS; YIELD; TEMPERATURE; SENSITIVITY; EVAPOTRANSPIRATION; REQUIREMENTS; AGRICULTURE
WOS:000981100400001,2023,10.3390/agriculture13040784,"Precision Nutrient Management in Zero-Till Direct-Seeded Rice Influences the Productivity, Profitability, Nutrient, and Water Use Efficiency as Well as the Environmental Footprint in the Indo Gangetic Plain of India",direct-seeded rice; N2O emission; Nutrient Expert (R); nutrient-water use efficiency; soil-test based recommendation,WHEAT CROPPING SYSTEM; IRRIGATED RICE; GRAIN-YIELD; CULTIVATION; SOIL
WOS:000816975700004,2022,10.1016/j.scitotenv.2022.156682,Global spatio-temporal change assessment in interregional water stress footprint in China by a high resolution MRIO model,Water stress; Sub-national China; Global supply chain; Multi-regional input-output (MRIO) analysis; Production-based accounting (PBA); Consumption-based accounting (CBA),TRADE; CONSUMPTION; PROGRESS; CO2
WOS:000594551600001,2020,10.3390/su12229665,Water Use Efficiency and Sensitivity Assessment for Agricultural Production System from the Water Footprint Perspective,water footprint; blue-green water; evaluation index; sensitivity analysis; sustainable agriculture,CLIMATE-CHANGE; RICE YIELD; IRRIGATION; CHINA; REQUIREMENT; MANAGEMENT; SIMULATION; GREEN; BLUE
WOS:000556105400001,2020,10.1590/2318-0331.252020200017,"Water footprint analysis of temporary crops produced in Sao Carlos (SP), Brazil",Water security; Agricultural production; Water scarcity; Water use,CONSUMPTION; RESOURCES; SUGARCANE; NITROGEN; GREEN; BLUE
WOS:000487935800019,2019,10.3390/resources8030141,The Water Footprint of European Agricultural Imports: Hotspots in the Context of Water Scarcity,water footprint; water scarcity; virtual water trade; agricultural water use; agricultural imports,CONSUMPTION; RESOURCES; IMPACTS; COTTON; CROPS
WOS:000291088600017,2011,10.5194/hess-15-1577-2011,"The green, blue and grey water footprint of crops and derived crop products",,HIGH-RESOLUTION ASSESSMENT; RESOURCES; CONSUMPTION; IRRIGATION; WORLD; FLOWS; MODEL
WOS:000490563900053,2019,10.15666/aeer/1705_1103311044,EVALUATION OF WATER FOOTPRINT OF SELECTED CROP CONSUMPTION IN TEHRAN PROVINCE,per capita water footprint; water consumption; agricultural water management; CROPWAT model; virtual water,CHINA; SCARCITY; TRADE
WOS:000442973100132,2018,10.1016/j.jclepro.2018.06.266,Analyzing Egypt's water footprint based on trade balance and expenditure inequality,Egypt; National water footprint; Virtual water; Interregional input-output model; Expenditure patterns; Trade balance,INPUT-OUTPUT-ANALYSIS; VIRTUAL WATER; CHINA; CONSUMPTION; SCARCITY; SYSTEM; MODEL
WOS:000425943100006,2018,10.3390/su10020242,"Assessment of Potential Climate Change Effects on the Rice Yield and Water Footprint in the Nanliujiang Catchment, China",climate change; crop modeling; rice production; water footprint; SWAT model,CROP YIELD; MODELING APPROACH; CARBON-DIOXIDE; RIVER-BASIN; PO VALLEY; IMPACT; IRRIGATION; SYSTEMS; SWAT; VARIABILITY
WOS:000399845800014,2017,10.1016/j.scitotenv.2017.02.085,The water use of Indian diets and socio-demographic factors related to dietary blue water footprint,Food consumption; Sustainability; India; Freshwater use,GREENHOUSE-GAS EMISSIONS; CLIMATE-CHANGE; NUTRITION TRANSITION; SCARCITY FOOTPRINT; IMPACT; MANAGEMENT; PRODUCTIVITY; RESOURCES; SCENARIOS; DEPLETION
WOS:000519847200125,2020,10.3390/w12010125,Water-Scarcity Footprint Associated with Crop Expansion in Northeast China: A Case Study Based on AquaCrop Modeling,crop expansion; water scarcity; water consumption; environmental relevance,SIMULATE YIELD RESPONSE; CLIMATE-CHANGE; SPATIOTEMPORAL CHANGES; GRAIN; RESOURCES; IMPACTS; SCALE; AREA
WOS:000428516000106,2018,10.3390/w10030341,Uncertainty Analysis of the Water Scarcity Footprint Based on the AWARE Model Considering Temporal Variations,water scarcity footprint; characterization factor; uncertainty analysis; Monte Carlo statistical method; block bootstrap; probability distribution,ENVIRONMENTAL IMPACTS; LCA; CONSUMPTION; CRITIQUE
WOS:000419231500129,2017,10.3390/su9122283,Implications of Water Use and Water Scarcity Footprint for Sustainable Rice Cultivation,rice; water; water scarcity footprint; AWD system; sustainability; Thailand,CONSUMPTION; IMPACT; CROPS; CRITIQUE
WOS:000448772700005,2018,10.15666/aeer/1605_53815403,ESTIMATING THE COUNTRY-LEVEL WATER CONSUMPTION FOOTPRINT OF SELECTED CROP PRODUCTION,water footprint; water scarcity; agriculture water management; sustainability; Malaysia,VIRTUAL WATER; PADDY RICE; IMPACTS; PROVINCES; BIOFUEL; FOOD
WOS:000368418400024,2015,10.1002/2015WR017148,Global sensitivity of high-resolution estimates of crop water footprint,,VIRTUAL WATER; FRESH-WATER; FOOD; CLIMATE; YIELD
WOS:000361779500019,2015,10.1016/j.agsy.2015.07.009,Impact of potential climate change on crop yield and water footprint of rice in the Po valley of Italy,Rice Oryza sativa L.; Water footprint; Crop models; Climate change,SIMULATION-MODEL; CHANGE SCENARIOS; FLOODED RICE; SYSTEMS; FOOD; PRODUCTIVITY; RESOURCES; NORTHERN; MAIZE; GREEN
WOS:000368207500094,2016,10.1016/j.jclepro.2015.08.098,"The impact of changing food choices on the blue water scarcity footprint and greenhouse gas emissions of the British diet: the example of potato, pasta and rice",Carbohydrate; Diet; Life cycle assessment; Portion size; UK,ENVIRONMENTAL IMPACTS; PRODUCTION SYSTEMS; CARBON FOOTPRINT; VIRTUAL WATER; CONSUMPTION; CROP; UNCERTAINTIES; VARIABILITY; PRODUCTS; NATIONS
WOS:000342656100024,2014,10.1016/j.ecolind.2014.06.013,Water footprint benchmarks for crop production: A first global assessment,,NITROGEN-USE EFFICIENCY; IRRIGATED WHEAT; WINTER-WHEAT; YIELD; RICE; RESOURCES; GREEN; SOILS; CONSUMPTION; SECURITY
WOS:000338741700012,2014,10.3390/w6061698,"Water Footprint and Impact of Water Consumption for Food, Feed, Fuel Crops Production in Thailand",water footprint; water stress; crops; Thailand,SCENARIOS; YIELD
WOS:000338763900015,2014,10.5194/hess-18-2219-2014,Sensitivity and uncertainty in crop water footprint accounting: a case study for the Yellow River basin,,REFERENCE EVAPOTRANSPIRATION; CARBON FOOTPRINT; CLIMATE-CHANGE; BALANCE MODEL; SUMMER MAIZE; CONSUMPTION; PRECIPITATION; VARIABILITY; PRODUCTS; ERRORS
WOS:000332512200014,2014,10.2166/wst.2013.759,The water footprint of Milan,city; Italy; Milan; urban; water footprint; water use,AUSTRIA; BALANCE
WOS:001624506200001,2025,10.3390/su172210359,Impact of Low CO2 Footprint-Dissolution Treatment of Silica and Potassium-Rich Biomass Ashes on the Compressive Strength of Alkali-Activated Mortars,eco-efficient binder systems; alkali-activated mortars; waste valorisation; waste-derived activating suspensions; low-carbon binders,BLAST-FURNACE SLAG; CALCIUM CARBIDE RESIDUE; GLASS; HUSK
WOS:001416302000001,2025,10.1016/j.eiar.2025.107821,Sustainability on the plate: Unveiling the environmental footprint of pasta supply chain through Life Cycle Assessment,Supply chain management; Life Cycle Assessment; Sustainability; Pasta; Fresh stuffed pasta; Gluten-free pasta,CARBON FOOTPRINT; FOOD; WHEAT
WOS:001364779500001,2024,10.1016/j.agwat.2024.109181,Mitigating methane emissions and carbon footprint in rice-wheat rotation system by straw centralized returning under rainfed conditions,Z. Xiying; Paddy fields; GHG emissions; Straw returning; Water regime; Net ecosystem economic benefit; Carbon footprint,NITROUS-OXIDE EMISSIONS; GREENHOUSE-GAS EMISSIONS; N2O EMISSIONS; CROP RESIDUE; TILLAGE PRACTICES; SOIL; BIOCHAR; WATER; MANAGEMENT; FIELDS
WOS:001261831800001,2024,10.1016/j.scitotenv.2024.173852,Resources time footprint indicator extension for evaluating human interventions in provisioning ecosystem services supply,,LIFE-CYCLE ASSESSMENT; SUSTAINABILITY ASSESSMENT; SENSITIVITY-ANALYSIS; SUGARCANE PRODUCTION; STEEL PRODUCTION; WATER FOOTPRINT; FLOWS; ELECTRICITY; EMISSIONS; IMPACTS
WOS:001162483000004,2024,10.1038/s41597-024-03051-3,Water footprints and crop water use of 175 individual crops for 1990-2019 simulated with a global crop model,,YIELD RESPONSE; EVAPOTRANSPIRATION; AQUACROP; BLUE; MAIZE; SENSITIVITY; TRADE; GREEN; RICE; LAND
WOS:001678305100001,2026,10.1016/j.nexus.2026.100633,Reducing carbon footprint and acquiring carbon credits in intensively cultivated rice wheat system by tillage and residue management,Carbon footprint; Carbon balance; Zero tillage; Energy efficiency; Residue retention; Carbon credit,INDO-GANGETIC PLAINS; CONSERVATION AGRICULTURE; ORGANIC-CARBON; NITROUS-OXIDE; CROPPING SYSTEM; NO-TILL; SOIL; EMISSIONS; MITIGATION; YIELD
WOS:001442253200001,2025,10.3390/w17050717,"Nitrogen and Gray Water Footprints of Various Cropping Systems in Irrigation Districts: A Case from Ningxia, China",irrigated areas; life cycle; nitrogen footprint; gray water footprint; LMDI; gray correlation analysis,GREENHOUSE-GAS EMISSIONS; REACTIVE NITROGEN; DECOMPOSITION; FERTILIZER; POLLUTION; GROWTH; CARBON; FIELD
WOS:001548613300001,2025,10.1016/j.resenv.2025.100246,Climate smart land configurations and cropping systems diversification sustaining soil-water-carbon synergy and resource use efficiency,Water harvesting; Soil health; Crop physiological response; System productivity; Water footprint; Carbon footprint,TILLAGE PRACTICES; ORGANIC-CARBON; FOOTPRINT; CONSERVATION; IMPACT; WHEAT; RICE
WOS:001503913200002,2025,10.1016/j.eti.2025.104241,"Dynamic multi-objective optimization of rice irrigation integrating crop growth and water cycle dynamics: Promoting synergies in water conservation, production enhancement, and emission reduction",Rice Irrigation; Multi-objective optimization; Water cycle dynamics; EPIC model; Water use efficiency; Climate change scenarios (CMIP6),MODEL
WOS:001652545200002,2025,10.1038/s41598-025-08906-2,High-resolution water footprints of major crops in China from cities to grids,Crop production; Water footprint; High-resolution; City-scale; Downscale,TRADE; SENSITIVITY; EMISSIONS; SCARCITY; GREEN; BLUE
WOS:001596709600001,2025,10.1017/S1742170525100112,"A comparative analysis of the water and carbon footprints of hybrid, plant-based, and animal-based burgers",alternative proteins; carbon footprint; environmental assessment; hybrid burgers; life cycle assessment; nutritional productivity; plant-based diet; water footprint,GREENHOUSE-GAS EMISSIONS; LIFE-CYCLE ASSESSMENT; ENVIRONMENTAL IMPACTS; SUSTAINABLE DIET; BEEF-CATTLE; SEQUESTRATION; FOODS
WOS:001657260500001,2025,10.3390/w18010009,Evolution and Driving Factors of Water Footprints for Major Grain Crops: Evidence from China's Main Grain-Producing Regions,grain crops; production water footprint; major grain-producing regions; driving factors,
WOS:001499445900013,2025,10.2166/wpt.2025.071,Optimizing water footprints and yield sustainability in Boro rice through alternate wetting and intense drying: A climate-resilient strategy for Bangladesh,alternate wetting and intense drying; climate change projection; irrigation water management; rice cultivation; water footprint; water-efficient practices,CHANGE IMPACT; BIAS CORRECTION; IRRIGATION; MANAGEMENT; PRODUCTIVITY; PHYSIOLOGY; ADOPTION; WHEAT
WOS:001298502400001,2024,10.1016/j.scitotenv.2024.173464,Crop grey water footprints in China: The impact of pesticides on water pollution,Grey water footprint; Pesticides; Nitrogen; Phosphorus; Water pollution; Agriculture,PHOSPHORUS; QUALITY; LOADS
WOS:001282425000001,2024,10.1016/j.agwat.2024.108956,Enhanced strategies for water and fertilizer management to optimize yields and promote environmental sustainability in the mechanized harvesting of ratoon rice in Southeast China,Ratoon rice; Yield; Carbon footprint; Greenhouse gas emissions; Axillary bud,NITROGEN USE EFFICIENCY; GRAIN-YIELD; SOIL
WOS:001017010300006,2023,10.1038/s41467-023-39454-w,Enhancing rice production sustainability and resilience via reactivating small water bodies for irrigation and drainage,,CONJUNCTIVE USE; FOOTPRINT; CHALLENGES; MANAGEMENT; CROPS; PONDS
WOS:000267292200029,2009,10.1073/pnas.0812619106,The water footprint of bioenergy,sustainability; climate change; energy; biomass; natural resource use,
WOS:001613200000001,2025,10.1007/s11367-025-02555-3,Integrating life cycle assessment and costing in organic rice systems: scenario-based evaluation of water management and clean energy strategies in Thailand,Organic rice; Life cycle assessment (LCA); Life cycle costing (LCC); Alternate wetting and drying (AWD); Solar pumping irrigation (SPI); Sustainable agriculture,SUSTAINABILITY
WOS:000581049800028,2020,10.1016/j.scitotenv.2020.141247,Better assessments of greenhouse gas emissions from global fish ponds needed to adequately evaluate aquaculture footprint,Methane; Carbon dioxide; Nitrous oxide; Mitigation; Ebullition; Aeration,NITROUS-OXIDE EMISSIONS; ORGANIC-MATTER SOURCES; METHANE EMISSIONS; LIPID BIOMARKERS; N2O EMISSION; RICE PADDIES; FLUXES; SOIL; SHRIMP; SYSTEM
WOS:001241104800001,2024,10.1016/j.agwat.2024.108865,Application of resource-environmental-economic perspective for optimal water and nitrogen rate under high-low seedbed cultivation in winter wheat,Resource use efficiency; Environmental footprint; Net benefit; Water and nitrogen regime,EMISSIONS; SOILS; RICE
WOS:000880091800001,2022,10.3389/fpls.2022.990105,Coupling life cycle assessment and global sensitivity analysis to evaluate the uncertainty and key processes associated with carbon footprint of rice production in Eastern China,carbon footprint; global sensitivity analysis; morris sensitivity analysis; sobol' sensitivity analysis; uncertainty analysis; life cycle assessment,WATER; MANAGEMENT
WOS:001262684900001,2024,10.1088/1748-9326/ad5a24,Large agri-food corporations in the global staple and cash crops markets: a quantitative analysis of rice and coffee through the virtual water perspective,large companies; staple crops; cash crops; agro-food sector; virtual water,TRADE; FOOTPRINT
WOS:001256728300001,2024,10.3390/su16125030,"Coupling Coordination Evaluation of Water and Soil Resource Matching and Grain Production, and Analysis of Obstacle Factors in a Typical Black Soil Region of Northeast China",matching of water and soil resources; grain production; water footprint; coupling coordination; obstacle factors; agricultural sustainable development,
WOS:001305862600001,2024,10.3390/agronomy14081747,"Effect of Irrigation and Cultivation Modes on Growth, Physiology, Rice Yield Parameters and Water Footprints",irrigation; cultivation mode; oryza sativa yield; water footprints; lodging coefficient; water use efficiency,EFFICIENCY; MESOPHYLL
WOS:001152556200001,2024,10.2166/ws.2024.012,Estimation of irrigation water requirements in the Gharb-irrigated perimeter (north-western Morocco),climate change; Gharb Plain; irrigation; water requirement,EVAPOTRANSPIRATION; BASIN
WOS:001387777000001,2024,10.3390/w16243693,Revealing Climate-Induced Patterns in Crop Yields and the Water-Energy-Food-Carbon Nexus: Insights from the Pearl River Basin,AquaCrop model; NSGA-II method; Sobol sensitivity analysis; machine learning; climate change,PROCESS-BASED MODEL; AQUACROP MODEL; RICE PRODUCTION; CHINA; MAIZE; IRRIGATION; DEMAND; TEMPERATURE; VALIDATION; MANAGEMENT
WOS:001723298500001,2026,10.1016/j.resenv.2026.100323,Optimizing crop planting structures for water savings and grain revenue in China considering different spatial scales,Blue water footprint; Grain revenue; Spatial scale; Multi-objective programming; China,HEIHE RIVER-BASIN; FOOTPRINT; BLUE
WOS:001718001600001,2026,10.1016/j.agwat.2026.110283,"Multidimensional sustainability assessment of rice cultivation systems in cold regions: Trade-offs and synergies among water, carbon, energy, and economic footprints",Rice cultivation models; Direct-seeded rice; Sustainability assessment; Water footprint; Carbon footprint; Energy footprint; Net ecosystem economic benefit; Cold-region rice cropping,GREENHOUSE-GAS EMISSIONS; SAVING IRRIGATION; SOIL; TILLAGE; YIELD
WOS:000741698800001,2022,10.3390/su14010315,Carbon Footprint Calculator Customized for Rice Products: Concept and Characterization of Rice Value Chains in Southeast Asia,greenhouse gas; water management; fertilizers; milling; straw management; post-harvest; product recovery; by-products; export,GREENHOUSE-GAS EMISSIONS; LIFE-CYCLE ASSESSMENT; FOOD-PRODUCTION; CLIMATE-CHANGE; ENVIRONMENTAL IMPACTS; CROPPING SYSTEMS; WATER-USE; MITIGATION; MANAGEMENT; CHINA
WOS:001795359100001,2026,10.5194/essd-18-4097-2026,A high-resolution gridded dataset of water footprints for China's major food crops from 2001 to 2020,,EVAPOTRANSPIRATION; SECURITY; GREEN
WOS:001713912400001,2026,10.1007/s13201-026-02776-3,Assessment of machine learning models to forecast water footprints of rice production,Water footprint; Rice; Machine-learning models; Multi-layer perceptron; Agricultural water management,RANDOM SUBSPACE METHOD; RANDOM FOREST; AGRICULTURE; HYDROLOGY; FIELD
WOS:001751714000001,2026,10.1016/j.jafr.2026.102938,Thirsty but not equal: Shifting water scarcity in China's grain production (1995-2022),Water footprint; Blue-green water; Water scarcity; Grain production; China,CROP PRODUCTION; CLIMATE-CHANGE; USE EFFICIENCY; FOOTPRINT; IRRIGATION; MAIZE; RESOURCES; YIELD; REQUIREMENTS; TRADE
WOS:001763098800001,2026,10.3390/agriculture16091002,Return Flow Compensation Reshapes Water Savings and Carbon-Water Synergy in Cold-Region Paddy Systems,alternate wetting and drying; methane emission mitigation; water footprint; irrigation efficiency paradox; LMDI decomposition; Sanjiang Plain,SENSITIVITY-ANALYSIS; IRRIGATION; EMISSIONS; FIELDS
WOS:001775579500001,2026,10.3390/su18105097,Water Use Efficiency and Carbon Trade-Offs of Gravity and Pump Irrigation in Rice Cultivation,irrigation; water use efficiency; rice cultivation; water-energy-food nexus; sustainable agriculture; decarbonization targets,PRODUCTIVITY; SYSTEMS; MANAGEMENT; FOOTPRINT; INCREASE
WOS:001695151400001,2026,10.1016/j.conbuildmat.2026.145659,A coral-reef-inspired eco-friendly foamed cement: Towards a sustainable alternative with high strength and water resistance,Foamed magnesium oxychloride cement; Organic-inorganic hybridization; Alkali-treated straw; Carboxymethyl cellulose; Compressive strength,REMOVAL
WOS:000958257200001,2023,10.3390/ma16062443,Effects of Grinding Methods and Water-to-Binder Ratio on the Properties of Cement Mortars Blended with Biomass Ash and Ceramic Powder,corn cob ash; ceramic powder; mortar; SCM; dilution effect; water-to-binder ratio,RICE HUSK ASH; HIGH-PERFORMANCE CONCRETE; OIL FUEL ASH; FLY-ASH; PHYSICAL-PROPERTIES; WASTE; HYDRATION; ACTIVATION; METAKAOLIN; FINENESS
WOS:000763639800001,2022,10.3390/agronomy12020380,"Carbon, Nitrogen and Water Footprints of Organic Rice and Conventional Rice Production over 4 Years of Cultivation: A Case Study in the Lower North of Thailand",carbon footprint; nitrogen footprint; water footprint; soil organic carbon; rice paddy,GREENHOUSE-GAS EMISSIONS; ENERGY USE EFFICIENCY; SOIL CARBON; AGRICULTURAL SOILS; CROPPING SYSTEMS; STRAW RETURN; FOOD; SEQUESTRATION; FERTILIZER; TILLAGE
WOS:000555551000004,2020,10.1016/j.ecolind.2020.106634,"Evaluation of carbon, nitrogen footprint and primary energy demand under different rice production systems",Ground cover rice production system; Environmental impacts; Energy depletion; Ecological footprint; Life cycle assessment,LIFE-CYCLE ASSESSMENT; GREENHOUSE-GAS FLUXES; ENVIRONMENTAL IMPACTS; WATER-CONSUMPTION; LESS WATER; YIELD; MANAGEMENT; FOOD; EFFICIENCY; GRAIN
WOS:001046432300001,2023,10.3390/w15152713,Water Use in Australian Irrigated Agriculture-Sentiments of Twitter Users,consumer; cotton; dairy; rice; water footprint,ALTERED FLOW REGIMES; FOOTPRINT; MANAGEMENT; SUSTAINABILITY
WOS:000880192500003,2022,10.1016/j.jclepro.2022.134247,Comprehensive assessment of integrated rice-crayfish farming system as a new paradigm to air-water-food nexus sustainability,Rice; Crayfish; Paddy fields; Sustainable agriculture,CONSUMPTION; EMISSIONS
WOS:001072186700001,2023,10.1088/2515-7620/acfb61,A simultaneous equations approach to analyze the sustainable water-energy-food nexus in South Korea,WEF nexus; food security; EKC hypothesis; water resources; water security; energy security,ENVIRONMENTAL KUZNETS CURVE; LIFE-CYCLE ASSESSMENT; CARBON POWER-SYSTEMS; ECOLOGICAL FOOTPRINT; ELECTRICITY DEMAND; USE EFFICIENCY; CLIMATE-CHANGE; CONSUMPTION PATTERNS; CROP DIVERSITY; SOLAR POWER
WOS:000555915200208,2020,10.3390/w12051429,Water Resources Management Strategies for Irrigated Agriculture in the Indus Basin of Pakistan,Pakistan; Indus basin; water footprint; SPARE:WATER; water-saving strategies,FOOTPRINT REDUCTION; SURFACE IRRIGATION; PRODUCTIVITY; SCARCITY; REQUIREMENT; CHALLENGES; EFFICIENCY; SPRINKLER; PATTERNS; IMPACT
WOS:000818504300005,2022,10.1016/j.ecolind.2022.109083,A decoupling analysis framework for agricultural sustainability and economic development based on virtual water flow in grain exporting,Decoupling; Virtual water; Grain exports; Agricultural sustainability,RESOURCES; CONSUMPTION; FOOTPRINT; SCARCITY; CHINA
WOS:000726387200001,2021,10.3390/agronomy11101964,Soil Organic Carbon and System Environmental Footprint in Sugarcane-Based Cropping Systems Are Improved by Precision Land Leveling,precision land leveling; soil organic carbon; crop diversification; energy use pattern; environmental footprint,MANAGEMENT; TILLAGE; DIVERSIFICATION; SEQUESTRATION; NITROGEN; MATTER; CROPS
WOS:000413256900019,2017,10.1007/s13201-017-0551-3,Water-food-energy nexus index: analysis of water-energy-food nexus of crop's production system applying the indicators approach,Water; Energy; Food; Nexus; Index; Productivity; Consumption,INPUTS
WOS:000893450100001,2022,10.1088/1748-9326/aca4e5,"Spatial-temporal variations in green, blue and gray water footprints of crops: how do socioeconomic drivers influence?",water footprint; socioeconomic driving factors; logarithmic mean divisia index (LMDI); Tapio decoupling; Heilongjiang,REFERENCE EVAPOTRANSPIRATION; VARIABILITY; CLIMATE
WOS:000544258100042,2020,10.1016/j.jhydrol.2020.124881,Reducing food waste and changing cropping patterns to reduce water consumption and pollution in cereal production in Iran,Water Footprint Assessment; Water pollution; Blue water scarcity; Food waste; Cropping pattern; Food security,ANTHROPOGENIC NITROGEN; FOOTPRINT; BLUE; GREEN; SCARCITY; CROPS; GROUNDWATER; BENCHMARKS; LOSSES; IMPACT
WOS:000370491400009,2016,10.1111/gcb.13143,Agronomic improvements can make future cereal systems in South Asia far more productive and result in a lower environmental footprint,best management practices; cereal productivity; cereals systems; conservation agriculture; crop diversification; global warming potential; rice-based cropping system; South Asia,NITROUS-OXIDE EVOLUTION; INDO-GANGETIC PLAINS; RICE-WHEAT ROTATION; CONSERVATION AGRICULTURE; METHANE EMISSIONS; RAINFALL EVENTS; SOIL DRIVEN; TILLAGE; YIELD; MANAGEMENT
WOS:000774351700001,2022,10.3390/su14063494,Water-Energy-Food Nexus Approach to Assess Crop Trading in Saudi Arabia,water footprint; agricultural product; energy footprint; carbon dioxide emission; water-energy-food nexus,CHINA; POLICY; MODEL
WOS:000763114000001,2022,10.3390/land11020278,Assessment on Land-Water Resources Carrying Capacity of Countries in Central Asia from the Perspective of Self-Supplied Agricultural Products,Central Asia; food security; resource carrying capacity; agricultural land-water resources; sustainable development,CONSERVATION AGRICULTURE; CLIMATE-CHANGE; IRRIGATION; EFFICIENCY; IMPACTS; SYSTEM; MANAGEMENT; FRAMEWORK; RICE
WOS:000444625900131,2018,10.1016/j.scitotenv.2018.06.258,Greenhouse gas emissions and water footprints of typical dietary patterns in India,Sustainability; India; Greenhouse gas emissions; Water footprint; Agriculture; Dietary pattern,NUTRITION TRANSITION; FOOD-CONSUMPTION; TRENDS; CROP; DEPLETION; ADULTS; SYSTEM; BLUE
WOS:000466418300023,2019,10.1016/j.scitotenv.2019.03.304,"""More crop per drop"": Exploring India's cereal water use since 2005",Cereals; India; Water resource management; Food security; Irrigation; Cool Farm Tool,GROUNDWATER DEPLETION; FOOD-PRODUCTION; BLUE; FOOTPRINT; CLIMATE; GREEN; DIETS; SENSITIVITY; EMISSIONS; SCARCITY
WOS:000760587600001,2022,10.3390/w14030432,Crop Water-Saving Potential Based on the Stochastic Distance Function: The Case of Liaoning Province of China,stochastic frontier distance function; water footprint; water use efficiency; spatial-temporal variation characteristic,USE EFFICIENCY; IRRIGATION EFFICIENCY; RIVER-BASIN; PADDY RICE; FOOTPRINT; QUANTITY; FARMS; YIELD; WHEAT; BLUE
WOS:000875256900001,2022,10.3390/su142013649,Spatial Pattern of Water Footprints for Crop Production in Northeast China,crop water footprint; water consumption; rice; maize and soybean; grid level; Northeast China,CONSUMPTION; IMPACT; GREEN; BLUE
WOS:000513232600098,2020,10.3390/agronomy10010098,Assessment of Main Cereal Crop Trade Impacts on Water and Land Security in Iraq,cereal crops; virtual water trade; footprint; Iraq,FOOTPRINT; GREEN; BLUE; CONSUMPTION; NATIONS; FOOD
WOS:000448462700052,2018,10.3390/w10081018,Water Use and Rice Productivity for Irrigation Management Alternatives in Tanzania,Africa; deficit irrigation; food security; system of rice intensification; water conservation; water productivity,INTENSIFICATION SRI; USE EFFICIENCY; YIELD; NITROGEN; SYSTEM; GROWTH; BASIN
WOS:000522976800002,2020,10.1007/s42991-020-00021-1,Evaluating the effectiveness of footprint platforms to detect invasive mammals: coypu (Myocastor coypus) as a case study,Tracking plates; Myocastor coypus; Italy; Occupancy models; Detection,BEHAVIORAL ECOLOGY; MODEL SELECTION; HABITAT-USE; WETLAND; POPULATION; ERADICATE; RODENTIA; IMPACTS
WOS:000634808700001,2021,10.2166/ws.2021.068,"Consumptive water footprints, water use efficiencies and productivities of rice under alternate wetting and drying for Kharagpur, West Bengal, India",alternate wetting and drying; consumptive water footprint; crop water use efficiency; lysimeter; water productivity,GRAIN-YIELD; CROPPING SYSTEMS; CLIMATE-CHANGE; PADDY RICE; IRRIGATION; MANAGEMENT; BLUE; FERTILIZER; PRODUCTS; IMPACT
WOS:000720536800001,2021,10.1088/1748-9326/ac3604,Virtual nitrogen and phosphorus flow associated with interprovincial crop trade and its effect on grey water stress in China,crop trade; grey water footprint; grey water stress; nitrogen and phosphorus losses,POLLUTION LEVELS; FOOTPRINT; QUALITY; GLOBALIZATION; CALIBRATION; RESOURCES; TRANSFERS; QUANTITY; SYSTEMS; LOSSES
WOS:000620555800001,2021,10.3389/fsufs.2021.632199,Crop Production Allocations for Saving Water and Improving Calorie Supply in China,crop production allocation; blue water footprint; calorie production; multiple obecjtive optimization; provincial level,MULTIOBJECTIVE EVOLUTIONARY OPTIMIZATION; OPPORTUNITIES; CONSERVATION; RESOURCES; FOOTPRINT; ALGORITHM; SYSTEM; TRADE; REUSE
WOS:000351414900004,2015,10.1017/S0021859614000665,Carbon footprint of crop production in China: an analysis of National Statistics data,,EMISSION; TRADE; RICE
WOS:000535759400001,2019,10.3389/fsufs.2019.00105,A Climate Smartness Index (CSI) Based on Greenhouse Gas Intensity and Water Productivity: Application to Irrigated Rice,climate-smart agriculture; climate smartness index; rice; AWD; water management,NITROUS-OXIDE EMISSIONS; REDUCES METHANE EMISSION; PADDY FIELD; GRAIN-YIELD; TRIPLE-WINS; AGRICULTURE; MANAGEMENT; SUSTAINABILITY; MITIGATION; DROUGHT
WOS:000501205200306,2019,10.3390/su11216179,A Sustainability Assessment of Five Major Food Crops' Water Footprints in China from 1978 to 2010,water footprint; sustainability assessment; ecological economics; food crops; proper scale; distribution equity; allocation efficiency,RIVER-BASIN; INDICATORS; RESOURCES; FRAMEWORK; SCARCITY; EFFICIENCY; PROJECT; GROWTH; LEVEL
WOS:001400452900001,2025,10.1016/j.fcr.2025.109739,Dry direct-seeded and broadcast rice: A profitable and climate-smart alternative to puddled transplanted aus rice in Bangladesh,Tillage and crop establishment methods; Landscape positions; Climate-smart agriculture (CSA); Resource-conservation; Yield-scaled emissions,CROP ESTABLISHMENT METHODS; GREENHOUSE-GAS EMISSIONS; GANGES RIVER FLOODPLAIN; OUTPUT ENERGY ANALYSIS; METHANE EMISSION; USE EFFICIENCY; CONSERVATION AGRICULTURE; ORYZA-SATIVA; CARBON SEQUESTRATION; APRICOT PRODUCTION
WOS:001583300700001,2025,10.1016/j.plana.2025.100178,Harnessing carbon nanotubes for enhanced plant growth and sustainable agriculture: Opportunities and challenges,Sustainability; Agriculture; Carbon nanotubes; Plant growth; Gene delivery; Antimicrobial activity; Environmental stress,ANTIMICROBIAL ACTIVITY; NANOMATERIALS; MECHANISM; TOXICITY; IMPACT; RICE; EXPOSURE
WOS:001601671600001,2025,10.3390/infrastructures10100273,Optimizing Mortar Strength for Infrastructure Applications Using Rice Husk Ash and Municipal Solid Waste Incineration Ash,infrastructure development; sustainable mortar; MSWIA; rice husk ash; bottom ash; fly ash; strength performance,BOTTOM ASH; FLY-ASH; CONCRETE
WOS:001604748400006,2025,10.1007/s13201-025-02626-8,Comparative study of Acorus calamus and Cyperus alternifolius in rice husk biochar integrated constructed wetland systems for nitrogen removal,Nature-based solution; Aquatic macrophytes; Wastewater; Nitrogen mass balance; Microbial diversity,WATER
WOS:000369088600058,2015,10.3390/su71115548,Evaluation of Tourism Water Capacity in Agricultural Heritage Sites,agricultural heritage systems; sustainable tourism; tourism water footprint; tourism capacity,ECOLOGICAL KNOWLEDGE; MANAGEMENT; CONSUMPTION; FOOTPRINT
WOS:001486630800001,2025,10.3390/w17091262,Intermittent Rainfed Rice var. INIA 516 LM1: A Sustainable Alternative for the Huallaga River Basin,water footprint; irrigation schedule; pest; water productivity; sustainable water management,GREY WATER FOOTPRINT; EFFICIENCY; EVAPOTRANSPIRATION; PRODUCTIVITY; CONSUMPTION; MANAGEMENT; ADOPTION; YIELD; AREA
WOS:001523025100010,2025,10.1038/s41598-025-06858-1,"Ecological security assessment of rice production systems in arid regions: a multi-criteria assessment of Iranshahr and Saravan, Iran",Emergy analysis; Resilience; Water management; Soil degradation; Socio-ecological systems; Arid farming,SOIL QUALITY INDICATORS; FOOTPRINT ANALYSIS; DYNAMIC CHANGES; EMERGY; SUSTAINABILITY; CHINA
WOS:001638695600001,2026,10.1016/j.cemconcomp.2025.106422,How about improving the lime-hemp concrete properties using bio-based polymer additives?,Hemp concrete; Casein; kappa-carrageenan; HPMC; Hygrothermal-mechanical properties,PHYSICAL-MECHANICAL PROPERTIES; THERMAL-PROPERTIES; WATER-ABSORPTION; SURFACE TREATMENTS; BUILDING-MATERIALS; CELLULOSE ETHER; ACID CASEIN; FLAX SHIVE; RICE HUSK; MORTARS
WOS:001607761500001,2025,10.1016/j.cj.2025.06.017,Sustainable transition for cereal-based agri-food systems in China: Prospective advantages of whole-grain adoption,Agri-Food systems; Whole grains; Food transition; Food security; Emission reduction; Sustainability,CARDIOVASCULAR-DISEASE; CONSUMPTION; FIBER; RISK
WOS:001418546200001,2025,10.3390/foods14030528,Effects of Drip Irrigations with Different Irrigation Intervals and Levels on Nutritional Traits of Paddy Cultivars,paddy; irrigation interval; irrigation level; cultivar; nutritional traits,WATER-USE EFFICIENCY; PHYTIC ACID CONTENT; DROUGHT STRESS; PROXIMATE COMPOSITION; MINERAL ELEMENTS; DURUM-WHEAT; RICE; GRAIN; STARCH; L.
WOS:001595376800001,2025,10.1007/s43939-025-00267-x,A study on durability and microstructural analysis of high-strength concrete utilizing rice husk ash and non-biodegradable polyethylene,Interfacial transition zone (ITZ); OPC; Scanning electron microscopy (SEM); Rice husk ash; PET waste; Acid attack; Durability; High-strength concrete (HSC),REPLACEMENT; RESISTANCE; AGGREGATE; CEMENT; WASTE
WOS:001788808100001,2026,10.1016/j.cscm.2026.e06195,A two-stage framework for optimized carbonation curing in low-carbon cement valorizing waste biochar,Low-carbon cement; Waste biochar; Carbonation curing; CO2 sequestration; Orthogonal analysis,ACCELERATED CARBONATION; CONCRETE; PERFORMANCE; PROFILES; KINETICS; PASTE
WOS:001396623300001,2025,10.1016/j.cesys.2024.100238,Meta-analysis of yield-emission trade-off in direct seeded vs. puddled transplanted rice: Towards a cleaner and sustainable production,Mitigation; Carbon footprints; Direct seeded rice; Global warming potential; Puddled transplanted rice; Sustainability; Yield-emission trade-off,NITROUS-OXIDE EMISSIONS; METHANE EMISSION; FLOODED RICE; CONSERVATION AGRICULTURE; PADDY FIELDS; NO-TILLAGE; MANAGEMENT; SOILS; PERFORMANCE; CONVERSION
WOS:001001047400001,2023,10.1016/j.eti.2023.103184,A novel approach of utilizing the waste biomass in the magnetizing roasting for recovery of iron from goethitic iron ore,Biomass and biochar; Carbon -neutrality; Circular economy; Magnetizing roasting; Environment protection,CHEMICAL-CHARACTERIZATION; ENERGY-RESOURCES; REDUCTION; BENEFICIATION; EXTRACTION; TAILINGS; BEHAVIOR; COAL
WOS:000432102500016,2018,10.1016/j.jclepro.2018.03.202,Comparison of alkali and silica sources in one-part alkali-activated blast furnace slag mortar,Alkali activation; Blast furnace slag; Geopolymer; Microsilica; Rice husk ash,RICE HUSK ASH; FLY-ASH; WASTE GLASS; SODIUM-SILICATE; METAKAOLIN; STRENGTH; DURABILITY; EVOLUTION; CONCRETE; BEHAVIOR
WOS:001323781200001,2024,10.3390/soilsystems8030080,Coastal Salinity Management and Cropping System Intensification through Conservation Agriculture in the Ganges Delta,coastal region; cropping system; economics; irrigation; salinity; water footprint,SUSTAINABLE INTENSIFICATION; CARBON FRACTIONS; POOLS
WOS:001234436400001,2024,10.1016/j.isci.2024.109630,"Microplastic and adhesive free, multifunctional, circular economy approach-based biomass-derived drinking straws",,RICE STRAW; KINETICS
WOS:001372544400015,2024,10.1038/s41598-024-80808-1,"Menvironmental impacts of crop production systems in subtropical plateau regions: case study of Yunnan, China",Environmental impact; Life cycle assessment; Plateau region; Subtropics,NITROGEN USE EFFICIENCY; NUTRIENT USE EFFICIENCY; LIFE-CYCLE ASSESSMENT; SUSTAINABLE INTENSIFICATION; ECONOMIC-BENEFITS; WHEAT PRODUCTION; GRAIN-YIELD; MAIZE; RICE; FOOD
WOS:000944625100001,2023,10.1016/j.jclepro.2023.136249,"Resource use efficiencies, environmental footprints and net ecosystem economic benefit of direct-seeded double-season rice in central China",Carbon footprint; Direct seeding; Economic benefit; Nitrogen footprint; Resource use efficiency,NITROGEN; SYSTEMS; N2O; CHALLENGES; WATER; STRATEGIES; EMISSIONS; TILLAGE
WOS:000966235000001,2023,10.1016/j.conbuildmat.2023.130770,Hygrothermal properties of insulation materials from rice straw and natural binders for buildings,Thermal insulation; Hygric properties; Rice straw; Natural binder,ACOUSTICAL CHARACTERIZATIONS; PARAMETERS; COMPOSITE
WOS:001155989400001,2024,10.2166/ws.2024.016,The role of Kampar watershed in achieving sufficient rice production and sustaining agriculture,gray water; Riau province; rice farming; water footprint; water usage,CLIMATE-CHANGE; PROTECTED AREAS; IMPACTS
WOS:001077126900001,2023,10.3389/fphar.2023.1243961,"The in vitro effects of black soldier fly larvae (Hermitia illucens) oil as a high-functional active ingredient for inhibiting hyaluronidase, anti-oxidation benefits, whitening, and UVB protection",Hermitia illucens; black soldier fly; oil; anti-oxidation; whitening; hyaluronidase inhibition; UV protection; cosmetic application,LINOLEIC-ACID; FATTY-ACIDS; HERMETIA-ILLUCENS; EXTRACT; LIPIDS; INSECTS; STABILITY; LECITHINS; PROTEINS
WOS:000646268400040,2021,10.1017/S1368980020003729,"Designing a healthy, low-cost and environmentally sustainable food basket: an optimisation study",Sustainable diets; Food consumption; Environmental impact; Iran,GREENHOUSE-GAS EMISSIONS; NUTRIENT DENSITY; ENERGY DENSITY; DIETS; CONSUMPTION
WOS:001145204100001,2023,10.3390/ma16186105,Assessment of Wood Bio-Concrete Properties Modified with Silane-Siloxane,wood bio-concrete; silane-siloxane; bio-aggregates; water absorption; durability,
WOS:000797805700001,2022,10.3389/fpls.2022.895402,Shifting Rice Cropping Systems Mitigates Ecological Footprints and Enhances Grain Yield in Central China,double rice; conversion; ratoon rice; rice-wheat; carbon footprint; nitrogen footprint; water footprint,NITROGEN FOOTPRINT; CARBON FOOTPRINT; WATER FOOTPRINT; PRODUCTIVITY; EFFICIENCY
WOS:000608686200004,2021,10.1016/j.ceramint.2020.10.059,Evaluation of locally available amorphous waste materials as a source for alternative alkali activators,Alkali-activated materials; Alternative activators; Waste glass; Waste mineral wool; Cathode-ray tube glass; Solubility,RICE HUSK ASH; SODIUM-SILICATE; GLASS POWDER; GEOPOLYMER; CEMENT; MICROSTRUCTURE; DISSOLUTION; STRENGTH; SLAG
WOS:000692553100001,2021,10.3389/fpls.2021.684205,Breeding Driven Enrichment of Genetic Variation for Key Yield Components and Grain Starch Content Under Drought Stress in Winter Wheat,breeding progress; drought; GWAS; LD block; MTAs; QTL; yield components,GROWTH-STAGES; HEAT-STRESS; TOLERANCE; ADAPTATION; QUALITY; TRAITS; RICE; RESISTANCE; MECHANISMS; SELECTION
WOS:001025426300006,2023,10.30638/eemj.2023.036,GREEN SYNTHESIS OF SI-NPS FROM RICE AND WHEAT HUSK AND THEIR APPLICATIONS IN NANOCOMPOSITE SHEETS,agricultural waste; bio-nanocomposite sheets; casting; mechanical properties; water absorption capacity,SILICA NANOPARTICLES; BIOMASS; WASTE; ASH
WOS:000721004700058,2021,10.1017/S136898002100402X,Association between the socio-economic status of households and a more sustainable diet,Socio-economic status; Sustainable diet; Environmental impact; Food choice; Iran,NUTRITION TRANSITION; FOOD SECURITY; CONSUMPTION; AVAILABILITY; CHOICES; TRENDS; BLUE
WOS:000518042000284,2019,10.3390/app9245549,The Influence of Thermo-Mechanical Activation of Bentonite on the Mechanical and Durability Performance of Concrete,bentonite; compressive strength; sorptivity; acid attack resistance; durability of concrete; eco-efficient binder; low-cost binder,RICE HUSK ASH; FLY-ASH; POZZOLANIC ACTIVITY; RECYCLED CONCRETE; THERMAL-TREATMENT; HIGH-VOLUME; REACTIVITY; STRENGTH; MONTMORILLONITE; KINETICS
WOS:000867243200001,2022,10.3390/rs14195022,Spatial Representativeness of Eddy Covariance Measurements in a Coniferous Plantation Mixed with Cropland in Southeastern China,eddy covariance; spatial representativeness; footprint climatology; fraction of target vegetation type (FTVT); sensor location bias; subtropical coniferous plantation,GROSS PRIMARY PRODUCTION; NET ECOSYSTEM EXCHANGE; CARBON-DIOXIDE; CHLOROPHYLL FLUORESCENCE; WATER-VAPOR; FLUX MEASUREMENTS; SONIC ANEMOMETER; ENERGY FLUXES; NORTH CHINA; EVAPOTRANSPIRATION
WOS:000870697000010,2022,10.18520/cs/v123/i7/881-886,"Estimation and comparison of energy input-output and efficiency indices for rice-wheat agroecosystems of Doon Valley, India",Agriculture; energy productivity; efficiency indices; global warming; rice-wheat system,CROPPING SYSTEMS; GHG EMISSIONS; CONSUMPTION; PATTERN
WOS:000726939200001,2021,10.3390/su132111633,Evolution of the Global Scientific Research on the Environmental Impact of Food Production from 1970 to 2020,environmental analysis; food production; bibliometric study; citation number; authors; affiliations; Scopus,CLIMATE-CHANGE VULNERABILITY; CARBON FOOTPRINT; BIBLIOMETRIC ANALYSIS; IMPLEMENTATION; QUALITY; WHEAT
WOS:000638910400001,2021,10.3390/su13073951,Lifecycle Assessment of Monosodium Glutamate Made from Non-Edible Biomass,lifecycle assessment; monosodium glutamate; carbon footprints; water scarcity footprints; air pollution footprints,
WOS:000524899603014,2020,10.3390/su12031180,Sustainable Irrigation Management in Paddy Rice Agriculture: A Comparative Case Study of Karangasem Indonesia and Kunisaki Japan ocr,sustainable irrigated agriculture; irrigation efficiency; social capital; traditional agriculture; GIAHS; sustainable water resource management; water footprint,WATER; LANDSCAPE; SATOYAMA; TEMPLE
WOS:000362511200027,2015,10.1371/journal.pone.0140023,Exploiting Co-Benefits of Increased Rice Production and Reduced Greenhouse Gas Emission through Optimized Crop and Soil Management,,NITROGEN-FERTILIZER APPLICATION; IRRIGATED RICE; NUTRIENT MANAGEMENT; USE EFFICIENCY; ENVIRONMENTAL-QUALITY; METHANE EMISSION; FOOD SECURITY; PADDY FIELDS; YIELD GAPS; GRAIN
WOS:001503071000002,2025,10.1038/s41598-025-02896-x,"Irrigation and primary nutrients' performance on winter maize productivity, profitability, energetics, and carbon footprint in Gangetic plains of India",Carbon footprint; Depletion of available soil moisture; Energetics; Irrigation; Maize productivity and profitability; Primary nutrients,WATER-USE EFFICIENCY; ENERGY USE; PRODUCTION SYSTEMS; ECONOMIC-ANALYSIS; NITROGEN; YIELD; CONSERVATION; AGRICULTURE; MANAGEMENT; NUTRITION
WOS:001409626500004,2025,10.1038/s41467-025-56022-6,Deepening water scarcity in breadbasket nations,,FOOD; FOOTPRINT; REVEALS
WOS:001047450000001,2023,10.1016/j.jia.2022.12.005,The potential of green manure to increase soil carbon sequestration and reduce the yield-scaled carbon footprint of rice production in southern China,green manure; paddy soil; soil carbon sequestration; carbon footprint,WINTER COVER CROP; ORGANIC-CARBON; GAS EMISSIONS; PADDY SOIL; MILK VETCH; CULTIVATION; METHANE; N2O; CH4; MANAGEMENT
WOS:001315299800001,2024,10.1016/j.energy.2024.133131,"Impact of conservation agriculture and weed management on carbon footprint, energy efficiency, and sustainability in maize-wheat cropping systems",Conventional tillage; Crop rotation; GHGs emission; Energy utilization; Environmental pollution; Soil organic carbon,WATER-USE EFFICIENCY; CLAY LOAM SOIL; GANGETIC PLAINS; YIELD TRENDS; RICE; TILLAGE; PRODUCTIVITY; EMISSIONS; SEQUESTRATION; TECHNOLOGIES
WOS:000949320200001,2023,10.1002/jsfa.12524,Land footprint and GHG emissions from global food loss,agricultural land use; cropland area; climate change; food loss; food security; sustainable development,ENVIRONMENTAL IMPACTS; LOSS REDUCTION; WASTE; SUSTAINABILITY; WATER; DEFORESTATION; AGRICULTURE; RESOURCES; CROPLAND; OPTIONS
WOS:001419256200001,2025,10.3390/w17030288,A Study on the Characteristics and Influencing Factors of the Global Grain Virtual Water Trade Network,virtual water; grain trade; social network analysis; QAP regression analysis,FOOTPRINT
WOS:001588617900001,2025,10.1038/s43016-025-01231-x,Global spatially explicit crop water consumption shows an overall increase of 9% for 46 agricultural crops from 2010 to 2020,,FRESH-WATER; FOOD; FOOTPRINT; GREEN; BLUE
WOS:001458791700001,2025,10.1016/j.agwat.2025.109456,Resilience assessment of interprovincial crop virtual water flow network in China,Complex network; Topological structure; Shock simulation; Vulnerability; Water footprint,CLIMATE-CHANGE; TRADE; FOOD; EVOLUTION; FOOTPRINT; TRANSFERS; PRINCIPLES; RESOURCES; SYSTEMS; GREEN
WOS:001762757500001,2026,10.1016/j.indcrop.2026.123384,Valorization of rice straw into high-purity lactic acid with reduced enzyme cost and waste footprint,Rice straw; Lignocellulosic biomass; Lactic acid; Simultaneous Saccharification and Fermentation; Ion exchange resin; Biorefinery integration,SIMULTANEOUS SACCHARIFICATION; FERMENTATION; RECOVERY; TEMPERATURE; HYDROLYSIS; SEPARATION; ADSORPTION; BAGASSE; WATER
WOS:001014197400001,2023,10.3390/c9020037,Replacing Lime with Rice Husk Ash to Reduce Carbon Footprint of Bituminous Mixtures,sustainability; carbon footprint; rice husk ash; lime; silica; asphalt; concrete; roadways,HOT MIX ASPHALT; FLY-ASH; FILLERS; AGGREGATE; BITUMEN
WOS:001481590000001,2025,10.3389/fsufs.2025.1359281,"Impact of nine years of conservation tillage and precise nutrient management on equivalent yields, soil microbial dynamics, and water-energy footprints of the maize-mustard rotation",conservation tillage; soil microbial dynamics; nutrient expert-system; water-energy footprints; equivalent yields,TERM NO-TILL; CROPPING SYSTEM; WHEAT SYSTEM; AGRICULTURE; PRODUCTIVITY; QUALITY; BIOMASS; RICE; FERTILIZATION; PROFITABILITY
WOS:001456323300004,2025,10.2166/wcc.2025.581,"Effects of crop planting structure optimization on water-saving, environmental, and economic multibenefits in Northeast China",planting structure optimization; water footprint; water pollution; water scarcity; water use benefit; water use efficiency,FOOTPRINT; SUSTAINABILITY; SECURITY; RESOURCE; SCARCITY; PROVINCE
WOS:001565562200002,2025,10.1016/j.nexus.2025.100509,Achieving environmental stewardship through climate-smart agriculture practices in intensive cereal systems of North-western India: Effects on energy-water-carbon footprints,Climate-smart agriculture; Environmental sustainability; Energy use efficiency; Energy-water-nitrogen footprints; Global warming potential; Subsurface drip irrigation,LONG-TERM IMPACT; MAIZE ZEA-MAYS; CONSERVATION AGRICULTURE; ORGANIC-CARBON; DRIP IRRIGATION; YIELD; WHEAT; SOIL; PRODUCTIVITY; FERTIGATION
WOS:001339016200001,2024,10.1016/j.agwat.2024.109110,Enhancing agricultural sustainability with water and crop management strategies in modern irrigation and drainage networks,Water footprint; Drip irrigation; Mulching; Sustainable blue water; Yield gap,AQUACROP MODEL; WINTER-WHEAT; FOOTPRINT REDUCTION; DEFICIT IRRIGATION; RICE PRODUCTION; USE EFFICIENCY; PRODUCTIVITY; YIELD; OPTIMIZATION; GREEN
WOS:001287045500001,2024,10.3390/w16152077,Crop Water Use and a Gravity Model Exploration of Virtual Water Trade in Ghana's Cereal Agriculture,cereals; crop water use; gravity model; virtual water; water footprint; Ghana,FLOWS; GREEN
WOS:001669218400001,2026,10.1016/j.jia.2024.07.025,Exploring strategies for agricultural sustainability in super hybrid rice using the food-carbon-nitrogen-water-energy-profit nexus framework,super hybrid rice; ecological footprint; rice production; integrated crop management; sustainability,GREENHOUSE-GAS EMISSIONS; GRAIN-YIELD; MANAGEMENT; FERTILIZER; EFFICIENCY; FOOTPRINT; CHINA
WOS:001210066000001,2024,10.3390/agriculture14040585,Can the Integration of Water and Fertilizer Promote the Sustainable Development of Rice Production in China?,energy use efficiency; carbon footprint; greenhouse gas; economic benefits,GREENHOUSE-GAS EMISSIONS; INPUT-OUTPUT-ANALYSIS; ENERGY USE; PADDY FIELD; NITROGEN; FERTIGATION; AGRICULTURE; PROVINCE; REGIONS; SYSTEMS
WOS:001658468100001,2026,10.3390/w18010122,Virtual Water and Agricultural Sustainability: Unraveling the Trade-Water Nexus in Ecuador's Crop Sector Through Empirical Modeling,Ecuador; virtual water trade; water footprint; food security; Logarithmic Mean Divisia Index (LMDI),
WOS:001365600800001,2024,10.3390/land13111756,Identifying the Complexity of the Food-Energy-Water Nexus Based on Emergy Analysis in Crop Production Systems of China,food-energy-water; crop production system; spatiotemporal changes; emergy analysis; China,TRADE-OFFS; SUSTAINABILITY; FOOTPRINT; SECURITY; LAND; CONSTRAINTS; MANAGEMENT; SERVICES; SUPPORT; POLICY
WOS:001788155500001,2026,10.1016/j.agwat.2026.110502,Improving net carbon balance and irrigation water productivity of subtropical organic double-rice cropping through a near-saturation water-saving management,Organic rice farming; Near-saturation; Water-saving; CH4 mitigation; Net carbon balance; Irrigation water productivity,NITROUS-OXIDE EMISSIONS; N2O EMISSIONS; STRAW INCORPORATION; METHANE EMISSION; USE EFFICIENCY; PADDY FIELDS; SOIL; SYSTEMS; YIELD; CH4
WOS:001148907900001,2024,10.3390/agronomy14010166,Assessment of Blue Water Migration and Efficiency in Water-Saving Irrigation Paddy Rice Fields Using the Water Flow Tracking Method,agricultural water management; irrigation and drainage patterns; water balance; field observation; fuzzy comprehensive evaluation,CROP PRODUCTION; FOOTPRINT REDUCTION; MANAGEMENT; SCARCITY; IMPACTS; YIELD; WHEAT
WOS:001390953200004,2024,10.36956/rwae.v5i4.1120,Water and Future Markets in Pakistan: A Dynamic CGE-Water Framework,Water; Welfare; Agriculture; Industry; Trade; Climate change,CLIMATE-CHANGE; AGRICULTURE; ADAPTATION; FOOTPRINT; SCARCITY; IMPACTS
WOS:001027591900001,2023,10.3389/fsufs.2023.1173916,"Effect of different rice planting methods on the water, energy and carbon footprints of subsequent wheat",direct-seeded rice; wheat; footprint; energy; production efficiency; net ecosystem economic benefits,GREENHOUSE-GAS EMISSIONS; CROP MANAGEMENT-PRACTICES; USE EFFICIENCY; OPTIMIZATION APPROACH; SENSITIVITY-ANALYSIS; ECONOMICAL ANALYSIS; PRODUCTION SYSTEMS; TILLAGE PRACTICES; USE PATTERN; CULTIVATION
WOS:001133864900001,2023,10.1016/j.nexus.2023.100205,Land suitability class and implications to Land-Water-Food Nexus: A case of rice cultivation in Thailand,Nexus; Rice; Land suitability; Water scarcity footprint; Geographic information system (GIS),ENERGY-FOOD; AGRICULTURAL LAND; CONSUMPTION; CROPS; FLOWS
WOS:001276798400042,2024,10.1038/s41598-024-66696-5,"Designing a productive, profitable integrated farming system model with low water footprints for small and marginal farmers of Telangana",Small and marginal farmers; Integrated farming system; Telangana; Sustainable yield index; Water footprint,LIVELIHOOD; SECURITY
WOS:001064941300001,2023,10.1016/j.agwat.2023.108485,Resilience assessment of blue and green water resources for staple crop production in China,Water footprint; Social-ecological system; Resistance; Absorptive capacity; Adaptive capacity; Transformative capacity,SUSTAINABLE DEVELOPMENT; CLIMATE-CHANGE; SYSTEM; TRANSFORMATION; PRINCIPLES; MANAGEMENT; FOOTPRINTS; FRAMEWORK; LAND
WOS:000416616100015,2018,10.1016/j.agee.2017.10.006,Can productivity and profitability be enhanced in intensively managed cereal systems while reducing the environmental footprint of production? Assessing sustainable intensification options in the breadbasket of India,Sustainable intensification; Zero-tillage; Global warming potential; Terminal heat stress; Direct-seeded rice; Sustainability,RICE-WHEAT ROTATION; DIRECT-SEEDED RICE; AEROBIC MONOCROPPING RESPONSES; CROP ESTABLISHMENT METHODS; CONSERVATION AGRICULTURE; GANGETIC PLAINS; SOUTH-ASIA; PHYSICAL-PROPERTIES; WEED MANAGEMENT; HAPPY SEEDER
WOS:001149690700001,2024,10.1016/j.ejrh.2023.101641,Blue-green water migration and utilization efficiency under various irrigation-drainage measures applied to a paddy field,Agro-hydrology; Blue-green water; Water use efficiency; Irrigation-drainage measure; Paddy rice,FOOTPRINT; PRODUCTIVITY; CLIMATE; MAIZE
WOS:001132078200001,2023,10.1016/j.spc.2023.11.020,Balancing water use and nutrition for crop production in a highly dense population - Bangladesh,Crop water consumption; Carrying capacities of freshwater; Nutrient density score; Sustainable crop production and consumption,ENVIRONMENTAL IMPACTS; CLIMATE-CHANGE; CONSUMPTION; FOOTPRINT; BIODIVERSITY
WOS:000826826300002,2022,10.1016/j.watres.2022.118803,Inputs for staple crop production in China drive burden shifting of water and carbon footprints transgressing part of provincial planetary boundaries,Crop production; Agricultural inputs; Water footprint; Carbon footprint; Planetary boundary; China,GREENHOUSE-GAS EMISSIONS; USE EFFICIENCY; CLIMATE-CHANGE; WHEAT; BLUE; CONSUMPTION; TRANSFERS; IMPACT
WOS:000869916900001,2023,10.1002/sd.2427,Developing a new water-energy-food-greenhouse gases nexus tool for sustainable agricultural landscape management,crop pattern; economic productivity; energy; food nexus; greenhouse gas; index development; optimization; sustainable development; water,CARBON FOOTPRINT; CROP PRODUCTION; EMISSIONS; SYSTEMS; INPUTS
WOS:000829575800001,2022,10.1088/1748-9326/ac80cf,Climate change impacts on water sustainability of South African crop production,water sustainability; water debt indicator; South African crop production; water resources; food security; water footprint; climate change,FOOTPRINT ASSESSMENT; YIELD; DROUGHT; SORGHUM
WOS:000780533100001,2022,10.3390/ijerph19074119,"Savings and Losses of Scarce Virtual Water in the International Trade of Wheat, Maize, and Rice",international cereal trade; virtual water trade; water scarcity; water savings and losses; virtual scarce water,FOOD-CONSUMPTION; FOOTPRINT; RESOURCES; POLLUTION; IMPACTS; FLOWS
WOS:000895695000006,2021,10.1016/j.crsust.2021.100070,"Synergies and tradeoffs among yield, resource use efficiency, and environmental footprint indicators in rice systems",Rice; Sustainability; Carbon footprint; Nitrogen use efficiency; Environmental impact; Tradeoffs,GREENHOUSE-GAS EMISSIONS; SUSTAINABLE INTENSIFICATION; MANAGEMENT-PRACTICES; NITROGEN-FIXATION; IMPACT ASSESSMENT; FARMING SYSTEMS; WHITE CLOVER; ENERGY; SOILS; WATER
WOS:000435188000032,2018,10.3390/su10040928,Carbon Footprint and Driving Forces of Saline Agriculture in Coastally Reclaimed Areas of Eastern China: A Survey of Four Staple Crops,saline agriculture; coastally reclaimed area; staple crops; life cycle assessment; carbon footprint; Greenhouse Gas Emissions,GREENHOUSE-GAS EMISSIONS; ENERGY USE; CYCLE; SYSTEMS; FEEDS
WOS:000642482900001,2021,10.1016/j.advwatres.2021.103892,The Land-Water-Food-Environment nexus in the context of China's soybean import,Land-water-food-environment nexus; Nitrogen application; Soybean trade; Virtual water; Virtual land,ALTERNATIVE CROPPING SYSTEMS; VIRTUAL WATER; INTERNATIONAL-TRADE; DRIVING FACTORS; FOOTPRINT; ENERGY; CONSUMPTION; TRANSFERS; SECURITY; LOSSES
WOS:000747756400001,2022,10.3390/agronomy12010226,Planting Period Effects on Wheat Productivity and Water Footprints: Insights through Adaptive Trials and APSIM Simulations,adaptive trials; APSIM modelling; blue water; sowing time; water productivity,PHOSPHOGYPSUM-ENRICHED UREA; SUMMER FORAGE CROPS; TRITICUM-AESTIVUM; USE EFFICIENCY; CLIMATE-CHANGE; IRRIGATION REGIMES; SOIL QUALITY; YIELD; RICE; FERTILIZATION
WOS:000808595200001,2022,10.3390/su14116682,An Analysis of Water Use Efficiency of Staple Grain Productions in China: Based on the Crop Water Footprints at Provincial Level,water footprint of grain production; green water footprint; blue water footprint; agricultural water productivity; water use efficiency; North-to-South Grain Transportation; sustainable water use,WINTER-WHEAT; GREEN; BLUE; PERSPECTIVE; MANAGEMENT; RESOURCES
WOS:000861665900001,2022,10.3389/frwa.2022.941722,"The water-energy nexus in irrigated agriculture in South Asia: Critical hotspots of irrigation water use, related energy application, and greenhouse gas emissions for wheat, rice, sugarcane, and cotton in Pakistan",food-energy-water systems; energy footprint; carbon footprint; irrigation; Pakistan,REDUCING CARBON EMISSIONS; MANAGEMENT; FOOD
WOS:000443176100002,2018,10.1126/sciadv.aao1108,Alternative cereals can improve water use and nutrient supply in India,,FOOD-PRODUCTION; CLIMATE-CHANGE; FOOTPRINT; CROPS; AGRICULTURE; GREEN
WOS:000839131900001,2022,10.3390/ijerph19159527,Changes in the Water-Energy Coupling Relationship in Grain Production: A Case Study of the North China Plain,water-energy relation; grain production; coupling index; FEW nexus; staple food,LIFE-CYCLE ASSESSMENT; WHEAT PRODUCTION; FOOD NEXUS; MODEL; IRRIGATION; YIELD; MANAGEMENT; FOOTPRINT; PATTERNS; IMPACTS
WOS:000410376100001,2017,10.1088/1748-9326/aa5556,"An urban systems framework to assess the trans-boundary food-energy-water nexus: implementation in Delhi, India",food energy water nexus; urban system; trans-boundary infrastructure footprints; coupled water-energy-GHG footprints; supply-chain; risk; ground water vulnerability; sustainability,CARBON FOOTPRINT; CITIES; CITY
WOS:000379032900005,2016,10.1590/1809-4430-Eng.Agric.v36n2p260-270/2016,CARBON FOOTPRINT OF THE COLOMBIAN COCOA PRODUCTION,Carbon footprint; climate changes; global warming potential; Theobroma cacao L.,LIFE-CYCLE ASSESSMENT; GREENHOUSE-GAS EMISSIONS; ENVIRONMENTAL IMPACTS; WATER FOOTPRINT; RICE PRODUCTION; CROP PRODUCTION; ENERGY; VARIABILITY; PROVINCE; NATIONS
WOS:000699867100001,2022,10.2166/ws.2021.322,Virtual water trade and its implications on water sustainability,virtual water export; virtual water import; virtual water trade; water footprint; water sustainability,FOOD; FOOTPRINT; SCARCITY; DEMAND; FLOWS; NEED
WOS:000781277100001,2022,10.3390/en15072605,Environmental Valorization of Rice Waste as Adsorbent Material for the Removal of Nitrates from Water,nitrate removal; life-cycle assessment; waste valorization; rice straw,LIFE-CYCLE ASSESSMENT; LOW-COST ADSORBENTS; STRAW; POLLUTANTS; ADSORPTION
WOS:000462105700028,2019,10.1016/j.ecolecon.2019.01.032,International trade of global scarce water use in agriculture: Modeling on watershed level with monthly resolution,Water scarcity; International trade; Water footprint; Multi-regional input-output analysis; MRIO; WF; Displacement,ENVIRONMENTAL IMPACTS; VIRTUAL WATER; FOOTPRINT; INPUT; CONSUMPTION; CRITIQUE; CARBON
WOS:000464660000036,2019,10.1029/2018WR023146,Water Debt Indicator Reveals Where Agricultural Water Use Exceeds Sustainable Levels,sustainability; water footprint; water depletion; food production; groundwater; irrigation demand,SURFACE-WATER; GROUNDWATER; FOOD; LAND; SCARCITY; AQUIFERS; IMPACTS
WOS:000474419000006,2019,10.1088/1748-9326/ab2108,Do alternative irrigation strategies for rice cultivation decrease water footprints at the cost of long-term soil health?,alternate wetting and drying; mid-season drainage; soil organic carbon; rice; carbon dioxide; methane; nitrous oxide,GREENHOUSE-GAS EMISSIONS; ORGANIC-MATTER; DRYING IRRIGATION; SAVING IRRIGATION; CARBON STOCKS; PADDY FIELDS; MANAGEMENT; YIELD; FERTILIZATION; INCREASE
WOS:000606742400003,2021,10.1016/j.agwat.2020.106602,Closing yield and harvest area gaps to mitigate water scarcity related to China's rice production,Yield gap; Cropping intensity; Water footprint; Cropping redistribution; Sustainable agriculture; Freshwater use,SOURCE GEOSPATIAL TOOL; FAO CROP MODEL; FOOD-PRODUCTION; IMPACTS
WOS:000508610900002,2020,10.5194/hess-24-307-2020,Assessment of potential implications of agricultural irrigation policy on surface water scarcity in Brazil,,FOOTPRINT; REQUIREMENTS; GREEN; LAND; BLUE; CROPLAND; IMPACTS; SYSTEMS; SAVINGS; DEMAND
WOS:000531558100294,2020,10.3390/su12072869,How High-Quality Urbanization Affects Utilization Efficiency of Agricultural Water Resources in the Yellow River Basin under Double Control Action?,water utilization efficiency; high-quality urbanization; double control action; the Yellow River Basin,PANEL-DATA; ECONOMIC-GROWTH; CHINA; PRODUCTIVITY; FOOTPRINT; SCARCITY; NORTH
WOS:000391183600001,2017,10.1038/srep39855,Improving rice production sustainability by reducing water demand and greenhouse gas emissions with biodegradable films,,NITROUS-OXIDE EMISSIONS; PRODUCTION SYSTEM; LOWLAND RICE; AMMONIA VOLATILIZATION; METHANE EMISSION; USE EFFICIENCY; N2O EMISSIONS; PADDY FIELDS; SOIL; FLUXES
WOS:000432475300153,2018,10.1016/j.scitotenv.2018.03.306,Water resources conservation and nitrogen pollution reduction under global food trade and agricultural intensification,Food trade; Water resources conservation; Nitrogen pollution reduction; Agricultural intensification; PEPIC; GTAP,VIRTUAL WATER; CROP PRODUCTION; INTERNATIONAL-TRADE; FOOTPRINT; MODEL; SECURITY; FLOWS; GLOBALIZATION; SCENARIOS; TRANSFERS
WOS:000390432700006,2017,10.1016/j.advwatres.2016.11.015,Water limits to closing yield gaps,Irrigation water; Yield gap; Freshwater resources; Food production; Water scarcity,VIRTUAL WATER; FOOD DEMAND; LAND; PRODUCTIVITY; FOOTPRINT; DIETS; GREEN; BLUE
WOS:000463025900026,2019,10.5004/dwt.2019.23841,Assessing water scarcity in Malaysia: a case study of rice production,Water consumption; Water footprint; Water stress index; Water resources; Water management; Water withdrawal; Malaysia,FRESH-WATER; CROPS PRODUCTION; FOOTPRINT; CONSUMPTION; GREEN; BLUE
WOS:000691588400012,2021,10.1016/j.scitotenv.2021.148340,Biogas feedstock potentials and related water footprints from residues in China and the European Union,EU and Chinese biogas potentials; Agricultural residues; Forestry residues; Residue availability; Biogas water footprint; Comparative assessment,AVAILABILITY; AGRICULTURE; WASTE; SOIL
WOS:000733777300005,2021,10.4081/jae.2021.1197,Cropping pattern simulation-optimization model for water use efficiency and economic return,AquaCrop-OS; nonlinear optimization; profitability; spatial distribution; water availability,YIELD RESPONSE; AQUACROP; CALIBRATION; FOOTPRINT
WOS:000369512800014,2016,10.3390/w8010030,Anthropogenic Nitrogen and Phosphorus Emissions and Related Grey Water Footprints Caused by EU-27's Crop Production and Consumption,nitrogen and phosphorus emission; diffuse pollution; grey water footprint; consumption; multi-regional input-output analysis,HARMFUL ALGAL BLOOMS; CORN STOVER; LIVESTOCK; TRENDS; EUTROPHICATION; POLLUTION; FLOWS; LOADS; MODEL; WORLD
WOS:000489768900006,2019,10.1016/j.iswcr.2019.07.001,Drought and conflicts at the local level: Establishing a water sharing mechanism for the summer-autumn rice production in Central Vietnam,Adaptation; Agriculture; Climate change; Governance; Rice production; Water sharing,CLIMATE-CHANGE; IMPACTS; VULNERABILITY; FOOTPRINT; MAIZE
WOS:000644938800001,2021,10.2166/wp.2021.168,Trans-regional rice supply paradigm reveals unsustainable water use in China,Food trade; Rainwater use efficiency; Rice supply; Sustainability; Water footprint,FOOD SECURITY; FOOTPRINT; RESOURCES; SCARCITY; TRADE; YIELD
WOS:000502264700078,2019,10.3390/agronomy9110744,Future Wheat Yield Variabilities and Water Footprints Based on the Yield Sensitivity to Past Climate Conditions,climate change; yield trend; water consumption; semiarid condition; Pakistan,FAO CROP MODEL; AGRICULTURAL PRODUCTION; INDUS BASIN; EVAPOTRANSPIRATION; IMPACTS; TRENDS; GREEN; RICE; BLUE; VULNERABILITY
WOS:000372300600004,2016,10.1007/s13280-015-0720-2,Sustaining food self-sufficiency of a nation: The case of Sri Lankan rice production and related water and fertilizer demands,Self-sufficiency; Food security; Agricultural intensification; Water footprint; Nitrogen runoff; Water resources,CLIMATE-CHANGE; CROP PRODUCTION; RESOURCES; FOOTPRINT; IMPACTS; TRENDS; GREEN; BLUE
WOS:001050792600001,2018,10.3389/fsufs.2018.00067,Replacing Imports of Crop Based Commodities by Domestic Production in Finland: Potential to Reduce Virtual Water Imports,dietary changes; displaced impacts; food consumption; international trade; local production; virtual water; water footprints,
WOS:000677076300001,2021,10.3390/su13147586,Decomposition Analysis of Global Water Supply-Demand Balances Focusing on Food Production and Consumption,water balance index; modified Laspeyres index method; water footprint; blue water; food supply-demand balances; global analysis,RESOURCES; ENERGY; FOOTPRINT; PERFECT; MODEL
WOS:000502264500061,2019,10.3390/w11112259,Sustainable Water Use for International Agricultural Trade: The Case of Pakistan,sustainability; agriculture; virtual water trade; blue; green,VIRTUAL-WATER; CONSUMPTION; FOOTPRINT; EVOLUTION; SCARCITY; SOUTHERN; PATTERNS; CROPS; FLOWS; MODEL
WOS:000449009400003,2015,10.1016/j.spc.2015.08.001,Environmental sustainability issues in the food-energy-water nexus: Breakfast cereals and snacks,Breakfast cereals; Global warming potential; Water footprint; Energy consumption; Life cycle assessment; Food-energy-water nexus,LIFE-CYCLE ASSESSMENT; CORN
WOS:001385283700001,2025,10.1088/1748-9326/ada0ca,"Socio-economic, environmental and health impacts of dietary transformation in Bangladesh",food system transformation; Bangladesh; trade-offs; global economic model; sustainable and healthy diets; environmental footprints,EAT-LANCET DIET; CLIMATE-CHANGE; LAND-USE; RISK; SUSTAINABILITY; ADHERENCE; POLICY; MODEL
WOS:001512788100032,2025,10.1038/s41598-025-05242-3,Enhancing greenhouse cucumber production and quality utilizing organic residues as potting media through various cultivation modes and assessing application economics,Substrate media culture; Cucumber; Growth; Irrigation water productivity; Fruit quality; Photosynthesis,WATER-USE EFFICIENCY; GROWTH; PHOTOSYNTHESIS; SAWDUST; COMPOST; WASTE; STRAW; SOIL
WOS:001497854400001,2025,10.1186/s12284-025-00806-3,The Relationship between Anaerobic Germination Capacity and Submergence Tolerance in Rice Seedlings,Flood tolerance; Hydrophobicity; Leaf gas films; Non-structural carbohydrates; <italic>Oryza sativa</italic>; Photosynthetic parameters; Recovery; Underwater photosynthesis.,UNDERWATER PHOTOSYNTHESIS; GAS FILMS; FLOODING TOLERANCE; ORYZA-SATIVA; CO2; MECHANISMS; AERATION; GROWTH; O-2; LIGHT
WOS:001508538200001,2025,10.1007/s41062-025-02071-1,Sustainable high-strength concrete: enhancing performance with sugarcane leaf and sugar beet ash,Sustainable eco-friendly concrete; Agricultural by-products; Supplementary cementitious waste materials; Sugar production wastes; SLA; SBA; FA,FLY-ASH; BAGASSE ASH; POZZOLANIC PROPERTIES; CHLORIDE DIFFUSIVITY; PORTLAND-CEMENT; RESISTANCE; RESIDUES
WOS:001389294300001,2025,10.1007/s10668-024-05893-8,Consumer preferences and valuation for sustainably produced rice in Ghana,Consumer preferences; Willingness to pay; Sustainable Rice Platform; Rice; Ghana,WILLINGNESS-TO-PAY; FOOD; SYSTEMS; WATER; DEMAND; CHOICE; TRADE
WOS:001554139600001,2025,10.1016/j.cj.2025.05.011,Optimizing the rotation cycle of previous crops increases crop yield and environmental sustainability in paddy field rotation,Crop rotation; Rapeseed; Wheat; Environmental sustainability; Soil health,GREENHOUSE-GAS EMISSIONS; SOIL ORGANIC-CARBON; SYSTEM; MANAGEMENT; CHINA; PLANT; WATER; DIVERSIFICATION; FERTILITY; DIVERSITY
WOS:000365369600026,2015,10.1016/j.ecolmodel.2014.12.021,"Urbanization, agricultural water use, and regional and national crop production in China",Urbanization; Agricultural water use; Crop areas; Crop production; Regional and national level in China,NORTHERN CHINA; MANAGEMENT; FOOTPRINT; ECONOMY; POLICY; FOOD
WOS:001581169000039,2025,10.1038/s41598-025-18138-z,An innovative approach to enhancing the strength and durability of recycled aggregate concrete through fly ash-silica fume coating and rice husk ash supplementation,Recycled aggregate concrete; Slurry coating; Rice husk ash; Mechanical and durability properties,ULTRASONIC PULSE VELOCITY; MECHANICAL-PROPERTIES; DEMOLITION WASTE; CONSTRUCTION; RESISTANCE; SURFACE
WOS:001618385400001,2025,10.1016/j.conbuildmat.2025.144487,Effects of mix design parameters on workability and compressive strength of teff straw ash-based geopolymer mortars: Experimental evaluation and machine learning prediction,Compressive strength; Geopolymer mortar; Machine learning; Portland cement; Sustainable construction materials; Teff straw ash,RICE HUSK ASH; CURING TEMPERATURE; CONCRETE; NAOH; INDUSTRIAL; SLAG
WOS:001513263300001,2025,10.1002/suco.70192,"Performance and microstructural optimization of sustainable geopolymer mortars using fly ash, ground granulated blast furnace slag, and rice husk ash",fly ash; geopolymer mortar; ground granulated blast-furnace slag; rice husk ash; sustainability,CONCRETE; STRENGTH
WOS:001780709100001,2026,10.1016/j.mtsust.2026.101383,Reactive extrusion of reeds (Phragmites australis) and production of binder-less foam insulator,Common reeds; Hydrothermal treatment; Multi-screw reactive extrusion; Binder less; Bio-foam; Thermal insulator,COMMON REED; SURFACE CHARACTERIZATION; THERMAL INSULATOR; FIBERS; WASTE; XPS; US
WOS:001687533100001,2026,10.3390/app16031379,Comparison of Selected Sensory and Physicochemical Indicators of Insect Powders and Flours During Storage,edible insects; cereal flours; storage; stability; proteins; amino acids; color; volatile compounds,EDIBLE INSECTS; ALPHITOBIUS-DIAPERINUS; FUNCTIONAL-PROPERTIES; ACHETA-DOMESTICUS; TENEBRIO-MOLITOR; HEAVY-METALS; AMINO-ACIDS; PROTEIN; CRICKET; FOOD
WOS:001660951600001,2026,10.1016/j.mtsust.2025.101295,Agro-food waste upcycling into mycelium insulation: Linking structure with mechanical and fire performance,Fungal biocomposite; Ganoderma lucidum; Agro-food waste; Thermal insulation; Mechanical properties; Sustainable construction,COMPOSITES; FUNGI
WOS:001502154400001,2025,10.1016/j.dibe.2025.100681,"Enhancing sustainability in construction: Mechanical, carbon emission, and microstructural analysis of activated slag binders incorporating silica fume and nepheline syenite",Silica fume; Nepheline syenite; Sodium hydroxide; Microstructure; Slag; Binder,RICE HUSK ASH; HYDRATION PRODUCTS; DIATOMACEOUS-EARTH; WASTE GLASS; GEOPOLYMERIZATION; TEMPERATURE; CONCRETE
WOS:001634386500001,2025,10.3390/polym17233216,Geopolymerization of Kaolin Clay with Hemp Fibers for Sustainable Soil Stabilization,stabilization of soil; hemp fiber; geopolymer; freeze-thaw cycle; carbon index,RICE HUSK ASH; FLY-ASH; STRENGTH; CEMENT; LIME; CONCRETE; MICROSTRUCTURE; PERFORMANCE; MECHANISM; BEHAVIOR
WOS:001587931300001,2025,10.3389/fsufs.2025.1672467,"Long-term zero tillage with residue retention boosts yield, enhances energy efficiency, and mitigates greenhouse gas emissions in the western Indo-Gangetic rice-wheat systems",clean environment; conservation agriculture; energy budgeting; energy use efficiency; global warming potential; rice-wheat cropping system,AESTIVUM CROPPING SYSTEM; NITROUS-OXIDE EMISSION; CONSERVATION AGRICULTURE; MANAGEMENT-PRACTICES; CLIMATE-CHANGE; GHG EMISSIONS; MAIZE SYSTEMS; SOILS; TRENDS; ISSUES
WOS:000360456000034,2015,10.2134/agronj14.0256,Water Resources and Food Security,,FOOTPRINT; IMPACT
WOS:001615622900012,2025,10.1038/s41598-025-23184-8,Physiological indicators drive climate-smart and sustainable AWD irrigation in rice systems,Sustainable rice cultivation; Rice water stress physiology; Alternate wetting and drying; Greenhouse gas emission reduction; Central Thailand; SDG 6: Clean Water and Sanitation,DROUGHT STRESS; PHOTOSYNTHETIC PIGMENTS; STOMATAL CONDUCTANCE; DRYING IRRIGATION; OXIDATIVE STRESS; WATER FOOTPRINT; TOLERANCE; L.; MECHANISMS; EMISSIONS
WOS:001516366300001,2025,10.3390/su17125501,Provincial-Level Carbon-Reduction Potential for Agricultural Irrigation in China,agricultural irrigation; carbon-reduction potential; water-saving; crop water requirement; provincial analysis in China,WATER; EMISSIONS; MANAGEMENT
WOS:001731976600001,2026,10.3389/fpls.2026.1762787,Partial substitution of nitrogen fertilizer by Chinese milk vetch with different improvement measures achieves a win-win for rice productivity and environmental benefits,carbon footprint; emission reduction material; green manure; net ecosystem economic benefit; nitrogen fertilizer; water management,GREENHOUSE-GAS EMISSIONS; MANAGEMENT-PRACTICES; PADDY SOIL; TRANSPORT; BIOCHAR; SYSTEMS; YIELD; STRAW
WOS:001744983200001,2026,10.1007/s11032-026-01650-z,Marker-assisted introgression of brown planthopper resistance and herbicide tolerance for integrated pest management in direct seeded rice,Resistance breeding; Hoppers; Imazethapyr tolerance; Weedy rice; Sustainability,NILAPARVATA-LUGENS STAL; ORYZA-SATIVA L.; TEMPERATURE; LOCUS
WOS:001677691900001,2026,10.1016/j.indcrop.2026.122749,Sequential hydrolysis-pyrolysis engineered biochar for highly dispersed MgO nanosheets doping and its superior phosphate adsorption performance,MgO-doped biochar; Sequential hydrolysis-pyrolysis; Phosphate; Life cycle assessment,RICE HUSK BIOCHAR; AQUEOUS-SOLUTIONS; REMOVAL; NANOCOMPOSITES; CORROSION; AMMONIUM; NITROGEN; ISOTHERM; BIOMASS; NITRATE
WOS:001544990800003,2025,10.1016/j.matlet.2025.139193,Nano-architectural adaptations in roots: pyrogenic material for crop resilience and circularity,Biomass; Pyrogenic minerals; Silica; Nano-rhizosphere; Crop resilience; XHR FESEM; Circularity,
WOS:001578587100001,2025,10.1155/sci5/9303188,Enhancing Spinach Growth and Soil Edaphic Factors Using Aquatic Weed-Derived Biochar,aquatic weeds; biochar; pyrolysis temperature; soil amelioration; valorization,PYROLYSIS TEMPERATURE; PHYSICOCHEMICAL PROPERTIES; FEEDSTOCK TYPE; RICE HUSK; WATER; WASTE; YIELD; AVAILABILITY; IMPACT
WOS:001655802300007,2025,10.58915/ijneam.v18iDecember.2809,Towards Sustainable Concrete: Performance of Eco-Cement with Agricultural and Industrial Waste Materials,Supplementary cementitious materials; sustainable concrete; rice husk ash; waste glass powder; CO2 emission reduction,ASH
WOS:001343668700001,2024,10.1016/j.resenv.2024.100173,Appropriately delayed flooding before rice transplanting increases net ecosystem economic benefit in the winter green manure-rice rotation system,Flooding management; Green manure; Rice straw; Greenhouse gas; Carbon footprint; Net ecosystem economic benefit,NITROUS-OXIDE EMISSIONS; GAS EMISSIONS; CARBON SEQUESTRATION; MANAGEMENT-PRACTICES; METHANE PRODUCTION; EXTRACTION METHOD; PADDY SOIL; STRAW; BIOGEOCHEMISTRY; FERTILIZATION
WOS:001192621800001,2024,10.3390/informatics11010003,Integrating IOTA's Tangle with the Internet of Things for Sustainable Agriculture: A Proof-of-Concept Study on Rice Cultivation,agrifood sector; internet of things (IoT); distributed ledger technologies (DLT); IOTA tangle; rice cultivation; sustainability; real-time data recording; environmental footprint,SYSTEM
WOS:001366742500001,2024,10.3390/buildings14113440,A Newly Bio-Based Material for the Construction Industry Using Gypsum Binder and Rice Straw Waste (Oryza sativa),gypsum; rice straw; natural based solutions; sustainability; agricultural waste,PLASTER; ELEMENTS; REED
WOS:000338763900007,2014,10.5194/hess-18-2103-2014,Determination of virtual water content of rice and spatial characteristics analysis in China,,FOOTPRINT; CONSUMPTION; IRRIGATION
WOS:001107224400001,2024,10.1016/j.scitotenv.2023.167977,Greenhouse gas emissions from bio-based growing media: A life-cycle assessment,Life cycle assessment; Extruded willow wood fiber; Willow; based compost; Willow-based hydrochar; Degassed fiber from agricultural waste; Greenhouse gas emission,ANAEROBIC CO-DIGESTION; SOIL CARBON CHANGES; HYDROTHERMAL CARBONIZATION; WATER RECIRCULATION; WILLOW PLANTATIONS; AGRICULTURAL LAND; PARBOILED RICE; METHANE YIELD; ENERGY CROPS; PLANT-GROWTH
WOS:001008793600001,2023,10.1016/j.agsy.2023.103647,Climate change-induced aridity is affecting agriculture in Northeast Italy,Climate change; Italy; Agriculture; Aridity; Remote sensing,DROUGHT IMPACT; ADRIATIC SEA; PO VALLEY; CHANGE SCENARIOS; WATER FOOTPRINT; CROP YIELD; TEMPERATURE; PRECIPITATION; VARIABILITY; REGION
WOS:000292075100044,2011,10.1021/es1041755,Environmental Impacts of Water Use in Global Crop Production: Hotspots and Trade-Offs with Land Use,,FOOTPRINT; CONSUMPTION
WOS:000991255400001,2023,10.1002/jsfa.12675,Dry direct-seeded rice has higher energy and carbon production efficiencies without reducing economic benefits,carbon footprint; energy; production efficiency; rice; water management,GREENHOUSE-GAS EMISSIONS; NITROGEN-FERTILIZATION; PRODUCTION SYSTEMS; ORYZA-SATIVA; USE PATTERN; AGRICULTURE; TILLAGE; CONSERVATION; FOOTPRINT; MAIZE
WOS:000526392900008,2020,10.1038/s41893-020-0505-x,The global cropland-sparing potential of high-yield farming,,AGRICULTURAL INTENSIFICATION; CLIMATE-CHANGE; LAND-USE; FOOD; WATER; NITROGEN; SYSTEM; FLEXIBILITY; RESPONSES; NUTRIENT
WOS:001270461400001,2024,10.3389/frsus.2024.1287543,Mineralisation of CO2 in wood biomass ash for cement substitution in construction products,biomass residue/waste; biomass ash; CO2 mineralisation; construction materials; cement replacement; CO2 emission reduction,RICE HUSK ASH; FLY-ASH; BAGASSE ASH; CARBON FOOTPRINT; BOTTOM ASH; REPLACEMENT; COMBUSTION; CONCRETE; MORTARS; SEQUESTRATION
WOS:001015892600001,2023,10.3390/soilsystems7020041,Effects of Irrigation Regimes and Rice Varieties on Methane Emissions and Yield of Dry Season Rice in Bangladesh,methane; rice cultivars; alternate wetting and drying; emission factor; rice yield,NITROGEN USE EFFICIENCY; GREENHOUSE-GAS EMISSIONS; NITRIC-OXIDE EMISSIONS; WATER MANAGEMENT; CROPPING SYSTEMS; PADDY; FIELD; CH4; TRANSPORT; OXIDATION
WOS:001327486600001,2024,10.1016/j.agwat.2024.109067,A hybrid variable flux irrigation model for mitigating agroecological impacts of straw incorporation and furrow ridge system in rice-wheat rotations,Hydrus 2D/3D; Soil anoxia; Runoff control; Furrow irrigation; Optimal loop models,NITROUS-OXIDE EMISSIONS; REDUCES METHANE EMISSION; SOIL-WATER DYNAMICS; HYDRAULIC CONDUCTIVITY; OPTIMIZATION MODEL; CROPPING SYSTEMS; PADDY FIELD; MANAGEMENT; YIELD; RUNOFF
WOS:001376124800001,2024,10.3390/plants13233352,Geographical Distribution Dynamics of Acorus calamus in China Under Climate Change,<italic>Acorus calamus</italic>; MaxEnt; ENMeval package; land use; human,COMPLEXITY; MAXIMUM; HABITAT; IMPACT
WOS:000445981200024,2018,10.1016/j.jclepro.2018.08.025,Use of Vietnamese rice husk ash for the production of sodium silicate as the activator for alkali-activated binders,Alkali-activated binder; Alkaline activators; Rice Husk Ash; Fly ash; Ground granulated blast furnace slag; Simplified environmental analysis,WATER-TREATMENT SLUDGE; BLAST-FURNACE SLAG; FLY-ASH; WASTE GLASS; GEOPOLYMER; CEMENT; SUBSTITUTION; CONCRETE
WOS:001257500900003,2024,10.4028/p-Tu7AtX,Response Surface Optimization of Rice and Guinea Corn Husk Ash Blended Concrete,Concrete; Guinea Corn Husk Ash; Rice Husk Ash; Compressive Strength; Split-Tensile Strength,MECHANICAL-PROPERTIES; CEMENT; STRENGTH; REPLACEMENT; DURABILITY
WOS:001089934300001,2023,10.1016/j.jmrt.2023.06.041,Environmentally friendly use of rice husk ash and recycled glass waste to produce ultra-high- performance concrete,Recycled glass UHPC; RHA; DoE; CCD; RSM; Carbon footprint,MECHANICAL-PROPERTIES; SILICA FUME; STRENGTH; POWDER; WATER
WOS:001167965700001,2024,10.3178/hrl.18.14,Efficient agricultural monitoring: a methodology for assessing individual farmer adherence to rice-planting schedule for tertiary irrigation system under the Muda Irrigation Scheme using Earth observation datasets,Google Earth Engine; agricultural practices; irrigation; remote sensing; Sentinel-1,WATER FOOTPRINT; CLIMATE-CHANGE; CANAL LEVEL; SENTINEL-1; AREA
WOS:001165326700001,2024,10.1016/j.carbpol.2023.121743,"Starch-fibers composites, a study of all-polysaccharide foams from microwave foaming to biodegradation",Flax; Cellulose; Pulping; Microwave; Long fibers; Starch composites; Bio-based foams,CARBON FOOTPRINT; MECHANICAL-PROPERTIES; CASSAVA STARCH; FLAX; POLYMER
WOS:001055990000001,2023,10.1016/j.jmrt.2023.07.095,Assessing performance of alkali-activated bricks incorporated with processed surgical masks,Alkali-activated; Bricks; Surgical masks; Strength; Durability,BLAST-FURNACE SLAG; GEOPOLYMER CONCRETE; WASTES; STRENGTH
WOS:000987732800001,2023,10.3390/su15097468,"Sustainable Intensification of Cropping Systems under Conservation Agriculture Practices: Impact on Yield, Productivity and Profitability of Wheat",conservation agriculture (CA); sustainability; wheat; intensification and cropping systems,INDO-GANGETIC PLAINS; ESTABLISHMENT METHODS; TRITICUM-AESTIVUM; TILLAGE IMPACTS; HAPPY SEEDER; RICE; NITROGEN; WATER; MANAGEMENT; SOIL
WOS:000812740000001,2022,10.1016/j.cscm.2022.e01092,Rice husk ash and fly ash geopolymer hollow block based on NaOH activated,Geopolymer; FA; RHA; Hollow non-load-bearing geopolymer blocks,COMPRESSIVE STRENGTH; CEMENT
WOS:001012854500033,2023,,LIFE CYCLE ASSESSMENT OF NPK FERTILIZERS IN RICE PRODUCTION IN NORTHERN IRAN,cumulative exergy demand; ecological footprint; eutrophication; global warming potential; heavy metal emission,ASSESSMENT LCA; ENERGY INPUTS; EMISSIONS; PROVINCE; SYSTEM
WOS:000913156200006,2022,10.1016/j.jclepro.2022.134276,Sustainable production of ethyl levulinate by levulinic acid esterification obtained from Colombian rice straw,Biomass; Biorefinery; Climate change; Economic analysis; Life cycle assessment; Water consumption,LIFE-CYCLE ASSESSMENT; BIOETHANOL; ENERGY; LCA; CONVERSION; BIOENERGY; UNCERTAINTY; MANAGEMENT; CASSAVA; IMPACT
WOS:000838898200001,2022,10.3390/su14159144,"Seasonal Variations in Grain Yield, Greenhouse Gas Emissions and Carbon Sequestration for Maize Cultivation in Bangladesh",wet and dry seasons; net carbon emissions and sequestration; spatial variability,ENERGY; INTENSITY; SYSTEM; FIELDS; SOILS; CO2
WOS:000938068500001,2023,10.1016/j.jclepro.2022.135760,On the sustainability of paddy rice cultivation in the Paraiba do Sul river basin (Brazil) under a changing climate,Crop modeling; Water footprint; Intermittent flooding,CARBON-DIOXIDE; YIELD; IMPACTS; MODEL; NUTRITION
WOS:000636259900009,2021,10.1016/j.jclepro.2021.126331,Wastewater reuse for livestock feed irrigation as a sustainable practice: A socio-environmental-economic review,Wastewater; Livestock feed; Fertigation; Triple bottom line; Circular economy,GREENHOUSE-GAS EMISSIONS; RECLAIMED WATER; CIRCULATED IRRIGATION; PUBLIC PERCEPTION; NITROGEN REMOVAL; RECYCLED WATER; ANIMAL FEED; RICE; ACCEPTABILITY; MANAGEMENT
WOS:000785091800001,2022,10.3390/su14084475,"Effects of Organic Amendments on Soil Aggregate Stability, Carbon Sequestration, and Energy Use Efficiency in Wetland Paddy Cultivation",organic amendments; soil aggregates; integrated nutrient management; energy use efficiency; carbon sequestration,CROPPING SYSTEMS; RICE; MANAGEMENT; NITROGEN; MATTER; CONSERVATION; FRACTIONS; FOOTPRINT; BACTERIA; TILLAGE
WOS:001023360200001,2023,10.1111/jac.12662,Varietal effects on methane intensity of paddy fields under different irrigation management,AWD; carbon footprint; farmers compensation; greenhouse gases; lowland rice,RICE FIELDS; EMISSION; PATTERNS; CULTIVATION
WOS:000785459800001,2022,10.3390/ma15082736,"Hybrid Lime-Pozzolan Geopolymer Systems: Microstructural, Mechanical and Durability Studies",hydrated lime; pozzolan; geopolymer; mortar; freeze-thaw cycles; water absorption,ALKALINE ACTIVATION; MORTARS; METAKAOLIN; STRENGTH; RESIDUE
WOS:000370070200012,2016,10.1007/s11367-015-1025-1,Global guidance on environmental life cycle impact assessment indicators: progress and case study,Footprint; Guidance; Impact indicators; LCIA; Life cycle impact assessment; Rice cultivation,LAND-USE IMPACTS; BIODIVERSITY; FOOTPRINT
WOS:000367807600001,2016,10.1098/rsif.2015.1001,Global cropland and greenhouse gas impacts of UK food supply are increasingly located overseas,global environmental impacts; food supply; land use; international trade; self-sufficiency,LAND-USE CHANGE; INTERNATIONAL-TRADE; CARBON FOOTPRINTS; WATER FOOTPRINT; CONSUMPTION; SUSTAINABILITY; GLOBALIZATION; DISPLACEMENT; HUMANITY; DIETS
WOS:000847405100001,2023,10.1080/03650340.2022.2116428,Preceding crops changed greenhouse gases emission and carbon neutrality under maize-rice and double rice cropping systems,Double cropping; carbon uptake; carbon footprint; global warming potential,NITROUS-OXIDE EMISSIONS; NET ECOSYSTEM CARBON; 3-YEAR FIELD MEASUREMENT; METHANE EMISSIONS; WATER REGIME; SOIL RESPIRATION; ECONOMIC BUDGET; CHINA; INTENSITY; MANAGEMENT
WOS:000448137500031,2018,10.3390/atmos9090356,Comparison of Closed Chamber and Eddy Covariance Methods to Improve the Understanding of Methane Fluxes from Rice Paddy Fields in Japan,methane flux; rice paddy field; eddy covariance technique; footprint analysis,CARBON-DIOXIDE EXCHANGE; ENVIRONMENTAL CONTROLS; DIURNAL-VARIATION; IRRIGATED RICE; CH4 EMISSION; CO2 FLUX; SOIL; PLANTS; WATER; BIOGEOCHEMISTRY
WOS:000408784900009,2017,10.1016/j.fcr.2017.07.001,The birth of a new cropping system: towards sustainability in the subtropical lowland agriculture,Crop rotation; Farming system; Sustainability indicators; Soil management; Wetland,LIFE-CYCLE ASSESSMENT; ECOSYSTEM SERVICES; MANAGEMENT-SYSTEMS; LIVESTOCK SYSTEM; BEEF-PRODUCTION; ENERGY-BALANCE; COVER CROPS; RICE; EMISSIONS; FRAMEWORK
WOS:000739392700014,2021,10.1093/ajcn/nqab258,"Balancing a sustained pursuit of nutrition, health, affordability and climate goals: exploring the case of Indonesia",Indonesia; diet and climate; sustainable healthy diets; greenhouse gas emissions; climate change; nutritional value; food expenditure; affordability; water footprint; EAT-Lancet diet,FOOD; QUALITY; INSECTS; DIETS; COST
WOS:000870735200004,2022,10.1016/j.fcr.2022.108670,Towards sustainable productivity enhancement of rice-based farming systems in sub-Saharan Africa,Agronomy; Oryza spp; Sub-Saharan Africa; Sustainability; Yield gap,COUNTRIES; FEED
WOS:000737722600001,2022,10.1080/17583004.2021.2023049,Diversification of rice growing areas in Eastern India with integrated soil-crop system management for GHGs mitigation and higher productivity,Integrated soil-crop system; rice-mustard-jute cropping system; carbon footprint; carbon sequestration; nitrogen and water productivity,GREENHOUSE-GAS EMISSIONS; NITROGEN-USE EFFICIENCY; LIFE-CYCLE ASSESSMENT; ORGANIC-CARBON; CONSERVATION AGRICULTURE; FERTILIZER NITROGEN; NUTRIENT MANAGEMENT; FARM MACHINERY; N2O EMISSIONS; WINTER-WHEAT
WOS:000414003600004,2017,10.3389/fpls.2017.01879,Root Traits Enhancing Rice Grain Yield under Alternate Wetting and Drying Condition,alternate wetting and drying; rice; root; water; yield,WATER-SAVING IRRIGATION; LOWLAND RICE; PRODUCTIVITY; MANAGEMENT; SYSTEM; ACCUMULATION; REGIME; GROWTH; CHINA; ASIA
WOS:000904226800001,2022,10.3390/plants11243454,Effects of Combined Use of Olive Mill Waste Compost and Sprinkler Irrigation on GHG Emissions and Net Ecosystem Carbon Budget under Different Tillage Systems,methane; nitrous oxide; carbon balance; sprinkler; organic amendment; direct seeding,GREENHOUSE-GAS EMISSIONS; NITROUS-OXIDE EMISSIONS; NO-TILLAGE; WATER MANAGEMENT; END-PRODUCTS; RICE FIELDS; SOIL; YIELD; WHEAT; FERTILIZATION
WOS:000876450800001,2022,10.3389/fpls.2022.880631,Genomic footprints of selection in early-and late-flowering pearl millet landraces,adaptation; flowering; GWAS; genomic scan; yield; PhyC; far-red light FRS12; HAC1,L. R. BR.; PENNISETUM-GLAUCUM; PHYTOCHROME-C; ASSOCIATION; DROUGHT; PACKAGE; RICE; TIME; PERFORMANCE; ADAPTATION
WOS:000739790900021,2021,10.1590/S1517-707620210004.1380,Neural network-based prediction of 7-days compressive strength of UHPC incorporating SCM,K-fold validation; ANN; UHPC; supplementary cementitious materials; 7-day compressive strength,HIGH-PERFORMANCE CONCRETE; QUARTZ SAND; SILICA FUME; POWDER; MODEL; OPTIMIZATION; DURABILITY; METAKAOLIN; BEHAVIOR; WATER
WOS:000301093300016,2012,10.1016/j.agrformet.2011.04.013,The challenges of measuring methane fluxes and concentrations over a peatland pasture,Eddy covariance; Peatland; Wetland; Cattle; Rice; Methane; Laser spectrometer; Biogeochemistry,ATMOSPHERIC METHANE; PRIMARY PRODUCTIVITY; CARBON-DIOXIDE; NITROUS-OXIDE; FRESH-WATER; EXCHANGE; EMISSION; CO2; CALIFORNIA; OXIDATION
WOS:000484561500041,2019,10.3390/w11081567,"Long-Term Perspective Changes in Crop Irrigation Requirement Caused by Climate and Agriculture Land Use Changes in Rechna Doab, Pakistan",climate change; GCM; SDSM; crop irrigation requirement; effective precipitation; reference ET; CROPWAT,WATER REQUIREMENTS; REFERENCE EVAPOTRANSPIRATION; FUTURE CLIMATE; IMPACTS; MODEL; SIMULATION; PRECIPITATION; VARIABILITY; ADAPTATION; FOOTPRINT
WOS:000588680900001,2020,10.3389/fsufs.2020.564418,Balancing Economic and Environmental Performance for Small-Scale Rice Farmers in Peru,rice; environmental performance; Peru; small-scale; economics; sustainability; SRP; perceptions,GREENHOUSE-GAS EMISSIONS; YIELD GAPS; IRRIGATED RICE; MANAGEMENT; ADOPTION; PRODUCTIVITY; FERTILIZER; POVERTY; SYSTEMS; IMPACT
WOS:000498267500031,2019,10.3390/atmos10100593,Vulnerabilities of the European Union's Economy to Hydrological Extremes Outside its Borders,remote vulnerabilities to hydrological extremes; virtual water trade; water footprints; drought severity; water scarcity,VIRTUAL WATER TRADE; FOOTPRINT; CONSUMPTION; RESOURCES
WOS:000404133200155,2017,10.3390/su9061024,"Decoupling Agricultural Nonpoint Source Pollution from Crop Production: A Case Study of Heilongjiang Land Reclamation Area, China",decoupling analysis; agricultural nonpoint source pollution; crop production; export coefficient model,GREY WATER FOOTPRINT; ECONOMIC-GROWTH; ENVIRONMENTAL PRESSURE; DECOMPOSITION ANALYSIS; CO2 EMISSIONS; DRIVERS; REGION; IMPACT; MODEL; BLUE
WOS:000691092100002,2021,10.2166/wcc.2020.152,Adaptation measures (AMs) and mitigation policies (MPs) to climate change and sustainable blue economy: a global perspective,adaptations and mitigations; blue economy; carbon balance; climate change impact; water and industry,PLANT-BASED COAGULANTS; HYDROGEN-PRODUCTION; RICE FIELDS; WATER; EMISSIONS; METHANE; CO2; SULFUR; NANOMATERIALS; STRATEGIES
WOS:000296963300001,2011,10.1186/1471-2148-11-288,In search of the genetic footprints of Sumerians: a survey of Y-chromosome and mtDNA variation in the Marsh Arabs of Iraq,,HUMAN MITOCHONDRIAL-DNA; ASIAN CORRIDOR; HAPLOGROUP-H; NEAR-EASTERN; POPULATIONS; DIVERSITY; TREE; RESOLUTION; DIFFUSION; EURASIA
WOS:001459213000001,2025,10.1016/j.eiar.2025.107929,Characterizing dam fragmentation impacts on freshwater fish within life cycle impact assessment,Freshwater fish; Fragmentation; Characterization factors; Life cycle impact assessment; Hydropower; Irrigation,HYDROPOWER RESERVOIRS; BIODIVERSITY; FOOTPRINT; CONNECTIVITY; CONSUMPTION
WOS:001474436400001,2025,10.3390/chemengineering9020022,Improvement of Malagasy Traditional Earth Bricks by Using a Derivative of CNSL as a Binding Agent,traditional brick; red soil; CNSL; oxyacetic acid; binding agent; waste management and energy saving,SHELL LIQUID CNSL; GAS EMISSIONS; CLAY BRICKS; MADAGASCAR
WOS:001582001500001,2025,10.1016/j.nexus.2025.100504,"Designing an ecologically sustainable and resource-efficient rice-wheat system in the Western Indo-Gangetic Plains of India: Integrating practices of pressurized irrigation, tillage and residue management",Tillage; Residue mulch; Micro irrigation; Rice-wheat system; Crop simulation modelling,WATER-USE EFFICIENCY; CONSERVATION AGRICULTURE; PERFORMANCE EVALUATION; CROPPING SYSTEM; SOIL PROPERTIES; AQUACROP MODEL; ORGANIC-CARBON; YIELD; PRODUCTIVITY; MAIZE
WOS:001788232200001,2026,10.1017/S1368980026102602,"Rice and beans: the nutritious, sustainable and affordable staple of the Brazilian diet",Diet; Environment; Nutritional epidemiology; Brazil,WATER FOOTPRINT
WOS:001663359400001,2026,10.1002/sd.70593,"Ecological and Technological Insights to Enhance Rice Production: A Machine Learning Approach for Sustainable Agriculture in Granma, Cuba",ecological footprints; forecasting; greenhouse gas; machine learning; renewable energy; rice production; sustainable development,PRODUCTION SYSTEMS; CLIMATE-CHANGE; ENERGY; YIELD; BIOMASS; BANGLADESH; ADOPTION; FARMERS; IMPACT; INDIA
WOS:001726368600001,2026,10.3390/land15030416,An Analysis of the Structural Traits and Drivers of Virtual Land Trade Networks Within the G20 Countries,virtual land use; crop trade; social network analysis; exponential random graph model,FOOTPRINT; DISPLACEMENT
WOS:001004038700001,2023,10.1007/s40572-023-00400-z,Dairy and Plant-Based Milks: Implications for Nutrition and Planetary Health,Dairy; Dairy alternatives; Health; Nutrition; Environment; Retail,ENVIRONMENTAL IMPACTS; FOODS; ALTERNATIVES; PRODUCTS; METAANALYSIS; ASSOCIATION; CONSUMPTION; CHILDREN; ADULTS; RISK
WOS:001039001400003,2023,10.1073/pnas.2208376120,Mapping potential conflicts between global agriculture and terrestrial conservation,conservation risk hotspots; agricultural trade; biodiversity footprint,INPUT-OUTPUT-ANALYSIS; BIODIVERSITY IMPACTS; SUPPLY-CHAIN; CONSUMPTION; WATER; DEFORESTATION; FOOTPRINTS; EXPANSION; DRIVERS; DEMAND
WOS:001386875200001,2024,10.3390/buildings14123835,Preparation of Low Carbon Silicomanganese Slag-Based Alkali-Activated Materials Using Alkali-Activated Silica Waste,water glass; silicon waste; silicomanganese slag; alkali-activated materials; carbon footprint,RICE HUSK ASH; FLY-ASH; REACTION-KINETICS; SODIUM-SILICATE; BORON MUD; MANGANESE; CEMENT; STRENGTH; GLASS; GEL
WOS:001258443600001,2024,10.1016/j.heliyon.2024.e27691,Advanced technological adaptations can improve the energy-cum-carbon-efficiency of diverse rice production systems,Carbon footprint; Economic profitability; Energy use efficiency; Rice production systems; Sustainability,EASTERN HIMALAYAN REGION; GREENHOUSE-GAS EMISSIONS; CROPPING SYSTEMS; CONSERVATION AGRICULTURE; TRANSPLANTED RICE; ORYZA-SATIVA; RESOURCE-USE; WATER-USE; FOOTPRINT; MANAGEMENT
WOS:001133843000001,2023,10.1016/j.nexus.2023.100238,Quantifying the energy use efficiency and greenhouse gas emissions in Punjab (India) agriculture,Energy; GHGs; Climate smart agriculture; Climate mitigation; Climate change; and agricultural sustainability,PRODUCTION SYSTEMS; RICE PRODUCTION; OPTIMIZATION APPROACH; CARBON FOOTPRINT; FOOD SECURITY; CO2 EMISSIONS; MITIGATION; WHEAT; CULTIVATION; MANAGEMENT
WOS:000978373100001,2023,10.3390/agronomy13040955,"Development of Integrated Farming System Model-A Step towards Achieving Biodiverse, Resilient and Productive Green Economy in Agriculture for Small Holdings in India",complementary resource usages; crop diversification; energy dynamics; global warming potential; integrated farming system; marginal holding; system productivity; water footprints,ECOSYSTEM SERVICES; POVERTY REDUCTION; CROP DIVERSIFICATION; FARMERS; ENERGY; CONSERVATION; HORTICULTURE; LIVELIHOOD; SECURITY; INCOME
WOS:000663072800001,2021,10.1016/j.fcr.2021.108164,"An impact of agronomic practices of sustainable rice-wheat crop intensification on food security, economic adaptability, and environmental mitigation across eastern Indo-Gangetic Plains",Energy use; Global warming potential; Residue management; Resource conservation technologies; Rice-wheat-greengram system; Triple zero-tillage,ENERGY USE EFFICIENCY; CONSERVATION AGRICULTURE; WATER PRODUCTIVITY; SYSTEMS; TILLAGE; YIELDS; OPTIONS; MANAGEMENT; COMPONENTS; FOOTPRINT
WOS:000423002200089,2018,10.1016/j.jclepro.2017.11.182,An international comparison of rice consumption behaviours and greenhouse gas emissions from rice production,Agriculture; Rice; Methane; China; Vietnam; India; Thailand,CLIMATE-CHANGE; WATER; FOOD; INTENSIFICATION; AGRICULTURE; STREAM; SYSTEM; COSTS; CROPS; RIVER
WOS:000896202900001,2022,10.3390/su142315870,Environmental Life Cycle Assessment in Organic and Conventional Rice Farming Systems: Using a Cradle to Farm Gate Approach,climate change; ecosystem quality; human health damage; LCA; sustainability,IMPACT ASSESSMENT; PADDY FIELDS; FRESH-WATER; NITROGEN FOOTPRINT; CROPPING SYSTEMS; GUILAN PROVINCE; RISK-ASSESSMENT; ASSESSMENT LCA; FERTILIZER; EMISSIONS
WOS:000460826800010,2019,10.1016/j.agsy.2019.01.008,Impact of climate change on agricultural productivity and food security in the Himalayas: A case study in Nepal,Nepal; Himalaya; Food security; Crop yield; Climate change,FUTURE HYDROLOGICAL REGIMES; SCALE RECURSIVE ESTIMATION; KOSHI RIVER-BASIN; CROPPING SYSTEMS; CHANGE SCENARIOS; WATER FOOTPRINT; ELEVATED CO2; LAND-USE; PO VALLEY; MODEL
WOS:000503172600028,2020,10.1016/j.jclepro.2019.118835,Assessing alternative crop establishment methods with a sustainability lens in rice production systems of Eastern India,Sustainability indicators; Dry direct seeded rice; Machine transplanted rice; Environmental footprints; Synergies and trade-off,DIRECT-SEEDED RICE; GANGETIC PLAINS; MANAGEMENT-PRACTICES; YIELD GAPS; FARM-LEVEL; PERFORMANCE; AGRICULTURE; CULTIVATION; FERTILIZER; NUTRIENT
WOS:000967703300001,2023,10.1016/j.energy.2023.126986,Pathways and determinants of sustainable energy use for rice farms in India,Big data; Policy planning; Truncated regression; Energy use efficiency; Data envelopment analysis,DATA ENVELOPMENT ANALYSIS; WATER-USE EFFICIENCY; CONSERVATION AGRICULTURE; CARBON FOOTPRINT; WHEAT; TILLAGE; MODELS; OPTIMIZATION; PRODUCTIVITY; MANAGEMENT
WOS:000400532300003,2017,10.1016/j.fcr.2017.02.008,Estimating yield gaps at the cropping system level,Yield potential; Yield gap; Cropping system; Rice; Maize; Bangladesh,USE EFFICIENCY; IRRIGATED MAIZE; GRAIN LEGUME; RESOURCE USE; NITROGEN; PRODUCTIVITY; RICE; MANAGEMENT; CLIMATE; CEREAL
WOS:001063553400001,2023,10.1016/j.energy.2023.128753,Is scale production more advantageous than smallholders for Chinese rice production?,Energy analysis; Environment footprint; Economic analysis; Land use rights transfer; Farm size,OUTPUT ENERGY ANALYSIS; GREENHOUSE-GAS EMISSIONS; CARBON FOOTPRINT; WATER MANAGEMENT; GRAIN PRODUCTION; PRODUCTION SYSTEMS; ECONOMIC-ANALYSIS; FARM SIZE; IRRIGATION; FIELD
WOS:000927719600001,2023,10.3390/su15021054,"Intensification of Rice-Fallow Agroecosystem of South Asia with Oilseeds and Pulses: Impacts on System Productivity, Soil Carbon Dynamics and Energetics",conservation agriculture; carbon balance; energy budgeting; rice-fallow; soil C-pool; system productivity,INDO-GANGETIC PLAINS; CONSERVATION AGRICULTURE; ORGANIC-CARBON; CROPPING SYSTEMS; SUSTAINABLE INTENSIFICATION; NUTRIENT MANAGEMENT; WATER PRODUCTIVITY; RESIDUE MANAGEMENT; FOOD SECURITY; TILLAGE
WOS:000560286900003,2021,10.1007/s11356-020-10395-x,Potential of conservation agriculture modules for energy conservation and sustainability of rice-based production systems of Indo-Gangetic Plain region,Conservation agriculture; Crop residue retention; Crop establishment; Direct seeded rice; Energy budgeting; Rice; maize; wheat system,WHEAT CROPPING SYSTEM; ORGANIC-CARBON POOLS; ECONOMIC-GROWTH; RESIDUE MANAGEMENT; WATER PRODUCTIVITY; SOIL AGGREGATION; NO-TILL; CONSUMPTION; ESTABLISHMENT; FOOTPRINT
WOS:000345530700025,2014,10.3390/rs61110773,Towards an Operational SAR-Based Rice Monitoring System in Asia: Examples from 13 Demonstration Sites across Asia in the RIICE Project,rice; food security; SAR; Asia; COSMO Skymed; TerraSAR-X,BAND BACKSCATTERING COEFFICIENTS; RESOLUTION SATELLITE SAR; BIOPHYSICAL VARIABLES
WOS:000584004900001,2020,10.3390/agronomy10101561,"Portfolios of Climate Smart Agriculture Practices in Smallholder Rice-Wheat System of Eastern Indo-Gangetic Plains-Crop Productivity, Resource Use Efficiency and Environmental Foot Prints",conservation agriculture; global warming potential; energy use efficiency; water productivity,NITROUS-OXIDE EMISSIONS; PRECISION-CONSERVATION AGRICULTURE; WATER-USE EFFICIENCY; MITIGATION OPPORTUNITIES; ESTABLISHMENT METHODS; SOUTH-ASIA; TILLAGE; SOIL; MANAGEMENT; ROTATION
WOS:000490553100001,2022,10.1080/17597269.2019.1670465,Life-cycle assessment-based comparison of different lignocellulosic ethanol production routes,Life-cycle assessment; ethanol; India; bagasse; water footprint; dilute acid pre-treatment,BAGASSE-DERIVED ETHANOL; FUEL ETHANOL; ENVIRONMENTAL BENEFITS; RICE STRAW; BIOETHANOL; SUGARCANE; IMPACT; INDIA; CHALLENGES; MISCANTHUS
WOS:000884132100001,2022,10.3390/su142114636,"Designing Resource-Efficient and Environmentally Safe Cropping Systems for Sustainable Energy Use and Economic Returns in Indo-Gangetic Plains, India",energy use efficiency; greenhouse gases emission; system productivity; water productivity,LIFE-CYCLE ASSESSMENT; CARBON FOOTPRINT; CONSERVATION AGRICULTURE; YIELD TRENDS; COVER CROPS; NO-TILL; EMISSIONS; MANAGEMENT; ROTATION; IMPACT
WOS:000691795600006,2021,10.1016/j.envsci.2021.08.001,A new meta-coupling framework to diagnose the inequity hidden in China's cultivated land use,Agriculture; Cultivated land; Inequity; Meta-coupling; Input-output; China,CLIMATE-CHANGE; FOOD SECURITY; CARBON EMISSIONS; WATER FOOTPRINT; RICE PRODUCTION; IMPACTS; AGRICULTURE; POLLUTION; ECOSYSTEM; SOIL
WOS:000448339400014,2018,10.1039/c8gc02066c,New eco-cellular concretes: sustainable and energy-efficient materials,,ALKALI-ACTIVATED BINDERS; CATALYST RESIDUE FCC; CANE STRAW ASH; FOAM CONCRETE; WASTE GLASS; FLY-ASH; GEOPOLYMER; MORTAR; CONSTRUCTION; STRENGTH
WOS:000404133200171,2017,10.3390/su9061044,Reducing Global Warming Potential through Sustainable Intensification of Basmati Rice-Wheat Systems in India,conservation agriculture; greenhouse gas emissions; carbon sequestration; methane; nitrous oxide; global warming potential,CROP ESTABLISHMENT METHODS; NITROUS-OXIDE EMISSIONS; CONSERVATION AGRICULTURE; METHANE EMISSIONS; CARBON SEQUESTRATION; CENTRAL HIGHLANDS; GANGETIC PLAINS; TILLAGE; MANAGEMENT; ROTATION
WOS:000360003700002,2015,10.5194/bg-12-4577-2015,Predicting landscape-scale CO2 flux at a pasture and rice paddy with long-term hyperspectral canopy reflectance measurements,,NET ECOSYSTEM EXCHANGE; SPECTRAL FEATURES; GLOBAL VEGETATION; USE EFFICIENCY; WATER-VAPOR; SATELLITE; CARBON; INDEX; SPECTROSCOPY; PROPAGATION
SCOPUS:2-s2.0-105027545183,2025,10.51910/ijhdr.v25icf.1719,Bioassay of rice (Oryza sativa L.) seedlings in response to dynamized high dilutions of Calcarea carbonica and Silicea terra,Agroecology; Biostimulation; Low residual impact technologies; Plant models,
SCOPUS:2-s2.0-85108966431,2021,10.1371/journal.pone.0253755,"Influence of rice varieties, organic manure and water management on greenhouse gas emissions from paddy rice soils",,"Agricultural Irrigation; Crop Production; Global Warming; Greenhouse Gases; Manure; Myanmar; Nitrous Oxide; Oryza; Seasons; carbon; nitrous oxide; Article; carbon footprint; compost; controlled study; dry season; environmental factor; environmental impact; environmental impact assessment; greenhouse effect; irrigation (agriculture); manure; plant yield; rainy season; rice; soil analysis; soil management; water management; adverse event; crop production; greenhouse gas; growth, development and aging; metabolism; Myanmar; Oryza; procedures; season"
SCOPUS:2-s2.0-85165697600,2023,10.1155/2023/1177458,Evaluating 28-Days Performance of Rice Husk Ash Green Concrete under Compression Gleaned from Neural Networks,,Agricultural wastes; Agriculture; Carbon footprint; Climate change; Concrete aggregates; Errors; Forecasting; Silica; Sustainable development; Carbon emissions; Cement manufacturing; Cementitious materials; CO2 emissions; Compressive strength of concrete; Green concrete; Neural-networks; Performance; Rice-husk ash; Root mean square errors; Compressive strength
SCOPUS:2-s2.0-85200265700,2024,10.30955/gnj.05337,Enhancing concrete durability: Sustainable ternary blends incorporating agricultural and industrial wastes,durability; Nano-SiO<sub>2</sub>; permeability; pozzolanic reaction,
SCOPUS:2-s2.0-84941284645,2015,10.1016/j.scitotenv.2015.07.061,Optimizing the harvesting stage of rye as a green manure to maximize nutrient production and to minimize methane production in mono-rice paddies,Cover crop; Greenhouse gas; Labile organic carbon; Nutrient productivity; Secale cerealis,Agriculture; Air Pollutants; Manure; Methane; Nitrogen; Oryza; Secale; Secale cereale; Biomass; Cellulose; Crops; Cultivation; Fertilizers; Gas emissions; Greenhouse gases; Harvesting; Lignin; Manures; Methane; Nutrients; Organic carbon; Soils; cellulose; lignin; methane; nitrogen; organic carbon; oxide; phosphorus pentoxide; potassium oxide; unclassified drug; air pollutant; manure; methane; nitrogen; Biomass productivity; Chemical compositions; Cover crops; Flooded conditions; Methane production; Plant maturation; Rice cultivation; Secale cerealis; cover crop; green manuring; greenhouse gas; harvesting; methane; nutrient; organic carbon; paddy farming; rice; Article; biomass; carbon footprint; chemical composition; cover crop; dry weight; flooding; flowering; harvesting; manure; nonhuman; nutrient; paddy soil; plant development; plant growth; priority journal; protein content; rye; soil; soil quality; temperature; tillage; agriculture; air pollutant; analysis; Oryza; procedures; Productivity
SCOPUS:2-s2.0-85185692958,2024,10.2174/0118743315290024240122052257,Quantifying and Comparing Greenhouse Gas Emissions in Monsoon Rice Production: A Comprehensive Analysis of Transplanting and Broadcasting Sowing Methods in Myanmar,Broadcasting; Crop; Greenhouse gas emissions; Rice yield; Sowing methods; Transplanting,
SCOPUS:2-s2.0-105019202740,2025,10.29187/2458-973X.1191,"Comparative Study on the Performance of GGBS, UGGBS, and RHA-Incorporated Cement Mortar Mixes",Flowability; GGBS; Rice husk ash; Strength; Supplementary cementitious materials; Sustainability; Sustainable mortars; Ultrafine GGBS,
SCOPUS:2-s2.0-105041393003,2026,10.1016/j.ecolind.2026.115033,Spatio-temporal evolution and driving factors of provincial grain crop water footprint in China from 2000 to 2023,Driving factors; Grain crops; LMDI decomposition; Spatio-temporal evolution; Water footprint,Autocorrelation; Cultivation; Grain (agricultural product); Grain growth; Irrigation; Resource allocation; Water conservation; Water management; Blue water; Divisia index; Driving factors; Grain crops; Logarithmic mean; Logarithmic mean divisia index decomposition; Spatiotemporal evolution; Water footprint; Water saving measures; Waters resources; Crops
SCOPUS:2-s2.0-85069468909,2019,10.1016/j.biteb.2019.100224,"Bio-butanol production from rice straw – Recent trends, possibilities, and challenges",Biomass; Butanol; Fermentation; Pretreatment; Rice straw,Biomass; Butenes; Fermentation; Gas emissions; Greenhouse gases; Lignin; Lignocellulosic biomass; acid; butanol; carbohydrate; cellulose; fossil fuel; hemicellulose; hot water; ionic liquid; lignin; solvent; Economically viable; Lignin removal; Microbial strain; Potential feedstock; Pre-Treatment; Recent trends; Rice straws; Solvent tolerant; alkalinity; Article; biofuel production; biomass; carbon footprint; chemical composition; Clostridia; coculture; DNA modification; fermentation; genetic engineering; hydrolysis; metabolic engineering; microwave radiation; nonhuman; oxidation; ozonolysis; particle size; priority journal; strain improvement; ultrasound; water vapor; Fossil fuels
SCOPUS:2-s2.0-85019735675,2017,10.1016/j.scitotenv.2017.05.090,Estimation of total CH<sub>4</sub> emission from Japanese rice paddies using a new estimation method based on the DNDC-Rice simulation model,CH<sub>4</sub> emission; Climate change; DNDC-Rice; Greenhouse gases; Japan; Rice,Japan; Oryza sativa (japonica cultivar-group); Climate change; Greenhouse gases; Uncertainty analysis; Water management; methane; organic carbon; Anthropogenic sources; DNDC-Rice; Estimation methods; Independent variables; Japan; Management regime; Regional variation; Rice; climate change; decomposition; denitrification; emission; estimation method; greenhouse gas; methane; modeling; paddy field; rice; Article; carbon footprint; climate change; irrigation (agriculture); Japan; land drainage; priority journal; rice; temporal analysis; article; climate change; decomposition; denitrification; greenhouse gas; independent variable; Japan; Japonica rice; neglect; nonhuman; reliability; simulation; water management; C (programming language)
SCOPUS:2-s2.0-85181439337,2024,10.1186/s40008-023-00320-z,Economy-wide impact of climate smart agriculture in India: a SAM framework,Climate change; Conservation agriculture; Organic farming; Social accounting matrix; Zero budget natural farming,
SCOPUS:2-s2.0-85062848543,2018,10.2495/SDP180311,The implementation of life cycle analysis and six sigma method to achieve sustainable water consumption in the agricultural sector,DMAIC; Life cycle analysis; Rice; Six-sigma; Sustainability; Water footprint,
SCOPUS:2-s2.0-105022188658,2025,10.26848/rbgf.v18.6.p4497-4512,Application of the Water Footprint in the rice processing agroindustry in lower São Francisco Sergipe [Aplicação da Pegada Hídrica na agroindústria do beneficiamento do arroz no baixo São Francisco sergipano],Environmental Indicators; Water Management; Water Resources,
SCOPUS:2-s2.0-105041117599,2026,10.18280/ijdne.210418,"Assessing Agricultural Water Footprint and Its Implications for Sustainable Water Management in Aceh Province, Indonesia: A Case Study of Two Watersheds",agriculture; foods; sustainable; water; water footprint,
SCOPUS:2-s2.0-85046485777,2018,10.56093/ijas.v88i4.79099,"Water use, energy use efficiency and carbon footprint of transplanted rice (Oryza sativa) in response to surface drainage",Carbon footprint; Energy efficiency; Rice productivity; Surface drainage; Water use,
SCOPUS:2-s2.0-105041415036,2026,10.1016/j.resenv.2026.100358,"Coupled water–carbon burden transfers in staple-crop supply chains: trade-driven responsibility shifts, inequality signals and sustainability options in China",Consumption-based accounting; Embodied emissions; Equity; Interprovincial trade; Virtual water; Water–carbon nexus,Carbon; Carbon Economy; Chains; Commerce; Grain (agricultural product); Greenhouse gases; Investments; Irrigation; Supply chains; Sustainable development; Consumption-based accounting; Embodied emissions; Equity; Functional units; Greenhouses gas; Interprovincial trade; Staple crops; Virtual water; Water footprint; Water–carbon nexus; Crops
SCOPUS:2-s2.0-85057300469,2019,10.1016/j.scitotenv.2018.11.225,Cost-effective opportunities for climate change mitigation in Indian agriculture,Agriculture; Climate change; Greenhouse gas; India; Marginal Abatement Cost Curve; Mitigation,India; Climate change; Cost effectiveness; Cultivation; Emission control; Food supply; Gas emissions; Surveys; Water management; carbon dioxide; nitrogen; Climate change mitigation; Cost effective opportunity; Food security; Greenhouse gas emissions; Greenhouses gas; India; Long-term changes; Marginal abatement cost curves; Mitigation; Mitigation options; abatement cost; agricultural production; carbon emission; climate change; emission control; greenhouse gas; mitigation; agriculture; animal husbandry; Article; carbon footprint; climate change; controlled study; cost control; cost effectiveness analysis; crop production; ecosystem restoration; environmental policy; food security; Gossypium; human; India; land use; livestock; no tillage; nonhuman; priority journal; rice; risk evaluation and mitigation strategy; soil management; spatial analysis; sugarcane; water management; wheat; Greenhouse gases
SCOPUS:2-s2.0-85111393544,2021,10.31018/jans.v13iSI.2775,India rice export and virtual water trade,Economic gain; Export; Rice; Virtual water trade; Water footprint,
SCOPUS:2-s2.0-85070399918,2019,10.3390/ijerph16152700,Comprehensive environmental assessment of potato as staple food policy in China,Chemical fertilizer inputs; Irrigation-water use; Nutrient reference values; Substitution ratio; Total GHG emission,"Agriculture; China; Crops, Agricultural; Fertilizers; Food Supply; Greenhouse Gases; Nitrogen; Nitrous Oxide; Nutrition Policy; Oryza; Solanum tuberosum; Triticum; Water; China; North China Plain; Solanum tuberosum; Triticum aestivum; nitrogen; nitrogen fertilizer; phosphorus pentoxide; fertilizer; nitrous oxide; water; carbon emission; environmental assessment; fertilizer; food policy; greenhouse gas; irrigation; nutrient; potato; water use; Article; carbon footprint; China; controlled study; flour; food composition; food intake; irrigation (agriculture); nutrient supply; nutrition policy; plant water use; potato; reference value; rice; rural area; urban area; wheat; agriculture; catering service; chemistry; crop; greenhouse gas; Oryza; procedures"
SCOPUS:2-s2.0-85211245797,2024,10.14445/23488352/IJCE-V11I11P102,Effect of Rice Husk Ash on the Properties and Performance of Geopolymer Concrete,-Geopolymer Concrete; Compressive Strength; Rice Husk Ash; Setting Value; Split Tensile Test,
SCOPUS:2-s2.0-85103789068,2021,10.2478/aoas-2021-0007,"Yucca schidigera extract dietary supplementation affects growth performance, hematological and physiological status of european seabass",Dicentrarchus labrax; Growth performance; Hematological; Immunological status; Water quality; Yucca schidigera extract,alpha globulin; ammonia; beta globulin; calcium phosphate dibasic; corn gluten; globulin; gluten; hemoglobin; herring oil; hydrocortisone; immunoglobulin; lysozyme; nitrogen; plant extract; protein; soybean oil; unclassified drug; vitamin; wheat middling; yucca schidigera extract; Article; chemical composition; diet supplementation; economic evaluation; enzyme activity; erythrocyte; European sea bass; fingerling; fish meal; food intake; growth; health status; hematocrit; hematological parameters; immune status; innate immunity; leukocyte count; leukocyte differential count; neutrophil count; nonhuman; rice bran; soybean meal; water quality; yucca; Yucca schidigera
SCOPUS:2-s2.0-85175533540,2023,10.17765/2176-9168.2023v16n3e10523,"The virtual water in grain production in Ceará State, Brazil [A água virtual na produção de grãos no Estado do Ceará, Brasil]",Environmental valuation; Management of water resources; Water footprint,
SCOPUS:2-s2.0-85123013956,2022,10.1016/j.jenvman.2022.114520,Mitigating greenhouse gas emissions from irrigated rice cultivation through improved fertilizer and water management,Alternate wetting and drying; Emission factor; Integrated plant nutrient system; Methane; Nitrous oxide; Urea deep placement,Agriculture; Fertilizers; Greenhouse Gases; Methane; Nitrous Oxide; Oryza; Soil; Water; Water Supply; carbon; fertilizer; methane; nitrogen; nitrous oxide; urea; fertilizer; methane; nitrous oxide; water; agriculture; climate change; cultivation; fertilizer; global warming; greenhouse gas; irrigation system; manure; mitigation; water management; Article; carbon footprint; controlled study; crop management; dry season; field experiment; flooding; greenhouse effect; greenhouse gas; irrigation (agriculture); nonhuman; plant nutrient; plant yield; poultry manure; rice; water management; agriculture; greenhouse gas; Oryza; soil; water supply
SCOPUS:2-s2.0-85081993376,2020,10.12688/f1000research.20046.1,Methane emissions in triple rice cropping: Patterns and a method for reduction,Flooding; Greenhouse gases; Mekong delta; Methane reduction; Methanogenesis inhibition; Rice straw,Agriculture; Carbon; Methane; Oryza; Soil; carbon; methane; soil organic matter; surface water; dissolved oxygen; water; Article; crop production; decomposition; flooding; methanogenesis; nonhuman; photosynthate; plant growth; river; Viet Nam; agriculture; Oryza; soil; bioaccumulation; carbon footprint; cropping system; greenhouse gas; irrigation (agriculture); methane emission; reduction (chemistry); rice
SCOPUS:2-s2.0-85116299428,2022,10.1016/j.scitotenv.2021.150676,Assessment of physical quantity and value of natural capital in China since the 21st century based on a modified ecological footprint model,China; Ecological footprint; National hectares; Natural capital; Physical quantity; Value quantity,"China; Conservation of Natural Resources; Ecology; Ecosystem; Humans; Models, Theoretical; Beijing [China]; China; Jilin; Qinghai; Shanghai; Tianjin; Xizang; Sustainable development; ammonia; ammonia nitrogen; nitrate; nitrogen; organic matter; sulfate; unclassified drug; China; Ecological carrying capacity; Ecological deficit; Ecological footprint; Footprint modeling; National hectare; Natural capital; Per capita; Physical quantities; Value quantity; ecological footprint; environmental assessment; environmental issue; environmental monitoring; freshwater ecosystem; heterogeneity; twenty first century; absorption; adsorption kinetics; afforestation; air pollution; Article; barley; bean; bioaccumulation; Cannabis sativa; carbon footprint; carbon sequestration; cereal; chemical oxygen demand; China; civilization; controlled study; desertification; ecological footprint; electricity; fiber crop; flax; fossil energy; freshwater environment; Gossypium; gross national product; industrialization; jute; linseed; maize; millet; mung bean; nonhuman; peanut; plant tuber; potato; productivity; ramie; rapeseed; rice; sesame; soil pollution; sorghum; soybean; spatial analysis; sunflower; tobacco; urbanization; water pollution; water supply; wheat; ecology; ecosystem; environmental protection; human; theoretical model; Spatial distribution"
SCOPUS:2-s2.0-84880870356,2013,10.1155/2013/546750,Solubility and leaching risks of organic carbon in paddy soils as affected by irrigation managements,,"Agricultural Irrigation; Carbon; Oryza sativa; Soil; Solubility; Water; organic carbon; soil water; carbon; soil; water; carbon; article; atmosphere; bioavailability; carbon footprint; decomposition; flooding; irrigation (agriculture); leaching; soil; soil fertility; solubility; surface soil; chemistry; growth, development and aging; rice; soil; solubility; chemistry"
SCOPUS:2-s2.0-85075054639,2019,10.1038/s41598-019-53072-x,An assessment of irrigated rice production energy efficiency and environmental footprint with in-field and off-field rice straw management practices,,"Agricultural Irrigation; Agriculture; Biomass; Carbon Footprint; Conservation of Energy Resources; Conservation of Water Resources; Energy Metabolism; Environment; Greenhouse Gases; Methane; Nitrous Oxide; Oryza; Seasons; Soil; methane; nitrous oxide; agriculture; biomass; carbon footprint; chemistry; energy conservation; energy metabolism; environment; greenhouse gas; growth, development and aging; irrigation (agriculture); metabolism; Oryza; procedures; season; soil; water conservation"
SCOPUS:2-s2.0-85046758409,2018,10.2134/jeq2017.11.0445,Greenhouse gas emissions and management practices that affect emissions in US rice systems,,Agriculture; Arkansas; California; Greenhouse Effect; Greenhouse Gases; Methane; Mississippi; Oryza; Texas; Crops; Gas emissions; Sulfur compounds; methane; nitrogen oxide; nitrous oxide; organic matter; sulfate; Confidence interval; Cultivar selection; Management practices; Mechanized systems; Production practice; Rice (Oryza sativa L.); Stand establishment; WETTING AND DRYING; Article; carbon footprint; controlled study; crop; cultivar; decomposition; grain yield; harvest; nonhuman; rice; soil texture; United States; water management; agriculture; analysis; Arkansas; California; greenhouse effect; greenhouse gas; Mississippi; Oryza; Texas; Greenhouse gases
SCOPUS:2-s2.0-85196212812,2024,10.54386/jam.v26i2.2569,"Blue and green water footprint assessment of rice crop in high altitude temperate zone of Kashmir, India",blue water footprint; Crop water usage; Effective rainfall; Evapotranspiration; Green water footprint; Rice cultivation,
SCOPUS:2-s2.0-84983120936,2015,10.1111/1752-1688.12353,"Spatio-Temporal Patterns of Open Surface Water in the Central Valley of California 2000-2011: Drought, Land Cover, and Waterbirds",Central Valley; Drought; Land cover; Remote sensing; Trend; Water; Waterbirds,California; Central Valley [California]; United States; Agriculture; Drought; Ecosystems; Land use; Landforms; Remote sensing; Satellite imagery; Tracking (position); Water; Water management; Water resources; Water supply systems; Central Valley; Habitat availability; Land cover; Spatio-temporal variation; Spatiotemporal patterns; Trend; Water distributions; Waterbirds; agricultural land; drought stress; habitat structure; land cover; Landsat; resource management; satellite imagery; spatiotemporal analysis; surface water; water footprint; water resource; waterfowl; Surface waters
SCOPUS:2-s2.0-85085156647,2020,10.1371/journal.pone.0233303,"Profitability, energetics and GHGs emission estimation from rice-based cropping systems in the coastal saline zone of West Bengal, India",,"Carbon Dioxide; Climate Change; Computer Simulation; Crop Production; Crops, Agricultural; Greenhouse Gases; India; Methane; Monte Carlo Method; Nitrous Oxide; Oryza; Risk Assessment; Salinity; carbon dioxide; methane; nitrous oxide; Article; carbon footprint; coastal waters; colocynth; controlled study; crop management; cropping system; energy transfer; fallow; Luffa acutangula; nonhuman; plant yield; potato; productivity; profit; questionnaire; rice; risk assessment; squash; sunflower; sustainable agriculture; Trichosanthes dioica; West Bengal; climate change; computer simulation; crop; crop production; economics; greenhouse gas; growth, development and aging; India; metabolism; Monte Carlo method; Oryza; procedures; salinity"
SCOPUS:2-s2.0-105012132816,2025,10.1016/j.mex.2025.103527,Investigation of concrete durability enhancement using supplementary cementitious materials,Concrete durability; Flyash; Metakaolin; Prosopis juliflora extract; Supplementary cementitious materials,acid; alkali; aluminum oxide; calcium hydroxide; chloride ion; concrete; methanol; naphthalene; silicon dioxide; sulfuric acid; trace element; water; Article; artificial intelligence; bulk density; carbon footprint; chemical fingerprinting; compressive strength; controlled study; corrosion; deterioration; flexural strength; fly ash; freeze thawing; high temperature; nonhuman; permeability; Prosopis juliflora; relative density; reproducibility; rice husk; synergistic effect; temperature; temperature stress; vegetation; water absorption; wood ash
SCOPUS:2-s2.0-85084954986,2020,10.1016/j.scitotenv.2020.139382,Effects of water management on greenhouse gas emissions from farmers' rice fields in Bangladesh,Alternate wetting and drying; Bangladesh; Emission factor; farmers' practice; Greenhouse gas emissions; Lowland rice,Bangladesh; Gallium compounds; Gas emissions; Global warming; Irrigation; Nitrogen oxides; Water management; Water supply; methane; nitrous oxide; Emission factors; Field experiment; Gas chromatographs; Global warming potential; Irrigation waters; Management scheme; Water use efficiency; WETTING AND DRYING; agricultural emission; emission control; gas chromatography; greenhouse gas; irrigation; methane; nitrogen dioxide; paddy field; water management; agricultural land; alternate wetting and drying irrigation; Article; Bangladesh; carbon footprint; comparative study; concentration (parameter); continuous flooding irrigation; crop management; dry season; gas chromatography; grain yield; greenhouse effect; irrigation (agriculture); physical chemistry; priority journal; seasonal variation; water management; Greenhouse gases
SCOPUS:2-s2.0-85200945219,2024,10.1016/j.agwat.2024.108994,Growth and productivity of direct-seeded basmati rice (Oryza sativa L.) as influenced by sowing dates and irrigation schedules in north-western India,Economics; First irrigation; Irrigation schedules; Paddy; Water balance,India; Crops; Economics; Evapotranspiration; Grain (agricultural product); Water conservation; Water management; Water supply; Basmati rice; Crop evapotranspiration; Crop water productivity; First irrigation; Grain yield; Irrigation schedule; Irrigation waters; Paddy; Sowing date; Water balance; agricultural economics; crop production; experimental study; growth; irrigation; paddy field; rice; sowing date; Irrigation
SCOPUS:2-s2.0-85183622938,2024,10.1016/j.spc.2024.01.014,The environmental impacts of reusable rice packaging: An extended comparative life cycle assessment,Circular economy; Environmental impact assessment; Material flow analysis; Plastic packaging; Reuse; Sustainable design,Carbon footprint; Environmental impact assessments; Global warming; Life cycle; Packaging; Packaging materials; Product design; Recycling; Reusability; Sensitivity analysis; Sustainable development; Circular economy; Food loss; Food waste; Materials flow analysis; Plastic packaging; Preparation phasis; Product systems; Reusable packaging; Reuse; Single use; Ecodesign
SCOPUS:2-s2.0-85129928768,2022,10.46754/jssm.2022.01.008,WATER FOOTPRINT ASSESSMENT OF PADDY CULTIVATION: QUANTIFYING DIRECT AND INDIRECT WATER CONSUMPTION,Irrigation water consumption; Sustainable paddy cultivation; Water footprint quantification,
SCOPUS:2-s2.0-85097105746,2021,10.1016/j.jclepro.2020.125255,The water footprint of food and cooking fuel: A case study of self-sufficient rural India,Food consumption patterns rural India; Fuelwood for cooking; Water footprint food; Water footprint fuelwood,Animals; Cooking; Developing countries; Food supply; Fossil fuels; Liquefied petroleum gas; Petroleum prospecting; Rural areas; Water resources; Wood products; Food consumption; Fresh water resources; Fuelwood consumption; Fuelwood production; Future prospects; Literature reviews; Percapita consumption; Research questions; Oils and fats
SCOPUS:2-s2.0-85060270787,2019,10.1016/j.atmosenv.2018.12.032,Responses of greenhouse-gas emissions to land-use change from rice to jasmine production in subtropical China,CH<sub>4</sub>; CO<sub>2</sub>; Emission; GWP; Jasmine cultivation; N<sub>2</sub>O; Paddy field,China; Fujian; Fuzhou; Jasminum; Carbon dioxide; Crops; Gas emissions; Global warming; Greenhouse gases; Land use; Neutron emission; Soils; Tropics; carbon dioxide; concrete; ferric ion; methane; nitrous oxide; organic matter; Change in land use; Cumulative emissions; Environmental concerns; Global warming potential; Organic matter inputs; Paddy fields; Structural equation models; Subtropical China; carbon dioxide; carbon emission; crop plant; global warming; land use change; methane; nitrous oxide; organic matter; paddy field; rice; soil property; subtropical region; Article; carbon footprint; China; crop production; cropland; environmental factor; greenhouse effect; jasmine; land use; priority journal; rice; salinity; seasonal variation; soil acidity; soil fertilization; soil temperature; soil water content; structural equation modeling; tropics; Iron compounds
SCOPUS:2-s2.0-85045087765,2015,10.5958/0974-0228.2015.00036.5,"Farm level water footprints, water productivity and nitrogen use efficiency in irrigated rice under different water and nitrogen management",Nitrogen; Rice; Water balance; Water footprints; Water productivity,
SCOPUS:2-s2.0-85041488078,2018,10.1371/journal.pone.0192235,Effect of dolomite and biochar addition on N<sub>2</sub>O and CO<sub>2</sub> emissions from acidic tea field soil,,Acids; Calcium Carbonate; Charcoal; Magnesium; Nitrous Oxide; Soil; carbon; nitrogen; nitrous oxide; acid; biochar; calcium carbonate; calcium magnesium carbonate; charcoal; magnesium; Article; bamboo; carbon footprint; controlled study; denitrification; environmental impact assessment; moisture; rice husk; sawdust; soil acidity; soil moisture; soil property; tea; water content; chemistry; soil
SCOPUS:2-s2.0-85175102276,2022,10.18402/resci.2022.11.09,Planting structure optimization of three main grain crops in 10 northern China provinces based on water footprint method [基于水足迹视角的中国北方 10 省三大粮食作物种植结构优化],grain production; multi-objective planning; planting structure optimization; water footprint; water resources pressure,
SCOPUS:2-s2.0-85168004939,2022,10.36953/ECJ.021805-2121,"Assessment of water footprint based on estimated crop evapotranspiration for paddy, sugarcane and banana under semi-arid climate",Banana; Footprint; Paddy; Sugarcane; Water,
SCOPUS:2-s2.0-85056695801,2018,10.3390/ijerph15112580,Effects of biochar amendment on co<sub>2</sub> emissions from paddy fields under water-saving irrigation,Biochar; CO<sub>2</sub> ; Paddy field; Q<sub>10</sub> ; Water-saving irrigation,Agricultural Irrigation; Air Pollutants; Carbon Dioxide; Carbon Sequestration; Charcoal; Conservation of Water Resources; Environmental Restoration and Remediation; Oryza; Seasons; Soil; carbon dioxide; charcoal; biochar; carbon dioxide; charcoal; Article; carbon footprint; comparative study; correlation analysis; correlation coefficient; flooding; irrigation (agriculture); rice; seasonal variation; temperature sensitivity; water conservation; air pollutant; analysis; carbon sequestration; chemistry; ecosystem restoration; Oryza; procedures; season; soil; water conservation
SCOPUS:2-s2.0-85097582870,2021,10.1016/j.scitotenv.2020.143879,An explorative assessment of environmental and nutritional benefits of introducing low-carbon meals to Barcelona schools,Life cycle assessment; Public meals; School canteens; Sustainability; WEF nexus,Carbon; Environment; Food Supply; Humans; Meals; Schools; Barcelona [Barcelona (PRV)]; Barcelona [Catalonia]; Catalonia; Spain; Varanidae; Behavioral research; Carbon; Global warming; Hydroelectric power plants; Land use; Life cycle; Nutrition; alpha tocopherol; ascorbic acid; retinol; saturated fatty acid; carbon; Behavioural changes; Climate change mitigation; Global warming potential; Life Cycle Assessment (LCA); Local government; Nutritional benefits; Nutritional changes; Primary energy demand; assessment method; carbon; climate change; environmental conditions; life cycle analysis; local government; nutrition; sustainability; Article; behavior change; bread; calcium intake; caloric intake; carbon footprint; cereal; controlled study; dairy product; dietary fiber; dietary intake; egg; electricity; environmental impact; exploratory research; fat intake; fish; food composition; food waste; fruit; greenhouse effect; human; iron intake; legume; life cycle assessment; low carbon meal; magnesium intake; meal; nutritional health; nutritional value; pasta; potassium intake; potato; poultry meat; priority journal; protein intake; rice; salt intake; solar energy; Spain; sugar intake; vegetable; vitamin intake; catering service; environment; meal; school; Environmental impact
SCOPUS:2-s2.0-85166190056,2022,10.30852/sb.2022.1816,Energy and water footprints comparison of East Asia: A heterogeneity analysis,East Asia; Embodied energy; Multiregional inputoutput analysis; Water footprint,
SCOPUS:2-s2.0-85173427218,2024,10.1016/j.scitotenv.2023.167525,"Understanding human-water nexus in a floodplain district of the Brahmaputra Valley, India: An integration of socio-hydrological and rural hydrological approaches",Brahmaputra valley; Human-water nexus; Interdisciplinary approach; Rural hydrology; Socio-hydrology,Brahmaputra Valley; Economic analysis; Groundwater; Rural areas; Surface waters; Water conservation; Water management; Brahmaputra; Brahmaputra valley; Cultural practices; Flood plains; Human-water nexus; Interdisciplinary approach; Rural hydrology; Socio-cultural; Socio-hydrology; Water interactions; floodplain; hydrology; interdisciplinary approach; livelihood; management practice; rural area; water management; agricultural land; aquatic environment; Article; community; economic well-being; fishing; floodplain; human; hydrology; India; integration; pond; rice; rural area; social evolution; vegetation; water conservation; water footprint; water supply; Floods
SCOPUS:2-s2.0-85214280330,2025,10.18686/cest249,Investigation of hygrothermal behavior of a novel bio-based panel: Experiment and numerical simulation,coupled heat and moisture transfer; hygroscopic material; inverse parameter estimation; liquid water permeability; straw composite,
SCOPUS:2-s2.0-85162707737,2024,10.1177/0734242X231176733,"An in-depth analysis of hospital food waste in terms of magnitude, nutritional value, and environmental and financial perspectives: A cross-sectional study",Carbon footprint; financial; food waste; hospital; nutritional status; patient,Adult; Cross-Sectional Studies; Food Loss and Waste; Hospitals; Humans; Lunch; Nutritive Value; Refuse Disposal; Environmental impact; Finance; Hospitals; Land use; Sustainable development; retinoic acid; Cross-sectional study; Environmental values; Financial; Financial values; Food waste; In-depth analysis; Nutritional status; Nutritional value; Patient; Standard deviation; carbon footprint; finance; food waste; hospital sector; nutritional status; nutritive value; waste management; adult; anemia; anthropometric parameters; Article; body composition; body mass; carbon dioxide emission; carbon dioxide equivalent; carbon footprint; consumer price index; cost benefit analysis; cross-sectional study; dietitian; ecological footprint; educational status; environmental impact; fast food; female; fluid intake; food composition; food intake; food waste; Global Assessment of Functioning; greenhouse effect; greenhouse gas emission; health care cost; hospital food service; hospital patient; human; length of stay; macronutrient intake; major clinical study; male; malnutrition; meal; micronutrient intake; Mini-Nutritional Assessment; nutritional assessment; nutritional value; occupation; questionnaire; recall; smoking; vitamin intake; water footprint; hospital; nutritional value; waste disposal; Carbon footprint
SCOPUS:2-s2.0-84897417675,2014,10.1038/nature13164,Methane fluxes show consistent temperature dependence across microbial to ecosystem scales,,Anaerobiosis; Aquatic Organisms; Archaea; Atmosphere; Carbon Cycle; Carbon Dioxide; Cell Respiration; Ecosystem; Geologic Sediments; Global Warming; Greenhouse Effect; Methane; Oryza sativa; Photosynthesis; Seasons; Temperature; Wetlands; carbon dioxide; methane; carbon cycle; carbon emission; ecosystem response; global warming; methane; methanogenesis; microbial activity; photosynthesis; remineralization; respiration; seasonal variation; temperature effect; air pollution; anaerobic capacity; article; carbon footprint; ecosystem; methanogen; microbial community; nonhuman; photosynthesis; priority journal; seasonal variation; temperature dependence
SCOPUS:2-s2.0-84884866477,2013,10.1155/2013/638582,Emission of carbon dioxide influenced by different water levels from soil incubated organic residues,,Animals; Carbon; Carbon Dioxide; Soil; Water; carbon dioxide; organic carbon; organic matter; water; carbon; carbon dioxide; soil; water; carbon; article; carbon balance; carbon footprint; carbon sequestration; controlled study; cow; decomposition; flooding; nonhuman; organic waste; plant root; poultry; rice; soil; soil water content; straw; animal; chemistry; chemistry; soil
SCOPUS:2-s2.0-85144209034,2022,10.31018/jans.v14i4.3896,Assessment of water footprint for a few major crops in Banas River Basin of Rajasthan,Agricultural water footprint; Blue water footprint; Sustainable agriculture; Water scarcity; Water use,
SCOPUS:2-s2.0-80054981256,2011,10.1038/nature10452,Solutions for a cultivated planet,,"Agriculture; Conservation of Natural Resources; Diet; Environment; Food Supply; Humans; Models, Theoretical; methane; nitrous oxide; agricultural intensification; biodiversity; environmental impact; farming system; food production; food security; land degradation; malnutrition; natural resource; population growth; sustainability; agriculture; article; biodiversity; climate; climate change; crop production; deforestation; ecosystem; environmental impact; environmental protection; food availability; greenhouse gas; land use; livestock; pollution control; priority journal; resource allocation; rice; soil fertilization; sustainable development; waste minimization; water pollution"
SCOPUS:2-s2.0-105037027888,2026,10.1016/j.scitotenv.2026.181828,The wide (un)sustainability ranges of agroexporting territories: Insights from Uruguay,Agroexports; Concentration; Global trade; Sustainability; Uruguay,Forestry; Grain (agricultural product); biomaterial; pesticide; Agroexport; Concentration; Global trade; Integrated assessment; Market orientation; Performance; Pesticide use; Social and environmental; Uruguay; Water use; agricultural land; article; controlled study; forestry; fruit; grain; land use; meat; nonhuman; rice; social pressure; Uruguay; vegetable; Concentration (process); International trade; Sustainable development
SCOPUS:2-s2.0-84983458758,2016,10.1371/journal.pone.0160612,"Inter-annual variability of area-scaled gaseous carbon emissions from wetland soils in the Liaohe Delta, China",,Carbon; Carbon Dioxide; China; Environmental Monitoring; Methane; Seasons; Soil; Wetlands; carbon; carbon dioxide; methane; sodium chloride; carbon; carbon dioxide; methane; soil; Article; biogeochemical cycling; carbon footprint; carbon sequestration; China; environmental management; habitat; hydrology; photosynthesis; Phragmites australis; rice; salinity; seasonal variation; soil temperature; wetland; chemistry; environmental monitoring; procedures; season; soil
SCOPUS:2-s2.0-85138481396,2022,10.1007/s40948-022-00469-0,A clean and sustainable CO<sub>2</sub> storage method in construction materials,Al recycling; Carbon dioxide; Carbon storage; Greenhouse gases; Hydrogen fuel,Aluminum compounds; Blast furnaces; Carbon footprint; Compressive strength; Construction industry; Curing; Durability; Environmental management; Fly ash; Global warming; Greenhouse gases; Heavy metals; Hydrogen storage; Leaching; Portland cement; Recycling; Sustainable development; Al recycling; Buildings materials; Carbon storage; Cement production; CO 2 emission; Greenhouse gas emissions; Greenhouses gas; Hydrogen gas; Rice-husk ash; Water production; carbon dioxide; carbon emission; carbon storage; future prospect; greenhouse gas; sustainable development; Carbon dioxide
SCOPUS:2-s2.0-85205228988,2024,10.12912/27197050/192593,Methane Emission in a Small-Scale Rice Field under Two Different Water Management Strategies – An Insight for Landscape Level Adjustments,AWD; carbon footprint; global warming; greenhouse gas; methane; rice production,
SCOPUS:2-s2.0-85036616954,2017,10.17151/luaz.2017.45.4,"Local perception of ecosystem services offered in agricultural farms in the dry zone North of Tolima, Colombia [Percepcion local de los servicios ecosistemicos ofertados en fincas agropecuarias de la zona seca del norte del tolima, Colombia]",Livestock; Management Capacity; Rice Production; Vulnerability,
SCOPUS:2-s2.0-85211247277,2024,10.30919/esfaf1267,"Investigating the Mechanical Properties, Durability, and Environmental Impact of Partial Cement Substitution with Slag Cement and Rice Husk Ash for Sustainable Concrete Production",Concrete manufacturing; Partial cement substitution and environmental effect; Rice husk ash (RHA); Slag cement (SC); Sustainability,
SCOPUS:2-s2.0-85076236535,2019,10.1073/pnas.1910935116,Assessing the sustainability of post-Green Revolution cereals in India,Cereals; Green Revolution; India; Sustainable agriculture; Tradeoffs,Agriculture; Edible Grain; Environment; Food Supply; Humans; India; Nutritive Value; Oryza; Sustainable Development; Article; carbon footprint; catering service; cereal; climate; ecosystem resilience; energy resource; food availability; food industry; India; irrigation (agriculture); nutrient; priority journal; water supply; agriculture; environment; food grain; human; nutritional value; Oryza; procedures; sustainable development
SCOPUS:2-s2.0-85112106268,2021,10.15809/irriga.2021v1n2p248-263,Water footprint of rice cultivated under different irrigation managements [Pegada hídrica do arroz cultivado sob diferentes manejos de irrigação],Flooded; Irrigation methods; Oryza sativa; Sprinkler,Oryza sativa; cultivation; farming system; flood; irrigation system; rice; water footprint
SCOPUS:2-s2.0-85147882246,2023,10.3390/ijerph20032738,"Environmental, Human and Ecotoxicological Impacts of Different Rice Cultivation Systems in Northern Thailand",carbon footprint; ecotoxicological; human health; rice cultivation; water footprint,Agriculture; Chlorpyrifos; Humans; Oryza; Pesticides; Thailand; Water; Thailand; acephate; butachlor; chlorpyrifos; fipronil; glyphosate; metaldehyde; pesticide; soil organic matter; unclassified drug; chlorpyrifos; pesticide; water; agricultural practice; anthropogenic effect; carbon footprint; cultivation; ecotoxicology; environmental impact; public health; rice; water footprint; agricultural procedures; Article; carbon footprint; crop management; crop production; ecotoxicology; environmental impact; environmental monitoring; environmental sustainability; freshwater environment; geographic distribution; greenhouse gas emission; human impact (environment); life cycle assessment; nonhuman; pollution transport; rice; soil analysis; Thailand; water footprint; agriculture; human; Oryza; procedures; Thailand
SCOPUS:2-s2.0-105041672888,2026,10.7324/JABB.2026.273153,Biotechnology of millets: Current scenario and future prospects,Bio-fortification; Biotechnology; Genetic transformation; Millets,
SCOPUS:2-s2.0-105010536960,2025,10.1093/plphys/kiaf056,Vertical farming limitations and potential demonstrated by back-of-the-envelope calculations,,"Agriculture; Crops, Agricultural; Electricity; agriculture; crop; economics; electricity; growth, development and aging; procedures"
SCOPUS:2-s2.0-85045039426,2018,10.1371/journal.pone.0195238,Quantifying differences in water and carbon cycling between paddy and rainfed rice (oryza sativa l.) by flux partitioning,,"Agriculture; Carbon Cycle; Climate Change; Conservation of Water Resources; Crops, Agricultural; Greenhouse Gases; Models, Biological; Oryza; Rain; Republic of Korea; Water; Water Resources; carbon; carbon dioxide; methane; nitrous oxide; rain; water; rain; agroecosystem; agronomic trait; Article; canopy; carbon cycling; carbon footprint; climate change; comparative study; cropping system; evapotranspiration; grain yield; growing season; leaf gas exchange; nonhuman; plant growth; plant water use; quantitative analysis; rice; seasonal variation; water availability; water loss; water supply; agriculture; biological model; carbon cycle; crop; greenhouse gas; growth, development and aging; metabolism; Oryza; procedures; South Korea; supply and distribution; water conservation"
SCOPUS:2-s2.0-85169476682,2023,10.24857/rgsa.v17n5-022,EVALUATION OF THE WATER FOOTPRINT OF RICE CULTIVATION IN THE LOWER SÃO FRANCISCO RIVER IN SERGIPE [AVALIAÇÃO DA PEGADA HÍDRICA DA RIZICULTURA NO BAIXO SÃO FRANCISCO SERGIPANO],Rice Cultivation; Water Management; Water Resource Indicator,
