UT,PY,LA,DT,TI,DE,ID,AB
WOS:001497103900001,2025,English,Article,Projecting rice water footprint for different shared socioeconomic pathways under arid climate conditions,,IRRIGATION STRATEGIES; GRAIN-YIELD; CROPS; MODEL; TEMPERATURE; SCENARIOS; IMPACTS; STRESS; MAIZE; WHEAT,"Climate change would intensify water and food scarcity in arid regions. As a main cereal crop, projecting rice water consumption and yield responses to climate change is crucial for improving water management and ensuring food security. This study projected the effect of climate change on rice yield (Y), evapotranspiration (ET), and total water footprint (WFT) in Damietta, Egypt, under two Shared Socioeconomic Pathways (SSPs): 2-4.5 and 5-8.5. First, five global climate models (GCMs) were evaluated for their accuracy in capturing the baseline temperatures (T) and precipitation (Pr) under the SSPs scenarios. Then, AquaCrop-GIS, integrated with ensemble downscaled GCMs data, was used to project the future climate change impacts on rice Y, ET, and WFT under a 3-day irrigation frequency regime (3IF) and two SSPs and CO2 emission scenarios during 2021-2099. Results indicated that GCMs accurately predicted climate variables during the baseline. Without CO2 effect, Y would slightly increase (1.07%-3.03%) during the 2030s and 2050s but significantly decline (4.55%-18.94%) during the 2070s and 2090s under the SSPs scenarios. However, with CO2 effect, Y would significantly increase (14.19%-28.31%) during 2021-2099. Projected ET would decline (1.42%-18.98%) under the SSPs and CO2 scenarios over time. Meanwhile, without CO2 effect, the WFT would increase by 2.88% to 17.13% during the 2070s and 2090s. However, with CO2 effect, the WFT would decrease significantly (15.45%-34.50%) under the SSPs scenarios during the future periods. The findings help growers and policymakers develop effective water management strategies for agricultural sustainability in arid regions."
WOS:001486941000001,2025,English,Article,A novel assessment framework for colored-water footprint inequality in China,Colored-water footprint; Inequality; Gini coefficient; Imbalance index; Primacy Index,INPUT-OUTPUT-ANALYSIS; RICE; TRADE; CROPS; GREEN; BLUE,"This study establishes a novel model capable of diagnosing the inequality of China's colored-water footprint (CWF) allocation through a multi-dimensional perspective for the years 2012, 2015, and 2017. The results indicate the following: (1) The grey water footprint (WFgrey) exceeds both the blue water footprint (WFblue) and the green water footprint (WFgreen). Provinces with higher CWF values are primarily located in the central, eastern, and southern geographical regions of China. (2) Provinces with substantial CWF outflow are primarily those with high GDP or extensive agricultural production, such as Jiangsu, Guangdong, Shandong, Henan, Zhejiang, and Sichuan. The sectors contributing most to net CWF outflows are agriculture and industry. (3) Although the Gini coefficients for CWF and socio-economic factors all remain below the warning threshold of 0.4, the Imbalance indices deviate significantly from the absolute balance line in most provinces, except for the WFgreen-population. Additionally, the Gini coefficient of water stress index (WSI) (0.608 similar to 0.703) is substantially higher than that of CWF (0.000 similar to 0.327). (4) The CWF Primacy Index for all provinces is significantly below the ideal level, indicating a polycentric spatial structure for CWF distribution across China. These findings offer valuable scientific insights for informing equitable CWF distribution strategies."
WOS:001510728600001,2025,English,Article,"Assessing climate change impacts on water footprint of crop production and crop yield: a case study of the Wu River basin, Taiwan☆",SWAT model; Climate change; Crop yield; Water footprint,RICE; SWAT; AGRICULTURE; PERFORMANCE; REDUCTION; CATCHMENT; SCARCITY; DEMAND; SOIL,"Evaluating the water footprint of crop production is crucial for achieving sustainable agriculture and efficient water resource allocation in the watershed, particularly in the context of climate change. This study leverages the SWAT model and AR5 climate scenario data to simulate crop water consumption, grey water demand, and crop yield variations under the RCP8.5 scenario for the late 21st century in the Wu River basin, Taiwan. The findings reveal a 1-7% decrease in blue-green water consumption, alongside a significant increase in grey water demand (33-63% for nitrate nitrogen and 68-113% for total phosphorus). Variation in rainfall patterns impact blue-green water consumption and directly affect crop yields, with projected reductions averaging 18% for rice, 41% for sweet potatoes, and 45% for oranges. The blue-green water footprint of paddy fields in the region is already six times the global average and 1.8 times that of irrigated regions worldwide. Under climate change scenarios, the blue-green water footprints of rice, sweet potatoes, and oranges are projected to increase by 122%, 154%, and 196%, respectively. This research highlights sustainable agricultural practices for Taiwan and beyond, emphasizing the need to address rising nutrient grey water demand from extreme rainfall. It recommends alternative crops or reduced phosphorus fertilizer use to mitigate agriculture's environmental impact, ensuring sustainable development in the Wu River basin and similar regions globally."
WOS:001431087400001,2025,English,Article,The Water-Soil Resource Matching Pattern of Grain Crops in the North China Plain from the Perspective of the Physical Water-Water Footprint,grain; physical water; water footprint; land footprint; water-soil matching pattern; North China Plain,CLIMATE-CHANGE; TRANSITION; TRANSFERS; IMPACTS; DEMAND; STRESS,"The agricultural water-soil matching coefficient is a key factor for reflecting regional grain production status, which can be used to evaluate the reasonableness of water-soil allocation in certain areas. Taking the North China Plain (NCP) as the study area, in this study, we constructed a framework from a ""physical water-water footprint"" standpoint. The binary matching characteristics of ""water-soil-grain"" were then analyzed, and the water-soil matching coefficient method was employed to evaluate the pattern of water-soil matching for the years 1984, 1998, 2003, and 2022. Through the perspective of physical water-water footprint coupling, field trials of grain were utilized to calculate the range of water-soil matching coefficients under high yields. The results showed the following: (1) From 1949 to 2022, the grain yield and planting areas increased. Wheat, the dominant crop, required substantial irrigation. Precipitation, cultivated land, and irrigation water exhibited spatial mismatches over the last ten years. (2) The total water footprint showed an increasing trend, and the blue water footprint accounted for 19.47%. The spatial distribution of the water and land footprints of grain crops largely overlapped, and their values were higher in the central and southern regions, and lower in the north. (3) The current water-soil matching coefficient was in the range of [0.28, 1.75], which fell outside the optimal range of [0.534, 0.724]. The soil-water matching coefficients of wheat and rice were overall higher than those of other crops. We found higher values in the southwestern region and lower values in the northern areas, which aligns with the boundary of the groundwater funnel area. To address the identified challenges, we recommend implementing a tiered regulatory zone system based on the matching coefficient. The government should encourage a reduction in water-intensive crops like wheat and rice in high-value regions by providing subsidies. Additionally, a monitoring mechanism for water and soil compatibility should be established, considering the specific growth requirements of various crops."
WOS:001619389300003,2025,English,Article,Irrigation and percolation management for reducing water footprint and nutrient leaching in rice-based ecosystems,Water reuse; Rice water footprint; Nitrogen leaching; Phosphorus leaching; Ponding irrigation,LOWLAND RICE; DRYING IRRIGATION; CROPPING SYSTEMS; RUNOFF LOSSES; PADDY FIELDS; YIELD; PRODUCTIVITY; NITROGEN; GROWTH; EFFICIENCY,"Inefficient water management can lead to water and nutrient losses in rice cultivation, causing economic and environmental challenges. This study evaluated the effects of irrigation and percolation management on nutrient leaching, rice yield, and water footprint using field lysimeters during the Aman (wet) and Boro (dry) seasons in Mymensingh, Bangladesh. Irrigation treatments included zero ponding (saturated soil), 2-cm ponding, and 5-cm ponding, while percolation management involved uncontrolled percolation, reuse of percolated water, and no percolation. Leachate samples collected every 10 d were analyzed for mineral nitrogen and available phosphorus, with yield and water use measurements. The zero ponding treatment yielded lower water footprints in the Aman and Boro seasons (1 224 L/kg and 1 289 L/kg, respectively) than the 2-cm ponding (1 252 L/kg and 1 662 L/kg, respectively) and 5-cm ponding (1 360 L/kg and 1 953 L/kg, respectively) treatments, with comparable grain yields. The no-percolation treatment increased tiller count in the Aman season but had no significant effect in the Boro season. The uncontrolled percolation treatment resulted in total percolated water depths of 10-13 cm and 20-21 cm in the Aman and Boro seasons, respectively. The no-percolation treatment led to lower water footprints (1 224-1 289 L/kg) than the uncontrolled percolation (1 409-1 706 L/kg) and percolation-reuse (1 448-1 516 L/kg) treatments. Percolation reuse reduced phosphorus leaching in the Aman season, lowered NH+4-N leaching late in the Boro season, and decreased NO 3-N leaching in multiple events compared to uncontrolled percolation. These findings inform improved water and nutrient management strategies in rice ecosystems for enhanced sustainability. (c) 2025 Hohai University. Published by Elsevier B.V. This is an open access article under the CC BY license (http://creativecommons.org/ licenses/by/4.0/)."
WOS:001585827900001,2025,English,Article,Unveiling the future water footprint of paddy cultivation: evidence from a humid tropical country,paddy; water footprint forecasting; CROPWAT; LARS-WG,LARS-WG; RAINFALL; CROPS,"Climate-water-agriculture interactions exist in a dynamic way and present increasing challenges due to climate change effects. Water scarcity emerges as a critical problem as it may reduce agricultural output and threatening future food availability. Water resource planning has become critical to ensure sustainable agricultural development. The water footprint (WF) concept evaluates agricultural water consumption by dividing it into blue, green and grey components to provide a complete assessment of water usage for agricultural decision-making. The water needs of paddy cultivation are particularly high which makes it vulnerable to climate changes. This study aims to predict future WF of paddy in Malaysia's main rice-growing regions (Kedah and Kelantan) considering off-season (S1) and main season (S2). LARS-WG weather generator used to produce simulated future climate variables. The estimated WF components were determined through CROPWAT and Water Footprint Assessment Manual after applying the projected climate variables. The projection indicates a rise in temperatures and irregular patterns of precipitation distribution. Until the year 2040, the projections indicate that S1 will exhibit a greater WF than S2 except for the case of Kedah during S2. All models forecast green > grey > blue for both seasons except for Kelantan in S1, where it is also green > blue > grey. Adequate rainfall can reduce irrigation demand, thus lowering the blue WF. Optimizing the frequency and amount of fertiliser application offers potential to reduce the grey WF component. These insights support future planning for climate-resilient and water-efficient paddy cultivation."
WOS:001481972100001,2025,English,Article,"The effect of irrigation practices on stress-related physiological characteristics, water productivity, and water footprint in rice cultivation",Plant physiology; Water productivity; Water footprint; Alternate wetting and drying; Saturated soil irrigation; SDG 6: Clean water and sanitation,DROUGHT STRESS; CHLOROPHYLL FLUORESCENCE; STOMATAL CONDUCTANCE; OXIDATIVE STRESS; PHOTOSYNTHETIC PIGMENTS; C-3 PLANTS; WHEAT; TOLERANCE; YIELD; MECHANISMS,"Water plays a critical role in rice cultivation, a major export commodity in Thailand, especially under climate-induced drought conditions. This study evaluated the impact of three irrigation practices-continuous flooding (CF), alternate wetting and drying (AWD), and saturated soil irrigation (SSI)-on physiological parameters and water usage in paddy fields. The results showed no significant differences in physiological traits such as stomatal conductance (g(sw)), leaf temperature (T-leaf), chlorophyll fluorescence (F-s), quantum yield (Phi(PsII)), osmolality, and MDA content. However, water consumption differed notably: in the first crop season, CF, SSI, and AWD used 9,931, 7,106, and 7338 m(3)/ha, respectively, while in the second season, usage was 9,427, 5,746, and 5794 m(3)/ha. Grain yield remained similar across treatments: 4.13, 4.03, and 4.08 tons/ha in the first crop season, and 4.21, 4.23, and 4.66 tons/ha in the second crop season for CF, SSI, and AWD, respectively. Water productivity (WPIR) for CF, SSI, and AWD was 0.42, 0.57, and 0.56 kg m(-3) in the first crop season and 0.45, 0.74, and 0.80 kg m(-3) in the second crop season. The consumptive water footprint (WFconsumption) also varied, with values of 2,607, 1,976, and 2007 m(3)/ton in the first crop season and 2,431, 1,549, and 1401 m(3)/ton in the second crop season, with the highest in the direct blue water footprint category. AWD and SSI significantly increased water productivity. The study underscores the potential of physiological data as a tool to inform sustainable on-farm irrigation strategies. The integration of such practices could contribute to climate-resilient and resource-efficient rice production systems."
WOS:001607893200006,2025,English,Article,Optimization of cropping structure of staple crops and benefit evaluation based on carbon-water footprint in the black soil region of Northeast China,Multi-objective optimization; Carbon footprint; Water footprint; Eco-efficiency; Crop layout,DEMAND,"As climate change and population growth exacerbate ecological crises, sustainable agricultural management is essential to mitigate food security risks. Optimizing cropping structures by balancing economic, social, and ecological benefits based on carbon and water footprints has emerged as a critical pathway in achieving climate-resilient agriculture. However, existing multi-objective optimization models and evaluation methods often produce multiple optimization solutions due to non-linearity and high dimensionality or are limited by issues such as the autocorrelation of input indicators, which can hinder the derivation of sufficiently optimized outcomes. To address these challenges, this study focuses on the black soil region of Northeast China, one of the country's most important grain production bases. For the first time, we have introduced the combination of the NSGA-III genetic optimization algorithm with the entropy weight-TOPSIS method. This approach aims to screen the optimized solution set and determine the optimal cropping structure scheme at the municipal scale within the study region, thereby providing a robust framework for decision-making that supports sustainable agricultural development. The results showed that rice had the highest carbon footprint followed by soybean and maize. Major contributors to carbon emissions in the study region were methane from paddy fields, straw burning, and nitrogen fertilizer input with respective contribution rates of 24.72 %, 23.30 %, and 17.41 %. Soybean had the highest water footprint followed by maize and rice, with green water dominating the major component. After optimization, the area under cultivation in the central part of the study area will increase by at least 12.96 x 104 ha, while the area under cultivation in the northern part will decrease by 119.33 x 104 ha. The planting areas of maize and rice will decrease by about 11.87 x 104 ha and 6.37 x 104 ha, respectively, while the planting area of soybean will increase by about 8.84 x 103 ha. The study provides a decision-making basis for optimizing the cropping structure in the black soil region of Northeast China, facilitating the promotion of sustainable agricultural production and the development of climate-smart agriculture."
WOS:001326740600001,2024,English,Article,"Urban water footprint in Mashhad, Iran's second largest city",Direct water footprint; north-eastern Iran; total water footprint; virtual water footprint; water scarcity,FOOD-CONSUMPTION; CHALLENGES; SECURITY; CHINA,"The water footprint (WF) is a metric used to quantify the total volume of fresh water consumed directly and indirectly by individuals and communities; it helps to inform responses to global challenges such as water scarcity, climate change and sustainable water management. This study assessed virtual (VWF), direct (DWF) and total (TWF) water footprints in Mashhad, Iran's second largest city. Data collected from 382 households showed that the average individual VWF was 1314 m3 per month, the average individual DWF was 228 m3 per month and the average individual TWF was 1538 m3 per month. Additionally, key consumption patterns were identified, with rice and bread emerging as the most consumed items and vegetables as the least consumed. Over a 5-year period, direct water use declined. Significant correlations emerged between family size, annual cost and VWF and TWF, yet no association was found between age and the WFs. There were income-based disparities in VWF and TWF but no differences across education levels in terms of DWF, VWF and TWF. These findings offer crucial insights for policymakers and water authorities in formulating effective water-saving policies to address pressing environmental concerns."
WOS:001356821000001,2024,English,Article,Impact of forest cover and human intervention on crop water footprint,blue water footprint; consumptive water footprint; Cropwat 8.0 model; green water footprint; water footprint; white water footprint,VARIABILITY; ENSO; TOOL,"Water, the most needed substance, is declining alarmingly worldwide. This huge water consumption is due to the increasing population and rapid unsystematic urbanization. Water footprint (WF) is an indicator used to understand water consumption, whether it is visible or invisible. Water is majorly consumed in the agricultural sector. This study estimated the crop WF of rice in two urban districts, Ranchi, and Dhanbad, and two forest-covered districts, Palamu and Hazaribagh, of Jharkhand. The study was done for the paddy (rice) crop from 2000 to 2017 through the Cropwat 8.0 model. Ranchi and Dhanbad showed a decrease in consumptive crop WF (WFconsumptive) of rice i.e., 39.92 and 48.29%, respectively, during the study period, whereas Palamu and Hazaribagh showed a comparatively lower decrease with 24.12 and 23.45%, respectively. All four districts experienced lower WFblue than WFgreen. Ranchi is suggested to cultivate rice through rainfed agriculture due to higher WFgreen, good rainfall, and the lowest average WFblue with 167 m(3)/ton throughout the study period. This study also suggests preparing a proper data management system to calculate white WF at a regional and global level to reduce irrigation loss and achieve sustainable water management goals."
WOS:001397601300001,2025,English,Article,A comparative assessment of grey water footprint estimation methods in paddy fields,Drainage water; HYDRUS-2D; Nitrogen; Subsurface drainage; Tier-1 approach,SAVING IRRIGATION STRATEGIES; SUBSURFACE DRAINAGE; USE EFFICIENCY; DRYING IRRIGATION; SIMULATION-MODEL; CROP PRODUCTION; NITROGEN FATE; MAIZE; SOIL; DYNAMICS,"Reliable estimation of the gray water footprint (GWF), a key indicator for assessing freshwater pollution, remains limited due to uncertainties in estimating leaching-runoff fractions and other assumptions in conventional methods. To address this gap, we applied three different methods for estimating the GWF during the rice production process in a subsurface-drained paddy field under mid-season drainage (MSD) and alternate wetting and drying (AWD) strategies: (i) a simple tier-1 approach (T1M), (ii) a field-based estimation method (FBM), and (iii) a modeling approach using the HYDRUS-2D model (HM). During four rice growing seasons in 2011-2015, nitrate concentrations were monitored in drainage water of three subsurface drainage systems with drain spacings and depths of 30 m and 0.90 m (D0.90L30), respectively, 30 m and 0.65 m (D0.65L30), and 15 m and 0.65 m (D0.65L15). The HYDRUS performance was evaluated using the root mean square error (RMSE), normalized root mean square error (nRMSE), normalized mean bias error (nMBE), and model efficiency (EF). The values of RMSE (0.25-0.99 mg L- 1), nRMSE (5.3-19.1 %), nMBE (-2.14-10.47 %), and EF (0.6-1.0) were within the acceptable range in the calibration and validation periods under MSD and AWD. The GWF determined using FBM ranged from 17 to 2995 m3 t- 1, from 701 to 1368 m3 t- 1 using T1M, and from 19 to 2770 m3 t- 1 using HM. The average GWFs determined using FBM, T1M, and HM were 158, 783, and 171 m3 t- 1 under MSD, and 1808, 1053, and 1840 m3 t- 1 under AWD, respectively. While a difference of up to 3961 % was observed between GWFs estimated by FBM and T1M, HM provided closer values to FBM, with relative errors ranging from 5 % to 12 %. The results indicate the HYDRUS-2D model performed well in simulating nitrate losses under MSD and AWD. Therefore, HYDRUS-2D can provide acceptable estimations of the GWF compared to the conventional and widely used T1M."
WOS:001330347300012,2024,English,Article,The role of farm subsidies in changing India's water footprint,,GROUNDWATER DEPLETION; FOOD; ADAPTATION; POLICY; LIMITS,"Dwindling groundwater supplies threaten food security and livelihoods. Output subsidies for farmers are a ubiquitous agricultural policy tool, yet their contribution to growing groundwater stress remains poorly quantified. We show how output subsidies guaranteeing the purchase of crops at higher than market prices may have contributed substantially to declining water tables in India. Our analysis suggests that these policies may have led to a 30% over-production of water intensive crops. In the northwestern state of Punjab, rice procurement can potentially account for at least 50% of the groundwater table decline over 34 years. In the central state of Madhya Pradesh, wheat procurement adopted in the late 2000s appears to have driven a 5.3 percentage point increase in dry wells and a consequent 3.4 percentage point increase in deep tubewells. These results suggest that well-intentioned but poorly designed subsidies can impose harmful externalities on the environment and undermine long-term sustainable development. The study shows that India's agricultural subsidies have driven significant groundwater depletion by incentivizing overproduction of water-intensive crops like rice and wheat. This impact is evident in both Punjab's alluvial aquifers and Madhya Pradesh's hard rock aquifers."
WOS:001373159000002,2024,English,Article,(Water Footprint Assessment of Paddy Cultivation in Muda Area Malaysia),Water footprint; CROPWAT 8.0 programming; rice cultivation; sustainability; Muda area,RICE PRODUCTION; SCARCITY,"Water footprint (WF) can be used as a comprehensive indicator of the use of freshwater resources and as a measurable metric to determine the amount of water used per unit of crop. Rice cultivation uses large amounts of water to increase crop yields. Since water is the most important component for rice cultivation, it is important to understand how much water is used during agriculture and the quantity of water in the rice crop per ton of product. The aim of this study is to evaluate the water footprint of rice crops in the Muda area regulated by the Muda Agricultural Development Board, for five consecutive years from 2018 to 2022. CROPWAT 8.0 computer programming, meteorological data such as (rainfall, temperature, speed wind, relative humidity, and solar radiation) and rice crop yield data are used to estimate water evapotranspiration (ET) for the blue and green water components, and continue the water footprint calculation. Methodological framework according to crop water requirements options based on the water footprint assessment manual. The water footprint calculation focuses on the blue, green, and grey water footprint components. The findings of the study show that the three components of the water footprint differ significantly from each other. In the Muda area, the average value of the green water footprint (WF green ) is 1102.3 m3/ton (56.6 %) higher than blue water footprint (WFblue) which is 506.4 m3/ton (26 %), and the value of the grey water footprint (WFgrey) is 337.4 m3/ton (17.3 %). 57 % green water footprint indicates that there is enough rain to support rice growth. Water footprint assessment provides more comprehensive understanding of the environmental sustainability of rice crops. Data from the assessment can be used to formulate policies that promote sustainable rice cultivation and the cultivation methods."
WOS:001300053700014,2024,English,Article,ECONOMIC STUDY OF CALCULATION THE WATER FOOTPRINT AND VIRTUAL WATER FOR IRAQ'S IMPORTS FROM WHEAT AND RICE DURING 2000-2020,foreign trade; water requirements; water policy; food security,,"The study was aimed to identify the concepts of water footprint and virtual water and how these two concepts could be used to achieve water savings at the local level to meet the water supply deficit in Iraq, which is expected to increase in the coming years through studying the water footprint and virtual water and their impact on the foreign trade for wheat and rice crops during the period 2000-2020 and estimating the most important indicators of virtual water and the water footprint of the study crops due to the importance of these criteria in determining the amount of increase or decrease in the area of the studied crops. According to the foreign trade policy. This study was concluded that the average total water footprint of the wheat and rice crops during the study period is 20.27,13.89 billion m(3 )respectively, and the average percentage of dependence on external water resources for both crops are 20.49%,67.98% respectivly, and the average percentage of self-sufficiency in water resources are 79.51%,32.01%respectivly,and the average unit productivity of irrigation water for both crops is 0.19,0.10 kg/m(3) respectivly during 2000-2020.The average for the water needs of wheat and rice crops during the study period were 6.04,10.19 m(3)/kg respectivly, the average amounts of water used in local production for both crops are 14.23,4.01 billion m(3 )respectivly, the average amounts of virtual water imported for both crops are 6.19,10.03 billion m(3 )respectivly, and the average value of the imported virtual water for both crops is 382,529 thousand dollars during the period 2000-2020."
WOS:001385875000015,2024,English,Article,Green and Blue Water Footprint for Groundnut ( Arachis hypogaea L.) under Irrigation Scheduling and Nutrient Management Practices,Groundnut; Irrigation scheduling; Nutrient management practices; Yield attributes.,,"Background: Water shortage is a key obstacle to the sustainable supply of food to the world and Indian population, since largest consumptive water use. This research paper determines he water footprint of green and blue water for groundnut under an irrigated conditions during different seasons. Methods: The field experiments were conducted at Agricultural College and Research Institute, Tamil Nadu Agricultural University, Madurai, Tamil Nadu during summer, kharif and rabi 2016-2018. The experiments were laid out in a split-plot design with three replications. The main plot consisted of three levels of irrigation scheduling namely 0.8, 0.6 and 0.4 IW/CPE ratios and sub-plots comprised of four nutrient management practices viz., 75% of RDF with 5 tones/ha of charred rice husk, 50% of RDF with 5 tones/ha of charred rice husk, 75% of RDF with 5 tones/ha of charred rice husk along with seed treatment of Arbuscular mycorrhiza and 50% of RDF with 5 tones/ha of charred rice husk along with seed treatment Arbuscular mycorrhiza. Result: The study revealed that the growth attributes, pod yield and haulm yield, rain and irrigation water content and water use studies of groundnut were registered higher with irrigation scheduling at 0.8 IW/CPE ratios along with the application of 75% RDF and 5 tones/ha of charred rice husk as basal with seed treatment of Arbuscular mycorrhiza. The higher green water content has been recorded with irrigation scheduling at 0.6 and 0.4 IW/CPE ratios during summer' and kharif' 2017. The higher blue water content was recorded under irrigation scheduling at 0.8 IW/CPE ratios during all three seasons."
WOS:000961977700001,2023,English,Article,A multi-pollutant pilot study to evaluate the grey water footprint of irrigated paddy rice,Irrigated agriculture; Paddy rice; Multiple pollutants; Water footprint; Water quality management,BUTACHLOR; FIELDS; CROP; PHOSPHORUS; NITROGEN; QUALITY; BLUE,"Grey water footprint (GWF) is one component of water footprint (WF). It considers multiple pollutants and water quality regulations when determining the amount of freshwater required to assimilate the pollution load dis-charged by agricultural production into the receiving water body. This indicator is typically estimated for ac-counting the WF of agricultural productions including paddy rice. This study evaluates the GWF of irrigated paddy rice (IPR) through sampling multiple pollutants in both the inflow and drainage of a pilot area, simul-taneously. It aims to find a realistic range for the GWF of IPR and emphasize the impacts of pollutants, regu-lations (Cmax), and inflow (Qin) variations. For this purpose, an isolated subsurface drained farm in northern Iran was chosen as a pilot area where 32 samples from inflow and outflow were taken during the cultivation period (94 days). Here, the concentrations of electro-conductivity (EC), dissolved oxygen (DO), chemical oxidation demand (COD), nitrate (NO3), total kjeldahl nitrogen (TKN), total phosphorous (TP), total nitrogen (TN), and butachlor herbicide, as well as irrigation and drainage volume were investigated. Cmax was examined through three regulation scenarios: strict (S1), normal (S2), and lenient (S3). In addition, Qin was measured by the methods of water balance and SCD-USDA. Results show that TP was most critical in paddy rice GWF (S1-S2), while DO can be an alternative critical parameter in S3. Based on calculations, GWF was ultimately varied be-tween 1109 and 8079 m3/ton in all scenarios. It incorporated a significant share in WF as its ratio varied between 46% and 86%. Cmax showed relatively higher impacts on GWF comparing with the precise calculation of Qin. Moreover, calculating the net pollution loads of multiple pollutants discharged from paddy field was recom-mended for higher accuracy. As a result, a range for GWF is introduced instead of an absolute value that can be updated by further case studies."
WOS:000990254500001,2023,English,Article,Effects of multidimensional urbanisation on water footprint self-sufficiency of staple crops in China,Crop production; Spatiotemporal variations; Driving force; Virtual water trade,UNIT-ROOT TESTS; VIRTUAL WATER; DRIVING FORCES; CLIMATE-CHANGE; FOOD SECURITY; CO2 EMISSIONS; PANEL-DATA; CONSUMPTION; STIRPAT; IMPACT,"Rapid urbanisation in developing countries has exerted ever-increasing pressure on food and water resource systems. Existing studies mostly focus on impacts of population urbanisation on agricultural water use, disregarding the multidimensional characteristics of urbanisation. Accounting for four dimensions of urbanisation: population, economy, spatial distribution, and society, we assessed the impact of multidimensional urbanisation on the water footprint self-sufficiency rate (WFSS) of three staple crops, that is, the ratio of the water footprint (WF) of crop production to the WF of crop-related consumption, through the case for China over 2000-2017. The socio-economic driving factors and spatial heterogeneity of crop WFSS were further tested. Results show that <30% of high-crop WFSS provinces supplied more than 70% of low-crop WFSS provinces. Social urbanisation and economic urbanisation were the governing positive and negative driving factors of the rice WFSS, respectively. Population urbanisation was the dominant factor attenuating wheat WFSS during the study period, while playing a reverse role in maize WFSS. Impacts of different dimensions of urbanisation on crop WFSS were heterogeneous and even contradictory depending on the crop type, the different processes of urbanisation, and the water endowment and economic level of the provinces. The quantile regression results further indicate that population urbanisation, spatial urbanisation and social urbanisation had greater impact on the higher WFSS (i. e., resulted in virtual water export) of rice and wheat. The current analysis challenges the conventionally monotonous urbanisation-water relationships, and suggests that additional dimensions of urbanisation should be considered when assessing the effects of urbanisation on agricultural water use."
WOS:001104801900016,2023,English,Article,"Water footprint assessment towards food sustainability for the valley region of Manipur, North East India",Food sustainability; rice; satellite data; valley region; water footprint,RICE CULTIVATION SYSTEMS; CROP PRODUCTION,"Water is a scarce resource. Thus water consumption by crops needs to be monitored to maintain future food sustainability. Water footprint (WF) is a tool to estimate water consumption by humans and the available fresh-water. Assessment of WF is significant for planning and managing water scarcity and food security. Rice is a staple crop in Manipur, North East India, requiring a large amount of water for production. In this study, the WF of rice is estimated for the valley region of Manipur for three years using satellite remote sensing and meteorological datasets. The critical parameters required for assessing WF of rice are evapotranspiration, precipitation and yield. For the analysis of WF, MODIS 8 daily evapotranspiration data and the CHIRPS dataset were used for evapotranspiration and precipitation respectively. Three components of WF were analysed in order to attain the Sustainable Development Goals of the United Nations. The analysis of green and blue water footprints suggests that the green- to- blue water footprint ratio is 0.8 to 10. The area exhibits a green-to-blue ratio of less than 1, which indicates a greater utilization of irrigation water ( blue water) in comparison to rainwater (green water). A value less than 1 demonstrates the need to reduce blue water use in these areas by selecting alternative food crops and increasing green water throughout the valley region to achieve the food sustainability goal."
WOS:000650897900001,2021,English,Article,"Water Footprint, Blue Water Scarcity, and Economic Water Productivity of Irrigated Crops in Peshawar Basin, Pakistan",green water footprint; blue water footprint; canal irrigated crops; water scarcity; economic water productivity; Pakistan,RIVER-BASIN; GREEN; AVAILABILITY; AGRICULTURE; SUSTAINABILITY; VARIABILITY; CONSUMPTION; EFFICIENCY; REDUCTION; SOILS,"Pakistan possesses the fourth largest irrigation network in the world, serving 20.2 million hectares of cultivated land. With an increasing irrigated area, Pakistan is short of freshwater resources and faces severe water scarcity and food security challenges. This is the first comprehensive study on the water footprint (WF) of crop production in Peshawar Basin. WF is defined as the volume of freshwater required to produce goods and services. In this study, we assessed the blue and green water footprints (WFs) and annual blue and green water consumption of major crops (maize, rice, tobacco, wheat, barley, sugarcane, and sugar beet) in Peshawar Basin, Pakistan. The Global Water Footprint Assessment Standard (GWFAS) and AquaCrop model were used to model the daily WF of each crop from 1986 to 2015. In addition, the blue water scarcity, in the context of available surface water, and economic water productivity (EWP) of these crops were assessed. The 30 year average blue and green WFs of major crops revealed that maize had the highest blue and green WFs (7077 and 2744 m(3)/ton, respectively) and sugarcane had the lowest blue and green WFs (174 and 45 m(3)/ton, respectively). The average annual consumption of blue water by major crops in the basin was 1.9 billion m(3), where 67% was used for sugarcane and maize, covering 48% of the cropland. The average annual consumption of green water was 1.0 billion m(3), where 68% was used for wheat and sugarcane, covering 67% of the cropland. The WFs of all crops exceeded the global average. The results showed that annually the basin is supplied with 30 billion m(3) of freshwater. Annually, 3 billion m(3) of freshwater leaves the basin unutilized. The average annual blue water consumption by major crops is 31% of the total available surface water (6 billion m(3)) in the basin. Tobacco and sugar beet had the highest blue and green EWP while wheat and maize had the lowest. The findings of this study can help the water management authorities in formulating a comprehensive policy for efficient utilization of available water resources in Peshawar Basin."
WOS:000603487500090,2021,English,Article,The scarcity-weighted water footprint provides unreliable water sustainability scoring,LCA; Water use; Water stress; SDG6; Water efficiency; Water productivity,ENVIRONMENTAL IMPACTS; CROP PRODUCTION; WHEAT; PRODUCTIVITY; CRITIQUE; LEVEL; GREEN; RICE,"To evaluate the environmental sustainability of blue water use or the blue water footprint (WI) of a product, organisation, geographical entity or a diet, two well-established indicators are generally applied: water efficiency and blue water stress. In recent years. the Life Cycle Assessment (LCA) community has developed, used and promoted the indicator scarcity-weighted NNE which aims to grasp both blue water use and blue water stress in one indicator. This indicator is now recommended in an ISO document on water footprinting and many scholars have used associated scarcity-weighted water use indicators. However, questions on its physical meaning and its ability to correctly evaluate water sustainability have emerged. Here, we analyse for global irrigated wheat production to what extend the scarcity-weighted WF addresses blue water stress and water efficiency. We observe inconsistent results, as a significant proportion of unsustainably produced irrigated wheat has better scarcityweighted WF scores as compared to sustainably produced irrigated wheat Using the scarcity-weighted WF or scarcity-weighted water use for policy-making including product labelling, punishes some farmers producing their wheat in a water-sustainable way and promotes some farmers producing wheat unsustainably. Applying the scarcity-weighted WE indicator thereby is contraproductive in reaching the Sustainable Development Goal (SDG) target 6.4 on reducing water stress. In line with the specifications of this SDG target, to evaluate the sustainability of blue water use or the blue WE, the two indicators water stress and water efficiency should be used separately, in a complementary way. (C) 2020 The Authors. Published by Elsevier B.V."
WOS:000759173000006,2021,English,Article,Estimation of the rice water footprint based on machine learning algorithms,Water footprint; Rice production; Climate change; GCMs; Machine learning,CLIMATE-CHANGE; ADDITIVE REGRESSION; NEURAL-NETWORK; RANDOM FOREST; WINTER-WHEAT; CHINA; PRECIPITATION; RIVER; YIELD; REQUIREMENTS,"It is essential to investigate the impact of climate change on the water footprint (WF) of rice from both historical simulation and future projections. In this study, four machine learning (ML) models, including random tree (RT), random forest (RF), additive regression (AR) and reduced error pruning tree (REPT) were used to model blue and green water footprint (BWFP and GWFP) for the present and future stages in the Yunnan Province, southwest China. Climate variables of daily precipitation, temperature, solar radiation, sunshine hours, wind speed, relative humidity and vapor pressure deficit data, yield and sown areas of rice were collected form 16 districts from 1990 to 2018. Six different scenarios (Sc1-Sc6) with different combinations of climate variables, crop coefficient and sown areas were used as inputs of the ML models for each of blue and green water footprint. Also, future climate projections of maximum (Tmax) and minimum (Tmin) temperatures, precipitation and sunshine were adopted for two different emission scenarios, RCP 4.5 and 8.5 from 2021to 2050, based on Geophysical Fluid Dynamics Laboratory (GFDL-ESM2M) model. For BWFP, the RT model in Sc1 with inputs of solar radiation, humidity, and vapor pressure deficit, was superior to the other scenarios with root mean square error (RMSE) and mean average percentage error (MAPE) values of 11.82 (m(3) ton(-1)) and 0.5%, respectively. Sc4 (sown area, Tmin, sunshine hours) and Sc5 (sown area, Tmin, Tmax, crop coefficient) were the best two scenarios for all models applied for BWFP, while addition of precipitation to these two scenarios were the best for GWFP. Further, GWFP was highly negative anomaly in 2011 by 46%, 34% and 32% for the districts 5, 1 and 2 respectively, followed by 2010. Predictions of variable trends in the future showed that crop evapotranspiration during the growing season would increase in all the districts, although effective precipitation (Peff) would have both decreasing and increasing trends. Furthermore, BWFP and GWFP will have an upward trend in the future based on RCP4.5 in Sc4. This investigation addresses water footprint prediction which may assist in mitigation plans such as policies for sustainable water-use and development plans for food security."
WOS:000833397800001,2022,English,Article,Winter Potato Water Footprint Response to Climate Change in Egypt,climate change; potato yield; food security; water footprint; water resources management,AGRICULTURAL PRODUCTION; REFERENCE EVAPOTRANSPIRATION; USE EFFICIENCY; RIVER-BASIN; GREEN; BLUE; CHINA; RICE; MANAGEMENT; IMPACTS,"The limited amount of freshwater is the most important challenge facing Egypt due to increasing population and climate change. The objective of this study was to investigate how climatic change affects the winter potato water footprint at the Nile Delta covering 10 governorates from 1990 to 2016. Winter potato evapotranspiration (ETC) was calculated based on daily climate variables of minimum temperature, maximum temperature, wind speed and relative humidity during the growing season (October-February). The Mann-Kendall test was applied to determine the trend of climatic variables, crop evapotranspiration and water footprint. The results showed that the highest precipitation values were registered in the northwest governorates (Alexandria followed by Kafr El-Sheikh). The potato water footprint decreased from 170 m(3) ton(-1) in 1990 to 120 m(3) ton(-1) in 2016. The blue-water footprint contributed more than 75% of the total; the remainder came from the green-water footprint. The findings from this research can help government and policy makers better understand the impact of climate change on potato crop yield and to enhance sustainable water management in Egypt's major crop-producing regions to alleviate water scarcity."
WOS:001739920600001,2026,English,Article,"Agricultural water footprint: trends, gaps and pathways to achieving sustainability goals",FAOSTAT; Water footprint network; Crop evapotranspiration; Irrigation management; Water-food nexus,CROP EVAPOTRANSPIRATION ESTIMATION; LAND-USE; POLLUTION LEVELS; BIG DATA; REDUCTION; GREEN; BLUE; CONSUMPTION; CRITIQUE; SCIENCE,"Agriculture accounts for nearly 70% of global freshwater withdrawals, intensifying pressure on water resources as climate change and food demand grow. In response, the water footprint (WF) has emerged as a key sustainability indicator, supporting agricultural water governance and the Sustainable Development Goals (SDGs). The present study analyses the evolution, structure, and gaps in agricultural water footprint research by combining bibliometric mapping with global agricultural production statistics. The methodology involves (i) compiling a database of 1574 Scopus-indexed articles addressing the water footprint in agriculture; (ii) data analysis and visualization using Biblioshiny, a Bibliometrix tool that facilitates exploration of conceptual, intellectual, and social structures; and (iii) mapping, systematizing, and interpreting the results to identify key trends, topics, and tools. The results indicate a strong concentration of studies on annual crops, particularly wheat, maize, and rice. In contrast, several perennial crops with higher water footprint receive less scientific attention, despite their potential to exert significant local water pressure. Comparison of scientific output with FAO production data and Water Footprint Network benchmarks reveals a structural misalignment between research focus and crops associated with elevated water demand and regional production pressures. Methodologically, most studies obtain theoretical crop water requirements based on evapotranspiration determination, while empirical validation using field-measured water use remains limited. Recent research increasingly integrates Life Cycle Assessment (ISO 14046), remote sensing, machine learning, and climate-adaptive modelling frameworks. These findings reveal an imbalance in knowledge production and highlight the need to redirect research efforts toward high-impact perennial systems, empirical validation strategies, and technology-enabled water management. Aligning scientific priorities with global production realities is essential to strengthen sustainable agricultural systems and environmental decision-making."
WOS:000872025200001,2022,English,Article,Water Footprint Assessment of Green and Traditional Cultivation of Crops in the Huang-Huai-Hai Farming Region,sustainable crop production; green cultivation; grey water footprint; nitrogen reduction,GRAIN PRODUCTION; USE EFFICIENCY; SUMMER MAIZE; FOOD; GROUNDWATER; IRRIGATION; SIMULATION; IMPACT; INPUTS; YIELD,"With the increasing consumer awareness and knowledge about safe and healthy food, it is imperative to develop 'green' crops with reduced fertilizer application for quality food production, environmental protection and sustainable agricultural development. This study systematically evaluated and compared the water footprint (WF) including WFblue, WFgreen and WFgrey of eight crops including wheat, maize, rice, sweet potato, soybean, millet, mung bean and sorghum under green and traditional cultivation in the Huang-Huai-Hai farming region. The data came from 252 onsite questionnaires conducted in 2018 for land under green and traditional cultivation by 19 green planting companies and farming cooperatives with green food production certification authorized by the government of China. The results revealed that, compared to traditional cultivation, green cultivation under reduced N fertilizer application (1) decreased crop yields by 3-13%; (2) reduced the average WF(total )by 29% to 1168 m(3) t(-1) and average WFgrey by 57% to 419 m(3) t(-1) with no significant differences in WFblue and WFgreen; (3) decreased the WFtotal of maize by 55%, rice by 41%, wheat by 27%, mung bean by 31%, sorghum by 24%, sweet potato by 19%, millet by 17% and soybean by 17%. The WFgrey proportion of WF(total )under green cultivation ranged from 27-57% and contributed the most to the decline in WFtotal. This study offers insight into the impact of green cultivation on water requirements and pollution relative to traditional cultivation. Precision N fertilizer application and improved N use efficiencies on-farm are important pathways to sustainable agricultural development."
WOS:000873849700001,2022,English,Article,A Study on Spatial-Temporal Differentiation and Influencing Factors of Agricultural Water Footprint in the Main Grain-Producing Areas in China,main grain-producing areas; agricultural water footprint; spatial Dubin model,CROP PRODUCTION; CLIMATE-CHANGE; YIELD; RICE,"It is an urgent scientific issue to explore the spatial and temporal differentiation and impact indicators of the agricultural water footprint in major grain-producing areas. Therefore, this study tries to use the water footprint theory to implement top-down calculation of the agricultural water footprint in major grain-producing regions from 2000 to 2019 and investigate the various impacts on the agricultural water footprint under the influence of spatial-temporal effects using spatial autocorrelation and the spatial Dubin model. The results indicate that from 2000 to 2019, the overall agricultural water footprint of China showed a fluctuating downward trend in an inverted N shape and demonstrated high-high and low-low spatial aggregation characteristics. There are notable characteristics, including high spatial dependence, spatial barriers, and path locking of the agricultural water footprint in most provinces and regions of the main grain-producing areas. Policy factors, water-saving technologies, social development, economic development, and industrial structure adjustment are all significantly and negatively correlated with the increase in the agricultural water footprint, while agricultural production and natural factors have a significant positive relationship with the agricultural water footprint. The spatial spillover effect of water-saving technologies, industrial restructuring, agricultural production, and natural factors is powerful. Therefore, a rationally optimized industrial structure, strengthened regional linkage of water resources management and control, and the promotion of efficient water infrastructure technology are important ways to inhibit the agricultural water footprint."
WOS:000902503500001,2022,English,Article,"Water Footprint Assessment for Irrigated Paddy Cultivation in Walawe Irrigation Scheme, Sri Lanka",blue water footprint; rice production; evapotranspiration; irrigation water management,RICE PRODUCTION; CROP PRODUCTION; CONSUMPTION; GREEN; BLUE; FOOD,"Water footprint (WF) is a comprehensive summation of the volume of freshwater consumed directly and indirectly in all the steps of the production chain of a product. The water footprint concept has been widely used in agricultural water resources management. Water for irrigation is supplied in Sri Lanka to farmers at no cost, and thus the question is arising, whether the current management strategies the authorities and the farmers follow are appropriate to achieve productive water utilization. Therefore, this study aims at evaluating the water footprint of rice production in an irrigation scheme in the dry zone of Sri Lanka, the Walawe irrigation scheme. Due to the unreliability of the rainfall in the study area paddy cultivation depends entirely on irrigation, thus, the WFblue, in other terms the volume of water evaporated from the irrigation water supply is considered as the total WF (WFtot) in this study. Actual crop evapotranspiration (equivalent to ETblue) was estimated based on the Penman-Monteith (P-M) model integrating effective rainfall, and crop coefficient published in Sri Lankan Irrigation Design Guidelines. The study spanned for three irrigation years from 2018-2021. Actual irrigation water issued to the field was estimated based on the data recorded by the government body responsible for irrigation water management of the area-Mahaweli Authority of Sri Lanka. The total volume of percolated water was computed employing the water balance method while assuming runoff is negligible. Results show that the average annual WFblue found to be 2.27 m(3)/kg, which is higher than global and national WFtot. As the crop yield in the study area (6.5 ton/ha) is also higher than the global (4.49 ton/ha) and national (3.5 ton/ha) yields, a conclusion was drawn that the irrigation water usage (CWUTblue) in the area may be significantly higher. It was then noted the higher CWUTblue was due to relatively higher evapotranspiration in the area. Thus, it is vital to reduce excess water usage by shifting irrigation practices from flooded irrigation to the System of Rice Intensification (SRI)."
WOS:000803348300001,2022,English,Article,"Tillage, Water and Nitrogen Management Strategies Influence the Water Footprint, Nutrient Use Efficiency, Productivity and Profitability of Rice in Typic Ustochrept Soil",rice; water footprint; nutrient use efficiency; productivity; profitability,DRYING IRRIGATION; ORGANIC-CARBON; CROP; YIELD; WHEAT; AGRICULTURE; GREEN; BASIN,"The current study was conducted to assess how optimal tillage water and nitrogen management system are adopted to reduce various field inputs, to improve water footprint (WF), nutrient use efficiency (NUE), rice productivity and profitability. The W-1 (CS to a depth of 5 cm) achieved significantly higher total water footprint (TWFP) compared to all other irrigation strategies. When N-1 (control) and N-2 (80 kg N ha(-1)) was used, the highest TWFP was observed. The rice transplanted on wide raised beds (WBed-TPR) (0.71 kg m(-3)) yielded the greatest water productivity (WPIRRI), followed by reduced tillage transplanted rice (RT-TPR) and conventional tillage puddled transplanted rice (CT-TPR). The physiological NUE values ranged from 33.3 to 50.6 kg grain/kg N absorption, the values decreasing as the N doses rose. According to the findings, WBed-TPR and RT-TPR plots similarly drank more moisture from the deeper profile layer than CT-TPR practice. In plots of CT-TPR and WBed-TPR, the yield contributing characteristics of rice all increased, while grain yield increased by 16.8% and 10.6% over NBed-TPR technique, respectively. Finally, CT-TPR reported with maximum cultivation costs, followed by NBed-TPR and the lowest in RT-TPR plots, although WBed-TPR had the highest net profit, B: C ratio."
WOS:001790641600001,2026,English,Article,Water footprint and water productivity dynamics of Mediterranean rice under climate change and water regime scenarios,blue water footprint; climate change; DSSAT; green water footprint; water productivity,CROP YIELD; IMPACT; GREEN; BLUE,"Introduction Rice production is highly dependent on water availability and is increasingly exposed to climate-driven changes in evapotranspiration, precipitation patterns, and irrigation demand.Methods This study evaluated future rice water footprint and water productivity responses using DSSAT-CERES-Rice outputs previously calibrated and validated for Mediterranean conditions in T & uuml;rkiye. The validation-year full-irrigation reference was used to represent future irrigated conditions in the present water footprint assessment. Simulations were evaluated using three GCMs, HadGEM2-ES, GFDL-ESM2M, and MPI-ESM-MR, two emission scenarios, RCP 4.5 and RCP 8.5, and three projection periods: 2016-2040, 2041-2070, and 2071-2098.Results For irrigated conditions, mean green + blue water footprint was highest in 2016-2040, reaching 1250 m & sup3; t(-)& sup1; for RCP 4.5 and 1056 m & sup3; t(-)& sup1; for RCP 8.5, but remained lower in the late-future period, reaching 674 and 668 m & sup3; t(-)& sup1;, respectively, by 2071-2098. For rainfed conditions, mean green water footprint was considerably higher in the near-future period, reaching 6401 m & sup3; t(-)& sup1; for RCP 4.5 and 4610 m & sup3; t(-)& sup1; for RCP 8.5, mainly because limited growing-season rainfall and increased water stress reduced simulated yields under non-irrigated conditions. These values remained below the near-future levels in the late-future period, reaching 1869 and 2608 m & sup3; t(-)& sup1;, respectively, in 2071-2098. Irrigation water productivity ranged from 0.88 to 9.37 kg m(-)& sup3;, indicating strong sensitivity to irrigation water use and yield response, particularly in scenarios with low simulated irrigation requirements.Discussion Overall, future rice water footprint was controlled not only by evapotranspiration, but also by yield response, irrigation regime, and GCM-specific climate responses. The study demonstrates that validated DSSAT outputs can be used not only for future yield projection, but also for water footprint assessment, providing a useful framework for future rice water management under climate change."
WOS:001746298500001,2026,English,Article,"A comparative analysis of crop water footprint, practices, and economic water productivity (EWP) in Punjab, Pakistan and Western Australia, Australia",,USE EFFICIENCY; CLIMATE-CHANGE; GROUNDWATER MARKETS; WHEAT; FOOD; IRRIGATION; RAINFALL; IMPACT; YIELDS; MAIZE,"A comprehensive analysis of crop water footprint (WFP), water use efficiency (WUE) and economic water productivity (EWP) between 2010 and 2020 in two climatically and economically diverse agricultural regions: Punjab, Pakistan and Western Australia, Australia was undertaken. Using the Water Footprint Network method and climate, soil and agricultural production data, the study quantified green, blue and grey water footprints for five staple crops in each region. Normalization by local water scarcity and irrigation share was used to compare between the two regions with different water stress levels and irrigation dependence. Results showed that the total crop water requirements in Punjab increased by 12% during the study period due to changing climatic conditions. Cotton and rice had the highest WFP and dependence on irrigation, however generated relatively low economic returns per unit of water, showcasing inefficiency in the current agricultural system. In contrast, rain-fed crops in WA showed lower absolute crop water requirements and lower increases in normalized WFP, with stable WUE and EWP with cereals, showcasing efficient water use under climate-driven limitations. Normalization highlighted the difference in water stress, identifying that Punjab's irrigation-intensive crops put much greater stress on local water resources than WA crops. Integration of biophysical and economic indicators, when normalizing for water scarcity, provides a strong basis to assess water practice of various agricultural systems. The results indicate the necessity for location-specific approaches: increased irrigation efficiency and suitable crop selection in Punjab; and climate-resilient cropping to maximize water use productivity and economic return in WA."
WOS:001791316500001,2026,English,Article,Comparative Analysis of Irrigation Type and Controlled-release Fertilizer Rates on the Gray Water Footprint and Plant Growth of Container-grown Petunias,greenhouse; nutrient runoff; water use efficiency,EFFICIENCY; RICE; CROP,"Runoff from greenhouse production can impair water bodies if nitrate-nitrogen (N) or phosphate-phosphorus (P) leach from container substrates. This study quantified and compared water and nutrient runoff from three irrigation systems combined with two controlled-release fertilizer (CRF) rates during greenhouse production of petunias (Petunia milliflora F1 'Picobella Pink'). The gray water footprint (GWF), defined as the volume of fresh water required to assimilate pollutants and meet water quality standards, was used to standardize environmental impacts among treatments. The experiment followed a 3 3 2 factorial design with irrigation system (mist, drip, and subirrigation) and CRF rate [2.1 g N-1.26 g P-1.68 g potassium (K) or 1.8 g N-1.08 g P-1.44 g K per container]. Irrigation volume was adjusted to supply 110% container capacity. Plant growth, irrigation input, leachate volume, and nutrient concentrations were measured weekly. Differences in plant growth, water use efficiency, nutrient leaching, and GWF were significant by irrigation system, but not by CRF rate or the interaction of irrigation and CRF. Mist irrigation used approximately five times more water than drip or subirrigation and generated the highest nutrient concentrations and GWF values. In contrast, subirrigation produced no discharge, resulting in a GWF of zero, whereas plant growth was comparable with drip irrigation. These findings demonstrate that irrigation system selection strongly influences the environmental footprint in greenhouse container production and that closed or recirculating systems can reduce water use and nutrient losses substantially without compromising crop quality."
WOS:000662946900013,2021,English,Article,"Temporal trends of climatic variables and water footprint of rice and wheat production in Punjab, India from 1986 to 2017",agriculture; evapotranspiration; green water; irrigation water requirement; path analysis; rain water harvesting,REFERENCE EVAPOTRANSPIRATION,"The agriculture sector is vulnerable to climate change and related changes in the hydrological cycle. In order to understand the changes in climatic variables and their implications for agricultural water consumption, the present study aims to analyse the temporal variability of climatic factors and water footprint (WF) of rice and wheat during the period 1986-2017 in Ludhiana, Punjab. Further, it aims to identify the dominant climatic factors that cause variation in reference evapotranspiration (ETo) and WF of rice and wheat. WF was estimated using CROPWAT, and Path analysis was used to determine the dominant climate variables. Temporal trends of climate variables were analysed using the Mann-Kendall test. The total WF of both rice and wheat shows a significant declining trend over the past 32 years. Sunshine duration and wind speed were the dominant factors influencing the variability of total WF of rice and wheat, respectively, whereas rainfall strongly influenced the green and blue WF of rice and wheat. Rainfall had a high variability, and consequently, irrigation water requirement was highly fluctuating. This indicates the significant impact of present and projected erratic pattern of precipitation on agriculture due to climate change and reiterates the importance of adaptive measures like rainwater harvesting and capacity building."
WOS:001793455600001,2026,English,Article,"Blue-green water footprint estimation of wheat-maize cropping pattern in the North-Western Upper Gangetic Plains, India",Rainfall; Crop evapotranspiration; CROPWAT; Wheat and maize; Blue and green water footprint,VIRTUAL WATER; CONSERVATION AGRICULTURE; GROUNDWATER DEPLETION; RICE; REQUIREMENT; TILLAGE; SYSTEM; CROPS; FLOWS,"This study analyses crop water use and water footprints (WF) of the wheat-maize cropping system in the North-Western Plains of the Upper Gangetic Plains (UGP) agro-climatic zone using effective rainfall and crop evapotranspiration estimated through the CROPWAT model along with district-wise yield data. The Based on 22 years of spatial data (2000-2022), the findings reveal significant intra-regional disparities in water availability and dependency. Wheat is mainly dependent on blue water (81% of total WF), whereas maize relies more on green water (78% of total WF). This spatial mismatch highlights the limitations of uniform irrigation strategies and calls for a governance transition toward localized, adaptive water management. Policy incentives must shift away from supporting irrigation-intensive cropping system toward promoting more climate-resilient, water-efficient systems such as wheat-maize to minimize unsustainable groundwater extraction. Institutional coordination across water, agriculture, and climate sectors, along with the integration of water footprint assessments (WFA) into agricultural planning, will be essential to achieving long-term water security and resilient food systems."
WOS:000562364500003,2020,English,Article,Sustainability of the blue water footprint of crops,Water footprint; Crop production; Efficient water use; Water savings; Water scarcity,GROUNDWATER DEPLETION; IRRIGATION; RESOURCES; GREEN; AVAILABILITY; AQUIFERS; MODEL,"Agriculture is the largest water user and the driving force behind global water stress. While several studies have already assessed global green and blue water use in crop production at high spatial resolution, few studies have explicitly linked water scarcity to water use in the production of individual crops and assessed the sustainability of each crop production. We provide a detailed assessment of the sustainability and efficiency of the blue water use in global crop production. The study shows that 57% of the global blue WF is unsustainable. Close to 70% of the unsustainable portion of global blue WF is due to the production of five crops: wheat (27%), rice (17%), cotton (10%), sugarcane (8%), and fodder (7%). These crops have large unsustainable blue WF fraction ranging from 43% for rice to 68% for wheat. Countries with a significant proportion of unsustainable blue WF associated with crop production are primarily found in the Middle East and Central Asia. Qatar is at the top of the list, with about 71% of its blue WF being unsustainable, followed by Uzbekistan (68%), Pakistan (68%), and Turkmenistan (67%). Approximately 25% of the blue water can be saved globally by reducing the crop-specific WF to benchmark level."
WOS:000585713900001,2021,English,Article,"Flood risk mapping and crop-water loss modeling using water footprint analysis in agricultural watershed, northern Iran",Flood damages; Water footprint; Crop water loss; Flood risk management; GIS; Talar watershed,SUSCEPTIBILITY ASSESSMENT; HAZARD AREAS; LAND-USE; GIS; REGION; URBANIZATION; GARDENS,"Spatial information on flood risk and flood-related crop losses is important in flood mitigation and risk management in agricultural watersheds. In this study, loss of water bound in agricultural products following damage by flooding was calculated using water footprint and agricultural statistics, using the Talar watershed, northern Iran, as a case. The main conditioning factors on flood risk (flow accumulation, slope, land use, rainfall intensity, geology, and elevation) were rated and combined in GIS, and a flood risk map classified into five risk classes (very low to very high) was created. Using average crop yield per hectare, the amount of rice and wheat products under flood risk was calculated for the watershed. Finally, the spatial relationships between agricultural land uses (rice and wheat) and flood risk areas were evaluated using geographically weighted regression (GWR) in terms of local R-2 at sub-watershed scale. The results showed that elevation was the most critical factor for flood risk. GWR results indicated that local R-2 between rice farms and flood risk decreased gradually from north to south in the watershed, while no pattern was detected for wheat farms. Potential production of rice and wheat in very high flood risk zones was estimated to be 7972 and 18,860 tons, on an area of 822 ha and 7218 ha, respectively. Loss of these crops to flooding meant that approximately 34.04 and 12.10 million m(3) water used for production of wheat and rice, respectively, were lost. These findings can help managers, policymakers, and watershed stakeholders achieve better crop management and flood damage reduction."
WOS:000456175700113,2019,English,Article,Water footprint of winter wheat under climate change: Trends and uncertainties associated to the ensemble of crop models,Climate change; Green water; Blue water; Water use; Crop yield forecasting,DURUM-WHEAT; CHANGE PROJECTIONS; RICE PRODUCTION; CHANGE IMPACTS; YIELD; TEMPERATURE; SENSITIVITY; EVAPOTRANSPIRATION; REQUIREMENTS; AGRICULTURE,"The impact of climate change could undermine the future grain production as a consequence of increased temperature and drought condition or improve the crop performance owing to the increased CO2 in the atmosphere. Wheat water demand and yield are strictly related to climate conditions of the area where the plants are cropped. In this study, we assessed the future trends of grain yield and water consumption in two European regions, Germany (Continental region) and Italy (Mediterranean region) in the light of the multiple sources of uncertainty related to climate and yield forecasts. Four crop models were set up under combinations of two European climate regions, five Global Circulation Models and two Representative CO2 Concentration Pathways, 486 ppm and 540 ppm in 2050. Yield and water use were assessed under rainfed and irrigated regimes, and the water footprint of green water and total water was estimated. Our results indicated that projected yields were comparable (Mediterranean area) or even improved (+9%; Continental area) in rainfed conditions in comparison to the current trend; and water supply enhanced crop performance (+22% in Germany and +19% in Italy, as mean). Crop water consumption (both green and blue) remained stable in future projections but the water footprint was 5% lower on average in Italy and 23% in Germany when compared to the baseline. Despite the uncertainty in future predictions related to the factors analysed, our result indicated that current wheat production and its water footprint could become more favourable under climate change. (C) 2018 Elsevier B.V. All rights reserved."
WOS:000981100400001,2023,English,Article,"Precision Nutrient Management in Zero-Till Direct-Seeded Rice Influences the Productivity, Profitability, Nutrient, and Water Use Efficiency as Well as the Environmental Footprint in the Indo Gangetic Plain of India",direct-seeded rice; N2O emission; Nutrient Expert (R); nutrient-water use efficiency; soil-test based recommendation,WHEAT CROPPING SYSTEM; IRRIGATED RICE; GRAIN-YIELD; CULTIVATION; SOIL,"Conventional tillage practices coupled with irrational use of fertilizer in the rice-wheat cropping system (RWCS) often leads to poor productivity, low nutrient use efficiency, and cause environmental pollution. Conservation tillage with surface residue retention in combination with intelligent nutrient management might improve productivity and use efficiency of water as well as nutrients in zero-till direct-seeded rice (ZTDSR). Keeping this in mind, during the kharif season of 2018 and 2019, a trial was carried out at the ICAR-IARI in New Delhi to investigate the varying nutrient management approaches following a precise manner in DSR. The treatments consisted of soil-test-based NPK (STB-NPK) and Nutrient Expert (R) (+LCCN) based NPK (NE-NPK) applications, Fertilizer applied at the recommended dose (RDF) [120-60-40 kg/ha NPK], the state recommended NPK (110-50-40 kg/ha) and omission plot technique of NPK [i.e., STB (N0PK, NP0K & NPK0); SR (N0PK, NP0K & NPK0) and NE-(N0PK, NP0K & NPK0)]. The results indicated that STB NPK application led to a 12% higher grain yield over RDF. However, NE-NPK resulted in a 7% and 35% increase in N (AEN) agronomic efficiency and P (AEP) over the STB-NPK application respectively. In contrast, AE(k) was 24% higher in STB-NPK over NE-NPK treatment. The comparison of two years' results that the first year performed better than the succeeding year in these respect (productivity and AE) except in the case of AEk. The N2O emission in NE-NPK treatment was also significantly reduced (49%) over the control (no N). STB-NPK treatment also improved profitability by 22% over RDF. Precision nutrient management (PNM) increased the crop yield, income, and use efficiency of nutrients and water and reduced greenhouse gas (GHG) emissions of DSR in Southeast Asia."
WOS:000816975700004,2022,English,Article,Global spatio-temporal change assessment in interregional water stress footprint in China by a high resolution MRIO model,Water stress; Sub-national China; Global supply chain; Multi-regional input-output (MRIO) analysis; Production-based accounting (PBA); Consumption-based accounting (CBA),TRADE; CONSUMPTION; PROGRESS; CO2,"Developing effective strategies to alleviate increasing water stress in China requires an understanding of how consumption and production drive water stress footprints (WSF) at a high resolution and multiple spatial and temporal scales. However, current Chinese multi-regional input-output (CMRIO) models have limited resolution. Here, we build a high-resolution international MRIO model covering 31 Chinese provinces, 163 sectors, to address this issue, and then analyze the impact of changes in China's interprovincial and international trade patterns on the WSF from 2012 to 2017. We find that China's water stress embodied in inter-provincial trade has increased year after year, to 5606 km(3) H2O-eq in 2017, exceeding 50 % of the total domestic footprint. Domestic water stress transfer is most apparent in the outsourcing of water stress from eastern coastal regions to Central and Western regions, with the top interregional supply chain paths mainly associated with the demand of processed rice and tobacco products. China has transformed into a net exporter of water stress in 2017, with water stress exports to developing countries accounting for 54 % of total exports, up from 51 % in 2012. With deepening globalization, trade between China and developing countries has boosted bilateral economic development, while also exacerbating water stress in China. In addition to agricultural cultivation, industrial products such as plastics and steel exported to meet international industries further contribute to water stress in Northern China. Further identify hotspots of water stress consumption is needed to prioritize actions to relieve regional water stress in a more effective manner, and our study can provide key information."
WOS:000594551600001,2020,English,Article,Water Use Efficiency and Sensitivity Assessment for Agricultural Production System from the Water Footprint Perspective,water footprint; blue-green water; evaluation index; sensitivity analysis; sustainable agriculture,CLIMATE-CHANGE; RICE YIELD; IRRIGATION; CHINA; REQUIREMENT; MANAGEMENT; SIMULATION; GREEN; BLUE,"The increasing shortage of water resources and the growing demand for crops make water use efficiency a decisive factor for the sustainable and healthy development of the agricultural system. In order to evaluate agricultural water use efficiency from the water footprint perspective, the current study constructed the comprehensive water efficiency (CWE) index based on eight single agricultural water use efficiency performance parameters. The water resources utilization and efficiency in the wheat production system of China from 2006 to 2015 were analyzed and the sensitivity of single indices for CWE was identified. The results show that the national crop water footprint (CWF) for wheat production was estimated to be, including 46.3% blue, 36.6% green and 17.0% blue components, respectively. The spatial distribution patterns of water use efficiency performance indices were different. CWE of the country was 0.387, showing an upward trend over time and decreased from the southeast to the northwest geographically. Crop water productivity (CWP), productive water ratio (PWR) and rainwater consumption ratio (RCR) turned out to be the first three sensitive parameters for CWE in China. The improvement of China's overall CWE relied on reducing inefficient blue-green water use and increasing the output capacity for per unit water. Advanced agricultural water-saving technologies were in high need for goal achievement, especially for the Huang-Huai-Hai plain, which held more than 70% of Chinese wheat production and CWF. The results provide support for efficient utilization and sustainable development of water resources in the agricultural system."
WOS:000556105400001,2020,English,Article,"Water footprint analysis of temporary crops produced in Sao Carlos (SP), Brazil",Water security; Agricultural production; Water scarcity; Water use,CONSUMPTION; RESOURCES; SUGARCANE; NITROGEN; GREEN; BLUE,"This paper aims to evaluate the water footprint (WF) of temporary crops produced in the municipality of Sao Carlos, Brazil, between 2004 and 2017. The WF calculation was developed following the Water Footprint Network approach (WFN) and using CROPWAT model. The results were compared with the world averages and other studies that analyzed the same crops. We applied statistical tests to verify data behavior over the years and calculated correlation coefficients between WF components and crop yields. The results indicated low values of total WF for sugarcane (total average of 166.2 m(3) ton(-1)) and tomato (total average of 97.2 m(3) ton(-1)), while rice (total average of 5212.4 m(3) ton(-1)) and groundnut (total average of 3865.8 m(3) ton(-1)) showed the opposite. In general, WF components do not follow a monotonic trend, a normal distribution can be assumed and there is a statistically significant difference when comparing our findings with global mean values. These results ratify the importance of local WF studies, especially in Brazil, considering its importance in global agricultural market and the respective use of water resources."
WOS:000487935800019,2019,English,Article,The Water Footprint of European Agricultural Imports: Hotspots in the Context of Water Scarcity,water footprint; water scarcity; virtual water trade; agricultural water use; agricultural imports,CONSUMPTION; RESOURCES; IMPACTS; COTTON; CROPS,"This study investigates the Water Footprint (WF) resulting from the agricultural imports of the European Union (EU-28). Import trade statistics were compiled and linked with crop- and country-specific water consumption data and water scarcity factors. Within the study, the virtual water imports of 104 agricultural commodities for the baseline year 2015 were assessed and product and country hotspots were evaluated. It was shown that (a) Europe imported 100 million tons of agricultural goods and 11 km(3) of associated virtual irrigation water; (b) the highest impacts of water consumption do not necessarily result from high import amounts, but from water-intensive goods produced in water scarce countries; (c) the largest external EU-28 water footprint occurred due to the product categories cotton, nuts and rice; and (d) the highest share of the EU external water footprint took place in the United States (US), Pakistan, Turkey, Egypt and India."
WOS:000291088600017,2011,English,Article,"The green, blue and grey water footprint of crops and derived crop products",,HIGH-RESOLUTION ASSESSMENT; RESOURCES; CONSUMPTION; IRRIGATION; WORLD; FLOWS; MODEL,"This study quantifies the green, blue and grey water footprint of global crop production in a spatially-explicit way for the period 1996-2005. The assessment improves upon earlier research by taking a high-resolution approach, estimating the water footprint of 126 crops at a 5 by 5 arc minute grid. We have used a grid-based dynamic water balance model to calculate crop water use over time, with a time step of one day. The model takes into account the daily soil water balance and climatic conditions for each grid cell. In addition, the water pollution associated with the use of nitrogen fertilizer in crop production is estimated for each grid cell. The crop evapotranspiration of additional 20 minor crops is calculated with the CROPWAT model. In addition, we have calculated the water footprint of more than two hundred derived crop products, including various flours, beverages, fibres and biofuels. We have used the water footprint assessment framework as in the guideline of the Water Footprint Network. Considering the water footprints of primary crops, we see that the global average water footprint per ton of crop increases from sugar crops (roughly 200 m(3) ton(-1)), vegetables (300 m(3) ton(-1)), roots and tubers (400 m(3) ton(-1)), fruits (1000 m(3) ton(-1)), cereals (1600 m(3) ton(-1)), oil crops (2400 m(3) ton(-1)) to pulses (4000 m(3) ton(-1)). The water footprint varies, however, across different crops per crop category and per production region as well. Besides, if one considers the water footprint per kcal, the picture changes as well. When considered per ton of product, commodities with relatively large water footprints are: coffee, tea, cocoa, tobacco, spices, nuts, rubber and fibres. The analysis of water footprints of different biofuels shows that bio-ethanol has a lower water footprint (in m(3) GJ(-1)) than biodiesel, which supports earlier analyses. The crop used matters significantly as well: the global average water footprint of bio-ethanol based on sugar beet amounts to 51 m(3) GJ(-1), while this is 121 m(3) GJ(-1) for maize. The global water footprint related to crop production in the period 1996-2005 was 7404 billion cubic meters per year (78% green, 12% blue, 10% grey). A large total water footprint was calculated for wheat (1087 Gm(3) yr(-1)), rice (992 Gm(3) yr(-1)) and maize (770 Gm(3) yr(-1)). Wheat and rice have the largest blue water footprints, together accounting for 45% of the global blue water footprint. At country level, the total water footprint was largest for India (1047 Gm(3) yr(-1)), China (967 Gm(3) yr(-1)) and the USA (826 Gm(3) yr(-1)). A relatively large total blue water footprint as a result of crop production is observed in the Indus river basin (117 Gm(3) yr(-1)) and the Ganges river basin (108 Gm(3) yr(-1)). The two basins together account for 25% of the blue water footprint related to global crop production. Globally, rain-fed agriculture has a water footprint of 5173 Gm(3) yr(-1) (91% green, 9% grey); irrigated agriculture has a water footprint of 2230 Gm(3) yr(-1) (48% green, 40% blue, 12% grey)."
WOS:000490563900053,2019,English,Article,EVALUATION OF WATER FOOTPRINT OF SELECTED CROP CONSUMPTION IN TEHRAN PROVINCE,per capita water footprint; water consumption; agricultural water management; CROPWAT model; virtual water,CHINA; SCARCITY; TRADE,"The sharp increase in water consumption poses a risk of increasing water scarcity in developing countries. The aim of this study is to the quantify variability of per capita Water Footprint (WF) of consumption of selected crops in Tehran province from 2008-2014. Blue and green WF were computed using WF approach. Besides, per capita WF of crop consumption was evaluated using bottom-up approach. The result illustrated the external water footprint had the largest contribution in total WF of crops consumption in the Tehran province (2008-2014). The total water footprint of crop consumption decreased because the population and per capita WF also decreased. Besides, wheat and rice had the largest per capita WF. This study discloses that it is essential to have appropriate water management to reduce water stress originating from agricultural sector in future. The consumption of wheat in Iran is high, more precisely 2 times larger than global average. It is recommended to reduce the consumption of wheat in Tehran or replace it with other crops. Besides that, decision makers in agricultural sector should reduce water lost, with declining production of cherry, pear, and peach. Furthermore, reducing water footprint of crops and efficient agricultural water management are recommended."
WOS:000442973100132,2018,English,Article,Analyzing Egypt's water footprint based on trade balance and expenditure inequality,Egypt; National water footprint; Virtual water; Interregional input-output model; Expenditure patterns; Trade balance,INPUT-OUTPUT-ANALYSIS; VIRTUAL WATER; CHINA; CONSUMPTION; SCARCITY; SYSTEM; MODEL,"Egypt is a very arid country, with a rapidly growing population driving water demand beyond its annual constant supply. According to Falkenmark Water Stress Indicator, Egypt has reached a high and chronic water scarcity level that restricts its ability to accomplish economic development goals. To this end, our study has two fundamental goals; [1] tracing the effects of Egypt Virtual Water (VW) trade on its real water availability, and [2] analyzing the effects of household consumption patterns on Egypt's water availability. We have thus conducted a consumption-based analysis of water use in Egypt, using an interregional input-output (IRIO) model between Egypt and the Rest of the World. Achieving the first goal, Egypt's National Water Footprint (NWF) and it's VW net exports for 57 sectors of production are calculated. Our results indicate that Egypt saves 8% of its NWF through imports, embodied mainly in wheat. However, Egypt virtually net exports 12% of its total available freshwater resources, embodied mainly in feed, alfalfa, and paddy rice. To understand the study second goal, households NWF per product are compared with their annual direct water use. Results indicate that they consume 11% of water directly and 89% virtually. Also, urban, and rural NWF per capita are calculated according to their different patterns of expenditure. Results show that urban NWF per capita is roughly 17% higher than that of rural households, reflecting their different consumption patterns. Urban citizens consume larger amounts of all products, excluding agricultural and textile products. The water embodied in household consumption in Egypt exacerbates the water scarcity crises. This effect is particularly seen in water reliant agricultural and animal products. Also, our results show the need to monitor international trade and the virtual flows of freshwater when exploring issues around freshwater scarcity. (C) 2018 Published by Elsevier Ltd."
WOS:000425943100006,2018,English,Article,"Assessment of Potential Climate Change Effects on the Rice Yield and Water Footprint in the Nanliujiang Catchment, China",climate change; crop modeling; rice production; water footprint; SWAT model,CROP YIELD; MODELING APPROACH; CARBON-DIOXIDE; RIVER-BASIN; PO VALLEY; IMPACT; IRRIGATION; SYSTEMS; SWAT; VARIABILITY,"The Nanliujiang catchment is one of major rice production bases of South China. Irrigation districts play an important role in rice production which requires a large quantity of water. There are potential risks on future climate change in response to rice production, agricultural irrigation water use and pollution control locally. The SWAT model was used to quantify the yield and water footprint (WF) of rice in this catchment. A combined method of automatic and manual sub-basin delineation was used for the model setup in this work to reflect the differences between irrigation districts in yield and water use of rice. We validated our simulations against observed leaf area index, biomass and yield of rice, evapotranspiration and runoff. The outputs of three GCMs (GFDL-ESM2M, IPSL-CM5A-LR and HadGEM2-ES) under three RCPs (RCP2.6, 4.5, 8.5) were fed to the SWAT model. The results showed that: (a) the SWAT model is an ideal tool to simulate rice development as well as hydrology; (b) there would be increases in rice yield ranged from +1.4 to +10.6% under climate projections of GFDL-ESM2M and IPSL-CM5A-LR but slight decreases ranged from -3.5 to -0.8% under that of HadGEM2-ES; (c) the yield and WFs of rice displayed clear differences in the catchment, with a characteristic that high in the south and low in the north, mainly due to the differences in climatic conditions, soil quality and fertilization amount; (d) there would be a decrease by 45.5% in blue WF with an increase by 88.1% in green WF, which could provide favorable conditions to enlarge irrigated areas and take technical measures for improving green water use efficiency of irrigation districts; (e) a clear rise in future grey WF would present enormous challenges for the protection of water resources and environmental pollution control in this catchment. So it should be to improved nutrient management strategies for the agricultural non-point source pollution control in irrigation districts, especially for the Hongchaojiang and Hepu irrigation districts."
WOS:000399845800014,2017,English,Article,The water use of Indian diets and socio-demographic factors related to dietary blue water footprint,Food consumption; Sustainability; India; Freshwater use,GREENHOUSE-GAS EMISSIONS; CLIMATE-CHANGE; NUTRITION TRANSITION; SCARCITY FOOTPRINT; IMPACT; MANAGEMENT; PRODUCTIVITY; RESOURCES; SCENARIOS; DEPLETION,"Agriculture accounts for similar to 90% of India's fresh water use, and there are concerns that future food production will be threatened by insufficient water supply of adequate quality. This study aimed to quantify the water required in the production of diets in India using the water footprint (WF) assessment method. The socio-demographic associations of dietary WFs were explored using mixed effects regression models with a particular focus on blue (irrigation) WF given the importance for Indian agriculture. Dietary data from-7000 adults living in India were matched to India-specific WF data for food groups to quantify the blue and green (rainfall) WF of typical diets. The mean blue and green WF of diets was 7371/capita/day and 2531l/capita/day, respectively. Vegetables had the lowest WFs per unit mass of product, while roots/tubers had the lowest WFs per unit dietary energy. Poultry products had the greatest blue WFs. Wheat and rice contributed 31% and 19% of the dietary blue WF respectively. Vegetable oils were the highest contributor to dietary green WF. Regional variation in dietary choices meant large differences in dietary blue WFs, whereby northern diets had nearly 1.5 times greater blue WFs than southern diets. Urban diets had a higher blue WF than rural diets, and a higher standard of living was associated with larger dietary blue WFs. This study provides a novel perspective on the WF of diets in India using individual level dietary data, and demonstrates important variability in WFs due to different food consumption patterns and socio-demographic characteristics. Future dietary shifts towards patterns currently consumed by individuals in higher income groups, would likely increase irrigation requirements putting substantial pressure on India's water resources. (C) 2017 The Authors. Published by Elsevier B.V."
WOS:000519847200125,2020,English,Article,Water-Scarcity Footprint Associated with Crop Expansion in Northeast China: A Case Study Based on AquaCrop Modeling,crop expansion; water scarcity; water consumption; environmental relevance,SIMULATE YIELD RESPONSE; CLIMATE-CHANGE; SPATIOTEMPORAL CHANGES; GRAIN; RESOURCES; IMPACTS; SCALE; AREA,"In recent decades, China's crop production experienced a spatial shift, and this shift may significantly influence the national water resources due to the geographical mismatch between water resources and cropland. By applying the widely applied AquaCrop model, this study quantified the impact of grain crop (rice and maize) expansion in northeastern China on the country's water resources. We found that the production of rice and maize increased by 60% and 43%, respectively, in the northeast, whereas the water scarcity-footprint (WSF) increased by 200% and 125%. Using sensitivity analysis, we found that the increase in the WSF was mainly caused by the increase in regional water scarcity, as reflected by a water scarcity index, and by the increase in production. To alleviate regional water scarcity, crop expansion into regions that experience high water stress should be constrained. A detailed reassessment of this situation is urgently needed."
WOS:000428516000106,2018,English,Article,Uncertainty Analysis of the Water Scarcity Footprint Based on the AWARE Model Considering Temporal Variations,water scarcity footprint; characterization factor; uncertainty analysis; Monte Carlo statistical method; block bootstrap; probability distribution,ENVIRONMENTAL IMPACTS; LCA; CONSUMPTION; CRITIQUE,"The purpose of this paper is to compare the degree of uncertainty of the water scarcity footprint using the Monte Carlo statistical method and block bootstrap method. Using the hydrological data of a water drainage basin in Korea, characterization factors based on the available water remaining (AWARE) model were obtained. The uncertainties of the water scarcity footprint considering temporal variations in paddy rice production in Korea were estimated. The block bootstrap method gave five-times smaller percentage uncertainty values of the model output compared to that of the two different Monte Carlo statistical method scenarios. Incorrect estimation of the probability distribution of the AWARE characterization factor model is what causes the higher uncertainty in the water scarcity footprint value calculated by the Monte Carlo statistical method in this study. This is because AWARE characterization factor values partly follows discrete distribution with extreme value on one side. Therefore, this study suggests that the block bootstrap method is a better choice in analyzing uncertainty compared to the Monte Carlo statistical method when using the AWARE model to quantify the water scarcity footprint."
WOS:000419231500129,2017,English,Article,Implications of Water Use and Water Scarcity Footprint for Sustainable Rice Cultivation,rice; water; water scarcity footprint; AWD system; sustainability; Thailand,CONSUMPTION; IMPACT; CROPS; CRITIQUE,"Rice cultivation is a vital economic sector of many countries in Asia, including Thailand, with the well-being of people relying significantly on selling rice commodities. Water-intensive rice cultivation is facing the challenge of water scarcity. The study assessed the volumetric freshwater use and water scarcity footprint of the major and second rice cultivation systems in the Chao Phraya, Tha Chin, Mun, and Chi watersheds of Thailand. The results revealed that a wide range of freshwater use, i.e., 0.9-3.0 m(3)/kg of major rice and 0.9-2.3 m(3)/kg of second rice, and a high water use of rice was found among the watersheds in the northeastern region, like the Mun and Chi watersheds. However, the water scarcity footprint results showed that the second rice cultivation in watersheds, like in Chao Phraya and Tha Chin in the central region, need to be focused for improving the irrigation water use efficiency. The alternate wetting and drying (AWD) method was found to be a promising approach for substituting the pre-germinated seed broadcasting system to enhance the water use efficiency of second rice cultivation in the central region. Recommendations vis-a-vis the use of the water stress index as a tool for agricultural zoning policy were also discussed."
WOS:000448772700005,2018,English,Article,ESTIMATING THE COUNTRY-LEVEL WATER CONSUMPTION FOOTPRINT OF SELECTED CROP PRODUCTION,water footprint; water scarcity; agriculture water management; sustainability; Malaysia,VIRTUAL WATER; PADDY RICE; IMPACTS; PROVINCES; BIOFUEL; FOOD,"Agriculture has become a major user of global freshwater resources. This study measured the consumptive water use of 15 selected crops (cash crops, vegetables, and fruits) in Malaysia. The results indicated that the green water consumption footprint (129.8 m(3)/ton -1586.0 m(3)/ton) was higher compared to the blue water consumption footprint (21.0 m(3)/ton - 931.0 m(3)/ton) for all 15 crops in Malaysia. Paddy crop had the highest total water consumption footprint for both off and main seasons with 2265m(3)/ton and 2255 m(3)/ton, respectively, due to the cultivation practices under flood conditions. The water consumption footprint depends on the crop yield, implying that the higher the crop yield, the lower the value is. This paper provides a comprehensive review of the assessment of the water consumption footprint of crop production in Southeast Asia from 2007 to 2017 (10 years). The paper also highlights and discusses a feasibility study for the water consumption footprint of crops and future outlooks in Southeast Asia following an LCA-based approach."
WOS:000368418400024,2015,English,Article,Global sensitivity of high-resolution estimates of crop water footprint,,VIRTUAL WATER; FRESH-WATER; FOOD; CLIMATE; YIELD,"Most of the human appropriation of freshwater resources is for agriculture. Water availability is a major constraint to mankind's ability to produce food. The notion of virtual water content (VWC), also known as crop water footprint, provides an effective tool to investigate the linkage between food and water resources as a function of climate, soil, and agricultural practices. The spatial variability in the virtual water content of crops is here explored, disentangling its dependency on climate and crop yields and assessing the sensitivity of VWC estimates to parameter variability and uncertainty. Here we calculate the virtual water content of four staple crops (i.e., wheat, rice, maize, and soybean) for the entire world developing a high-resolution (5 x 5 arc min) model, and we evaluate the VWC sensitivity to input parameters. We find that food production almost entirely depends on green water (> 90%), but, when applied, irrigation makes crop production more water efficient, thus requiring less water. The spatial variability of the VWC is mostly controlled by the spatial patterns of crop yields with an average correlation coefficient of 0.83. The results of the sensitivity analysis show that wheat is most sensitive to the length of the growing period, rice to reference evapotranspiration, maize and soybean to the crop planting date. The VWC sensitivity varies not only among crops, but also across the harvested areas of the world, even at the subnational scale."
WOS:000361779500019,2015,English,Article,Impact of potential climate change on crop yield and water footprint of rice in the Po valley of Italy,Rice Oryza sativa L.; Water footprint; Crop models; Climate change,SIMULATION-MODEL; CHANGE SCENARIOS; FLOODED RICE; SYSTEMS; FOOD; PRODUCTIVITY; RESOURCES; NORTHERN; MAIZE; GREEN,"The hydrologically based crop model PolyCrop (PC) is used here to investigate crop productivity and water consumption (i.e., water footprint) of irrigated rice (Oryza sativa L.), in the case study area of Landriano, in the Po valley of Italy. Water consumption for rice is explicitly investigated by way of water footprint indicators (green water footprint, WFG, and blue water footprint, WFB), defined as the absolute, specific (per kg yield), and relative (i.e., to precipitation) amount of water evapotranspired during the growing season, and by total irrigation WFI. To subsequently investigate potential effect of future climate change upon rice production and water consumption, climate scenarios from two GCMs (CCSM4, ECHAM6) from the IPCC panels, and three RCPs (RCP2.6, 4.5, 8.5) are downscaled for Landriano, and fed to the PC model. Two reference periods are studied, at half century, and end of the century, and a correlation analysis is used to highlight the potential effect of climate variables. At half century, increased CO2 concentration may lead to increased rice yield (especially under CCSM4), at the cost of increased WFB, and WFI under decreasing precipitation, and increasing summer temperature. Under ECHAM6 scenarios, rice production would remain constant in practice, or decreasing (RCP2.6), as due to largely increasing temperature during spring, and anticipated harvest date, again with largely increasing WFB. At the end of the century, only CCSM4 under RCP2.6 and 45 would provide increased rice yield (and WFB, WFI), with all other scenarios providing largely decreased rice yield, and largely increasing WFB, WFI, due to increasing summer temperature. Under all scenarios, increased yearly yield variability is seen, and WFI largely exceeds WFB, i.e., a surplus of irrigation water is used with respect to evapotranspiration demand. According to the results here adaptation strategies will need to be implemented in the future to maintain acceptable rice yield, and water consumption, under an increasing demand scenario, and potentially modified climate conditions. (C) 2015 Elsevier Ltd. All rights reserved."
WOS:000368207500094,2016,English,Article,"The impact of changing food choices on the blue water scarcity footprint and greenhouse gas emissions of the British diet: the example of potato, pasta and rice",Carbohydrate; Diet; Life cycle assessment; Portion size; UK,ENVIRONMENTAL IMPACTS; PRODUCTION SYSTEMS; CARBON FOOTPRINT; VIRTUAL WATER; CONSUMPTION; CROP; UNCERTAINTIES; VARIABILITY; PRODUCTS; NATIONS,"Food production is a major contributor to a country's environmental burden. However, the burdens associated with individual foods vary significantly due to differing agricultural systems and locations, post-harvest storage, manufacturing and transport requirements. Dietary choices can therefore have a significant impact on the overall burdens associated with food consumption. Previous studies have generally considered changes in the proportion of animal-based foods in the diet or changes to a vegetarian, or a vegan diet. Using a life cycle assessment approach and data from published sources supplemented by original analysis, we estimated the blue water scarcity footprint and greenhouse gas emissions associated with the production, manufacture and distribution of three popular starchy carbohydrate foods as consumed in the United Kingdom British fresh potatoes, Italian dried pasta and Indian dried basmati rice. Although similar to pasta in terms of greenhouse gas emissions per unit carbohydrate, when considered on the basis of typical portion size, potatoes have lower greenhouse gas emissions than pasta or basmati and the blue water scarcity footprint of basmati is two orders of magnitude greater than potatoes or pasta. The increasing preference for pasta and rice and reduction in household purchases of fresh potatoes in the United Kingdom over the period 1981-2010 has resulted in an increase in blue water scarcity footprint and a transfer of burdens from the United Kingdom to Italy and India, however the increased greenhouse gas emissions associated with rice and pasta has been, more or less, compensated by a reduction in emissions associated with purchases of potatoes. This paper has shown that dietary choices within food groups (in this case starchy carbohydrates) have a significant impact on an individual's contribution to greenhouse gas emissions and blue water scarcity footprint. The life cycle assessment approach is useful for understanding where the impacts of dietary choices occur and can inform the supply chain about where efforts should be targeted to reduce those impacts. (C) 2015 Elsevier Ltd. All rights reserved."
WOS:000342656100024,2014,English,Article,Water footprint benchmarks for crop production: A first global assessment,,NITROGEN-USE EFFICIENCY; IRRIGATED WHEAT; WINTER-WHEAT; YIELD; RICE; RESOURCES; GREEN; SOILS; CONSUMPTION; SECURITY,"In the coming few decades, global freshwater demand will increase to meet the growing demand for food, fibre and biofuel crops. Raising water productivity in agriculture, that is reducing the water footprint (WF) per unit of production, will contribute to reducing the pressure on the limited global freshwater resources. This study establishes a set of global WF benchmark values for a large number of crops grown in the world. The study distinguishes between benchmarks for the green-blue WE (the sum of rain- and irrigation water consumption) and the grey WF (volume of polluted water). The reference period is 1996-2005. We analysed the spatial distribution of the green-blue and grey WFs of different crops as calculated at a spatial resolution of 5 by 5' with a dynamic water balance and crop yield model. Per crop, we ranked the WF values for all relevant grid cells from smallest to largest and plotted these values against the cumulative percentage of the corresponding production. The study shows that if we would reduce the green-blue WF of crop production everywhere in the world to the level of the best 25th percentile of current global production, global water saving in crop production would be 39% compared to the reference water consumption. With a reduction to the WF levels of the best 10th percentile of current global production, the water saving would be 52%. In the case that nitrogen-related grey WFs in crop production are reduced, worldwide, to the level of the best 25th percentile of current global production, water pollution is reduced by 54%. If grey WFs per ton of crop are further reduced to the level of the best 10th percentile of current production, water pollution is reduced by 79%. The benchmark values provide valuable information for formulating WE reduction targets in crop production. Further studies will be required to test the sensitivity of the benchmark values to the underlying model assumptions, to see whether regionalization of benchmarks is necessary and how certain WF benchmark levels relate to specific technology and agricultural practices. (C) 2014 The Authors. Published by Elsevier Ltd."
WOS:000338741700012,2014,English,Article,"Water Footprint and Impact of Water Consumption for Food, Feed, Fuel Crops Production in Thailand",water footprint; water stress; crops; Thailand,SCENARIOS; YIELD,"The proliferation of food, feed and biofuels demands promises to increase pressure on water competition and stress, particularly for Thailand, which has a large agricultural base. This study assesses the water footprint of ten staple crops grown in different regions across the country and evaluates the impact of crop water use in different regions/watersheds by the water stress index and the indication of water deprivation potential. The ten crops include major rice, second rice, maize, soybean, mungbean, peanut, cassava, sugarcane, pineapple and oil palm. The water stress index of the 25 major watersheds in Thailand has been evaluated. The results show that there are high variations of crop water requirements grown in different regions due to many factors. However, based on the current cropping systems, the Northeastern region has the highest water requirement for both green water (or rain water) and blue water (or irrigation water). Rice (paddy) farming requires the highest amount of irrigation water, i.e., around 10,489 million m(3)/year followed by the maize, sugarcane, oil palm and cassava. Major rice cultivation induces the highest water deprivation, i.e., 1862 million m(3)H(2)Oeq/year; followed by sugarcane, second rice and cassava. The watersheds that have high risk on water competition due to increase in production of the ten crops considered are the Mun, Chi and Chao Phraya watersheds. The main contribution is from the second rice cultivation. Recommendations have been proposed for sustainable crops production in the future."
WOS:000338763900015,2014,English,Article,Sensitivity and uncertainty in crop water footprint accounting: a case study for the Yellow River basin,,REFERENCE EVAPOTRANSPIRATION; CARBON FOOTPRINT; CLIMATE-CHANGE; BALANCE MODEL; SUMMER MAIZE; CONSUMPTION; PRECIPITATION; VARIABILITY; PRODUCTS; ERRORS,"Water Footprint Assessment is a fast-growing field of research, but as yet little attention has been paid to the uncertainties involved. This study investigates the sensitivity of and uncertainty in crop water footprint (in m(3) t-(1)) estimates related to uncertainties in important input variables. The study focuses on the green (from rainfall) and blue (from irrigation) water footprint of producing maize, soybean, rice, and wheat at the scale of the Yellow River basin in the period 1996-2005. A grid-based daily water balance model at a 5 by 5 arcmin resolution was applied to compute green and blue water footprints of the four crops in the Yellow River basin in the period considered. The one-at-a-time method was carried out to analyse the sensitivity of the crop water footprint to fractional changes of seven individual input variables and parameters: precipitation (PR), reference evapotranspiration (ET0), crop coefficient (K-c), crop calendar (planting date with constant growing degree days), soil water content at field capacity (S-max), yield response factor (K-y) and maximum yield (Y-m). Uncertainties in crop water footprint estimates related to uncertainties in four key input variables: PR, ET0, K-c, and crop calendar were quantified through Monte Carlo simulations. The results show that the sensitivities and uncertainties differ across crop types. In general, the water footprint of crops is most sensitive to ET0 and K-c, followed by the crop calendar. Blue water footprints were more sensitive to input variability than green water footprints. The smaller the annual blue water footprint is, the higher its sensitivity to changes in PR, ET0, and K-c. The uncertainties in the total water footprint of a crop due to combined uncertainties in climatic inputs (PR and ET0) were about +/- 20% (at 95% confidence interval). The effect of uncertainties in ET0 was dominant compared to that of PR. The uncertainties in the total water footprint of a crop as a result of combined key input uncertainties were on average +/- 30%(at 95% confidence level)."
WOS:000332512200014,2014,English,Article,The water footprint of Milan,city; Italy; Milan; urban; water footprint; water use,AUSTRIA; BALANCE,"This study quantifies the water footprint of consumption (WFcons) and production (WFprod) of Milan. The current WFcons amounts to 6,139 l/cap/d (a volume of 2.93 km(3) annually), of which 52 l/cap/d (1%) is attributed to domestic water, 448 l/cap/d (7%) to the consumption of industrial products and 5,639 l/cap/d (92%) to the consumption of agricultural products. The WFprod is 52 l/cap/d. Milan is thus a net virtual water importer, predominately through the import of agricultural products. These are produced outside city borders, both in Italy and abroad. This shows the dependency of city dwellers on water resources from other river basins. In addition, the WFcons for a healthy diet (based on Mediterranean Food-Based Dietary Guidelines) and a vegetarian diet are analysed. The current Milanese diet consists of too much sugar, crop oils, meat, animal fats, milk and milk products and not enough cereals, rice, potatoes, vegetables and fruit. The latter two diets result in substantial WFcons reductions: 29% (to 4,339 l/cap/d) for a healthy diet and 41% (to 3,631 l/cap/d) for a vegetarian diet. Indeed, a lot of water could be saved by Milan citizens through a change in their diet. A sustainable city should account for its impacts beyond its borders."
WOS:001624506200001,2025,English,Article,Impact of Low CO2 Footprint-Dissolution Treatment of Silica and Potassium-Rich Biomass Ashes on the Compressive Strength of Alkali-Activated Mortars,eco-efficient binder systems; alkali-activated mortars; waste valorisation; waste-derived activating suspensions; low-carbon binders,BLAST-FURNACE SLAG; CALCIUM CARBIDE RESIDUE; GLASS; HUSK,"Using almond shell biomass ash (ABA) as a potassium alkaline source and rice husk ash (RHA) as a soluble silica source to produce blast furnace slag (BFS)-based alkali-activated mortars offers a sustainable alternative to commercial activators. However, some thermal treatment is often needed to enhance ash dissolution, potentially increasing the CO2 footprint. In this study, we evaluated how a low-CO2-footprint thermal treatment for dissolving ABA, as well as RHA combined with ABA, affects the strength performance of binary (ABA/BFS) and ternary (RHA/ABA/BFS) alkali-activated mortars. This thermal treatment involved mixing the biomasses with hot water (85 degrees C) in a thermally insulated bottle (TIB). The binary alkali-activated mortar, cured for 7 days in a thermal bath at 65 degrees C, achieved 58.0 MPa in compressive strength, applying 1-h dissolution of ABA in a TIB. Additionally, the previous dissolution of RHA in conjunction with ABA for ternary alkali-activated mortar, cured also for 7 days in a thermal bath at 65 degrees C, resulted in mortars with a higher compressive strength, achieving 64.7 MPa. With the prior biomass dissolution method, the binary and ternary alkali-activated mortars cured at room temperature (20 degrees C) showed compressive strengths of 54.7 and 67.0 MPa after 28 curing days, respectively. Moreover, after 135 curing days, these mortars reached a compressive strength of 61.4 and 71.9 MPa, respectively. The BFS-alkali-activated binders with ABA and ABA plus RHA cut CO2 emissions by 86.8% and 85.7% compared to the OPC-based binder, respectively."
WOS:001416302000001,2025,English,Article,Sustainability on the plate: Unveiling the environmental footprint of pasta supply chain through Life Cycle Assessment,Supply chain management; Life Cycle Assessment; Sustainability; Pasta; Fresh stuffed pasta; Gluten-free pasta,CARBON FOOTPRINT; FOOD; WHEAT,"The sustainability transition of the agri-food supply chain presents numerous challenges, with agriculture alone contributing significantly to climate change, water use, and soil degradation. Cereals represent the largest share of people's dietary patterns, and their production is connected to diverse environmental challenges, which require a holistic approach that encompasses the entire agri-food supply chain. Life Cycle Assessment has been extensively employed to estimate the environmental impacts of agri-food supply chain and more specifically of dry durum wheat pasta. However, no studies have been developed yet for gluten-free pasta and fresh stuffed pasta with increasing consumption patterns that might reshape the environmental sustainability of the food supply chain. This study applies Life Cycle Assessment technique to assess - through a cradle-to-grave approach - the sustainability of gluten-free and fresh stuffed pasta produced in Northern Italy and makes use of 18 Environmental Product Declarations (EPDs) on durum wheat pasta to compare the environmental impacts of different pasta recipes. Results reveal that gluten-free pasta is characterized by a strong negative impact in the cultivation stage, due to water-demanding practices adopted to grow rice and corn. Fresh stuffed pasta production is associated to higher impacts both in the distribution phase, due to the energy needed for refrigeration, and in the production of ingredients, because of the additional animal-based products in the recipe. This study could offer a quantitative baseline to pave the way to implement specific mitigation actions and sustainability strategies aimed at improving the environmental performance of pasta supply chain."
WOS:001364779500001,2024,English,Article,Mitigating methane emissions and carbon footprint in rice-wheat rotation system by straw centralized returning under rainfed conditions,Z. Xiying; Paddy fields; GHG emissions; Straw returning; Water regime; Net ecosystem economic benefit; Carbon footprint,NITROUS-OXIDE EMISSIONS; GREENHOUSE-GAS EMISSIONS; N2O EMISSIONS; CROP RESIDUE; TILLAGE PRACTICES; SOIL; BIOCHAR; WATER; MANAGEMENT; FIELDS,"Direct incorporation of straw into the flooded paddy has been widely confirmed to induce substantial methane (CH4) emissions. Exploring innovative modes of straw return and associated field water management is necessary to mitigate CH4 emissions without compromising crop yield. Here, a 2-year field experiment was conducted with two wheat straw returning modes [straw evenly-plowed returning (SR) with conventional flooding water management, and straw centralized returning (SCR) under rainfed conditions], to evaluate greenhouse gas (GHG) emissions, crop yields, carbon footprint (CF), and net ecosystem economic benefit (NEEB) in the ricewheat rotation system. The results showed that the GHG emissions contributed significantly to the total annual carbon source value, accounting for 48.0 % and 43.0 % in SR and SCR, respectively. The mean CF in SCR was 6760 kg CO2-eq ha-1, which was 17.6 % lower than that in SR, primarily due to the significantly lower CH4 (by 27.5 %) during the rice seasons. Lower soil water contents might partly regulate the CH4 emissions by decreasing DOC contents and increasing the soil Eh, leading to a lower CH4 production potential (decreased by 44.3-45.8 %) and production/oxidation potential ratio in SCR. Annually, the total yields of rice and wheat were 9.53 t ha-1 and 9.38 t ha-1 in SR and SCR, respectively. However, the irrigation electricity consumption and CF costs were lower in SCR, resulting in an increased NEEB of 179 CNY ha-1 relative to SR. The findings suggest that straw centralized returning under rainfed conditions in the rice season could reduce both CH4 emissions and carbon footprint while sustaining food security and economic benefit in the rice-wheat rotation system."
WOS:001261831800001,2024,English,Article,Resources time footprint indicator extension for evaluating human interventions in provisioning ecosystem services supply,,LIFE-CYCLE ASSESSMENT; SUSTAINABILITY ASSESSMENT; SENSITIVITY-ANALYSIS; SUGARCANE PRODUCTION; STEEL PRODUCTION; WATER FOOTPRINT; FLOWS; ELECTRICITY; EMISSIONS; IMPACTS,"The growing emphasis on ecosystem services (ES) has enhanced evaluation of their capacity. However, intensive human intervention in the provisioning ecosystem service (P-ES) supply driven by widening spatial gaps between supply sources and demand locations, compromises the long-term ES supply potential. The Resources Time Footprint (RTF) indicator provides numerical insights into these impacts in the form of occupancy rates by comparing resource utilization to allocated capacities over a person 's lifespan. Nonetheless, its applicability to major P-ES is currently restricted due to the lack of water and water pollutant occupancy rates concepts. This study attempts to broaden the scope and robustness of RTF by introducing these missing aspects for enhanced PES management. Furthermore, by evaluating changes in RTF value around technological and social dynamics, resources requiring management interventions are identified. The extended RTF 's potential is finally demonstrated through case studies involving consumable rice, water flow utilized for generating electricity via hydropower (HP), and sugarcane yielding consumable sugar and molasses with bagasse used to generate electricity. Based on prevailing resource conditions, all cases exhibited resource utilization within the allocated capacity. However, potential strain on specific resources such as land and water use in rice (24.63 and 18.69 years), copper in HP (8.46 years), and land and phosphate-potash minerals use in bagasse (22.66 and 23.56 years) highlights the need for interventions to ensure sustained benefits. The precise influence of water and water pollutants is inherently case and location specific; however, this study emphasized the necessity of integrating water use and availability factors into rice and HP supply -flow assessments. Overall, the enhanced RTF proved to be replicable across P-ESs, quantifying pressures, and guiding management strategies to maintain nature's regenerative capacity while meeting human needs."
WOS:001162483000004,2024,English,Article; Data Paper,Water footprints and crop water use of 175 individual crops for 1990-2019 simulated with a global crop model,,YIELD RESPONSE; EVAPOTRANSPIRATION; AQUACROP; BLUE; MAIZE; SENSITIVITY; TRADE; GREEN; RICE; LAND,"The water footprint of a crop (WF) is a common metric for assessing agricultural water consumption and productivity. To provide an update and methodological enhancement of existing WF datasets, we apply a global process-based crop model to quantify consumptive WFs of 175 individual crops at a 5 arcminute resolution over the 1990-2019 period. This model simulates the daily crop growth and vertical water balance considering local environmental conditions, crop characteristics, and farm management. We partition WFs into green (water from precipitation) and blue (from irrigation or capillary rise), and differentiate between rainfed and irrigated production systems. The outputs include gridded datasets and national averages for unit water footprints (expressed in m3 t-1 yr-1), water footprints of production (m3 yr-1), and crop water use (mm yr-1). We compare our estimates to other global studies covering different historical periods and methodological approaches. Provided outputs can offer insights into spatial and temporal patterns of agricultural water consumption and serve as inputs for further virtual water trade studies, life cycle and water footprint assessments."
WOS:001678305100001,2026,English,Article,Reducing carbon footprint and acquiring carbon credits in intensively cultivated rice wheat system by tillage and residue management,Carbon footprint; Carbon balance; Zero tillage; Energy efficiency; Residue retention; Carbon credit,INDO-GANGETIC PLAINS; CONSERVATION AGRICULTURE; ORGANIC-CARBON; NITROUS-OXIDE; CROPPING SYSTEM; NO-TILL; SOIL; EMISSIONS; MITIGATION; YIELD,"The conventional rice-wheat cropping system of the northern-Indo-Gangetic Plains is tillage, energy, and water-intensive leading to greenhouse gases emission (GHG) and soil-carbon loss. Practices such as direct seeding, zero-tillage, and residue-retention are promoted for sustainable-farming and environmental-benefit, however the impact on the net-carbon footprint (NCF) has been less evaluated. Measurement of GHG emission and soil organic carbon was carried out for three consecutive years in a long-term experiment in rice-wheat system. Six treatment combination of zero-till direct-seeded rice (ZTDSR), transplanted-puddled rice, zero-tilled wheat (ZTW), conventionally-tilled wheat (CTW), summer-fallow, zero-tilled green-gram (ZTGG), rice-residue retention (RS), rice residue burning (RRB), and green-gram residue (GGR) were field experimented. The zero tillage (ZT) and crop residue retention significantly reduced energy input and net carbon footprint (NCF) of rice wheat system through energy saving, water saving and net positive ecosystem carbon balance (NECB). The CH4, N2O and CO2 emissions from the field burning of rice residue were 2.56 +/- 0.52 g kg(-1), 0.3 +/- 0.05 g kg(-1) and 1035 +/- 0.82 g kg(-1), respectively. The NCF differed significantly (p < 0.001) among the treatments, and ZT-systems with and without residue retention, had 64-78% lower NCF than conventional-system due to lower methane emission with significantly higher net ecosystem carbon balance (NECB). Residue retention in ZT-treatments reduced NCF by 7-39% varying with type of residue and frequency of application. The triple ZT treatment of ZTDSR+GGR-ZTW+RS-ZTGG significantly reduced GHG emissions (on-farm+off-farm) by 52.6%, energy input by 23.5%, carbon intensity by 64.1%, and NECB by 105% compared to conventional rice-wheat-fallow system. Higher Dehydrogenase activity in the triple ZT-treatments indicated better microbial activity and soil health. Additionally, this approach of triple ZT based rice-wheat-green gram system can yield up to 11 carbon credits per hectare annually, providing additional income for smallholder farmers of the region. However, policymakers need to invest in strengthening agricultural extension services to provide farmers with the necessary knowledge, training, and technical support to adopt these practices and participate in carbon markets."
WOS:001442253200001,2025,English,Article,"Nitrogen and Gray Water Footprints of Various Cropping Systems in Irrigation Districts: A Case from Ningxia, China",irrigated areas; life cycle; nitrogen footprint; gray water footprint; LMDI; gray correlation analysis,GREENHOUSE-GAS EMISSIONS; REACTIVE NITROGEN; DECOMPOSITION; FERTILIZER; POLLUTION; GROWTH; CARBON; FIELD,"Under the influence of water resource conservation policies, the annual water diversion volumes in irrigation areas have been steadily decreasing, leading to substantial changes in regional cropping systems. These shifts have profoundly impacted agricultural reactive nitrogen (Nr) emissions and surface water quality. This study focuses on the Yellow River Irrigation area of Ningxia, China, and employs a life cycle assessment method to quantitatively analyze fluctuations in the nitrogen footprint (NF) and gray water footprint (GWF) across three cropping systems-rice-maize intercropping, rice monoculture, and maize monoculture-during 2021-2023. The results indicate that rice monoculture exhibited significant variability in NF values (197.89-497.57 kg Neq<middle dot>ha-1), with NO3- leaching identified as the primary loss pathway (102.33-269.48 kg Neq<middle dot>ha-1). The GWF analysis revealed that in 2021, the region's GWF peaked at 23.18 x 104 m3<middle dot>ha-1, with water pollution predominantly concentrated in Pingluo County (8 x 104 m3<middle dot>ha-1). LMDI analysis identified nitrogen fertilizer application as the main contributor to variations in NF, while surface water pollution was indirectly influenced by crop yield. Furthermore, gray correlation analysis highlighted a significant coupling relationship between NF and GWF, with nitrogen fertilizer application having the most pronounced impact on GWF. Therefore, in the face of the gradual tightening of water resources in the irrigation areas, the current situation of reduced water diversion should be adopted as early as possible, and initiatives such as the reduction of nitrogen fertilizer application and the adjustment of the planting area of dryland crops should be accelerated to cope with the problem of nitrogen pollution brought about by changes in the cropping system."
WOS:001548613300001,2025,English,Article,Climate smart land configurations and cropping systems diversification sustaining soil-water-carbon synergy and resource use efficiency,Water harvesting; Soil health; Crop physiological response; System productivity; Water footprint; Carbon footprint,TILLAGE PRACTICES; ORGANIC-CARBON; FOOTPRINT; CONSERVATION; IMPACT; WHEAT; RICE,"Erratic rainfall, water availability and soil health in drought-prone regions require climate-resilient strategies for improving water management, soil carbon-nutrient cycling, and water and carbon footprint mitigation. Present investigation was designed and executed with four in-situ rainwater harvesting methods viz., Conventional Tillage (CT), Residue Mulch (RM), Broad Bed and Furrow (BBF) and Ridge and Furrow (R&F) and promising cropping systems of the region viz., Groundnut-wheat (GN-W), Sorghum-Chickpea (S-CP) and Maize-Mustard-Sesbania (M-M-S). Residue recycling (RM) enhanced SOC by 16%-19% and N, P2O5, and K2O by 5%-30%. The RM significantly improved the moisture availability during dry periods at vegetative and reproductive stages, which resulted in improving the soil chemistry and water regimes, thus improving better photosynthate partitioning, pigmentation, leaf turgidity, and system productivity. The carbon footprint (CF) trend among establishment methods was CT>BBF>RM>R&F while it was 54.7, 29.5 and 29.7 % higher over under CT over rest. The CF under M-M-S significantly enhance the carbon sequestration across the establishment methods being maximum under RM (7.68 Mg CO2-Ce ha (-1)) which was increased by 29 % in SOC stock over initial value. Combinedly, M-M-S in R&F can address the issue of both water scarcity during dry spells and water logging during heavy rains however, M-M-S and GN-W with RM can be promising to reduce water and carbon footprint with high SOC stock. Residue recycling (RM) can assure the higher soil moisture availability during dry spells, better WF, CF and MEY, moreover, legumes inclusion is excellent in enhancing resource use efficiency and ecological sustainability."
WOS:001503913200002,2025,English,Article,"Dynamic multi-objective optimization of rice irrigation integrating crop growth and water cycle dynamics: Promoting synergies in water conservation, production enhancement, and emission reduction",Rice Irrigation; Multi-objective optimization; Water cycle dynamics; EPIC model; Water use efficiency; Climate change scenarios (CMIP6),MODEL,"An optimized rice irrigation system is critical not only for conserving water resources and ensuring global food security, but also for mitigating environmental pollution caused by inefficient water use and excessive carbon emissions. This study, conducted in the Changgang Irrigation District of Lanxi County, integrates daily rice physiological growth data and meteorological parameters with the EPIC crop growth model, the crop photosynthetic production model, and hydrological cycle dynamics. A multi-objective optimization and regulation model is formulated to achieve synergistic goals of water conservation, emission reduction, and production enhancement through dynamic irrigation control. Results demonstrate that the optimized strategy reduces water use by 12.56%, improves water use efficiency by 2.11 %, increases yield by 3.05%, and decreases the carbon footprint by 7.80% compared to the current irrigation scenario. Incorporating CMIP6 climate change scenario models into the optimization framework further reveals that the irrigation requirement is lowest under the SSP126-2023-2030 scenario and highest under the SSP126-2031-2040 scenario. Future climate warming accelerates rice maturation and shortens the growing period, increasing irrigation demand in June and July while reducing it in August. This study provides a scientific basis for optimizing irrigation schedules under changing climatic conditions, addressing challenges of water scarcity, emissions, and productivity. The findings offer practical decision-making tools to achieve sustainable agricultural water management and enhance rice production efficiency."
WOS:001652545200002,2025,English,Article,High-resolution water footprints of major crops in China from cities to grids,Crop production; Water footprint; High-resolution; City-scale; Downscale,TRADE; SENSITIVITY; EMISSIONS; SCARCITY; GREEN; BLUE,"Rapid population and economic growth have led to an increased demand for water and food, thereby exacerbating the water scarcity crisis. Therefore, an objective assessment of water usage in crop production is crucial for ensuring national food security and alleviating water scarcity. However, the city-scale crop production water footprint (CWF) in China remains incomplete, while grid-scale CWF data are plagued by the limitations of coarse crop statistics. To fill this knowledge gap, we propose a novel methodology for developing a high-resolution inventory of CWFs. Based on this methodology, we quantified the city-scale water footprint (WF) of three major crops (rice, wheat, and maize) in China and allocated the CWFs of individual cities to 3 km x 3 km grids through a top-down downscaling approach to create a high-resolution CWF inventory. The results show that the average annual CWF of the three crops from 2000 to 2020 was in the order of rice (2.50 x 1012 m3), maize (1.55 x 1012 m3) , and wheat (1.21 x 1012 m3). During the study period, the dependence on green water resources for crop production in China increased, especially for maize, which showed a relative increase of 106.76% in green water demand, in addition to optimal water use efficiency, with the dual advantages of combining high yield and low irrigation dependence. At a grid scale of 3 km x 3 km, the CWFs of the three crops followed the same order as at the city scale. Furthermore, the green water footprint (GWF) of each of the three crops increased at different rates during the study period, with maize showing a particularly significant increase of 59.26%. Meanwhile, the blue water footprint (BWF) per unit area for rice and wheat increased, while the BWF for maize decreased by 0.94%. This finding implies that maize cultivation is more efficient in utilizing rainwater resources, thereby reducing dependence on blue water. The inventory established in this study can assist in optimizing crop production in various regions of China, thereby mitigating the effects of water scarcity and facilitating sustainable agricultural development."
WOS:001596709600001,2025,English,Article,"A comparative analysis of the water and carbon footprints of hybrid, plant-based, and animal-based burgers",alternative proteins; carbon footprint; environmental assessment; hybrid burgers; life cycle assessment; nutritional productivity; plant-based diet; water footprint,GREENHOUSE-GAS EMISSIONS; LIFE-CYCLE ASSESSMENT; ENVIRONMENTAL IMPACTS; SUSTAINABLE DIET; BEEF-CATTLE; SEQUESTRATION; FOODS,"Food production represents a complex sustainability challenge, including climate change and freshwater scarcity. In order to promote the incorporation of sustainable prepared protein dishes into the agrifood market, this study aims to assess the environmental performance of three different burgers: a beef burger, a plant-based burger (soy, beans, and rice), and a hybrid burger (50-50 composition) by comparing the water use and the CO2 emissions relative to their nutritional value. The environmental indicators used to perform the current study were the water footprint, the carbon footprint (CF), and their respective nutritional productivity indexes (considering fats, proteins, and carbohydrates). The water needed to produce the beef burger was 1.8 times greater than the quantity needed to produce the hybrid burger, and 21 times greater in the case of the plant-based one. In turn, regarding the CF, the beef burger emitted approximately 2 times more kgCO2e along the supply chain when compared with the hybrid burger, and 13 times more than the plant-based one. However, because the meat burger comes from cattle raised on grasslands, the greenhouse gas emissions are likely lower than those from other, less sustainable forms of beef production. The plant-based burger was, therefore, more sustainable in terms of water use and carbon emissions relative to the nutrition productivity index than the meat and hybrid options."
WOS:001657260500001,2025,English,Article,Evolution and Driving Factors of Water Footprints for Major Grain Crops: Evidence from China's Main Grain-Producing Regions,grain crops; production water footprint; major grain-producing regions; driving factors,,"The water footprint of grain crop production is a key indicator for assessing agricultural water stress and resource-use efficiency. This study analyzes the dynamic evolution, convergence characteristics, and driving forces of water footprints for major grain crops in China's primary producing regions from 2011 to 2022. The results show the following: (1) Total water footprints are mainly driven by blue and green water components, while grey water contributes relatively little, and the total footprint follows a fluctuating pattern of ""decline-increase-decline-increase-decline."" Rice exhibits the highest water footprint, with an average annual value of 59.8251 million m3, whereas beans and tubers show much lower levels, each with an average annual footprint below 20 million m3. Grey water footprints for all grain crops have declined significantly since 2018, with reductions exceeding 10% by 2022. (2) Significant absolute convergence is observed across provinces, with the absolute convergence rate ultimately approaching 0.1, indicating that inter-provincial differences in water footprints are narrowing and that high-footprint regions are improving more rapidly toward lower-footprint regions. (3) Conditional convergence is also confirmed, with the conditional convergence rate approaching 0.2, suggesting that provinces converge toward their own steady-state levels, though convergence speeds are influenced by heterogeneous factors such as economic development, technological progress, and population size. (4) Generalised Divisia Index Method (GDIM) decomposition reveals that per capita agricultural GDP and mechanization intensity are the core drivers of changes in water footprints, and their synergistic effects produce an amplification impact, with cumulative contributions exceeding 100%. The findings provide important policy implications for optimizing water resource management and promoting sustainable agricultural development in China's major grain-producing areas."
WOS:001499445900013,2025,English,Article,Optimizing water footprints and yield sustainability in Boro rice through alternate wetting and intense drying: A climate-resilient strategy for Bangladesh,alternate wetting and intense drying; climate change projection; irrigation water management; rice cultivation; water footprint; water-efficient practices,CHANGE IMPACT; BIAS CORRECTION; IRRIGATION; MANAGEMENT; PRODUCTIVITY; PHYSIOLOGY; ADOPTION; WHEAT,"Climate change and water scarcity pose significant challenges to rice production in Bangladesh, necessitating water-efficient practices. This study, conducted during the 2024 Boro rice season in Mymensingh, Bangladesh, compared the impacts of alternate wetting and intense drying (AWID), with irrigation at a 20-cm water level drop, against continuous flooding (CF) and alternate wetting and moderate drying (AWMD), with a 15 cm drop. The AWID resulted in 46.12% water savings and a 43.1% increase in crop-water productivity, yielding 5.10 t/ha, while AWMD saved 38.64% water with a yield of 6.13 t/ha. Despite a 22.7% yield reduction compared to CF (6.60 t/ha), AWID's superior water efficiency underscores its potential as a sustainable option in water-scarce regions. Excluding the first 15-day crop establishment phase, the water footprint was lowest for AWMD (1003.83 L/kg) and AWID (1079.68 L/kg) compared to CF (1439.00 L/kg). Climate projections for the 2040 and 2070s indicate increased temperatures, decreased rainfall, and higher evapotranspiration, potentially raising irrigation demands by up to 30% under RCP 8.5 scenarios. These water-saving techniques offer promising strategies for sustaining rice production while conserving water resources. Further research is recommended to optimize these practices across diverse agro-ecological zones, enhancing climate resilience in rice cultivation."
WOS:001298502400001,2024,English,Article,Crop grey water footprints in China: The impact of pesticides on water pollution,Grey water footprint; Pesticides; Nitrogen; Phosphorus; Water pollution; Agriculture,PHOSPHORUS; QUALITY; LOADS,"Agricultural water pollution is a significant challenge in China, a rapidly growing economy with a large agricultural sector. The grey water footprint (WF) is a tool for evaluating freshwater pollution. It expresses pollution in volumetric units identifying the pollutant that theoretically needs most water to be diluted to accepted water quality standards. Previous agricultural grey WF studies focused on nitrogen (N) and phosphorus (P), some studies included pesticides. This study assesses grey WFs based on N, P and 1513 pesticide combinations for twelve main crops and two crop categories in 31 Chinese provinces. Grey WFs, including the pesticide component, are far larger than estimated before, dominating total agricultural WFs (green, blue, and grey). The total grey WF of Chinese agriculture (4,900 109 m(3) year(-1)) is determined by pesticides, while grey WFs related to N and P are 450 and 1,500 109 m(3) year(-1), differences of a factor of eleven and three respectively. The provinces Heilongjiang, Inner Mongolia, Hebei, Henan, and Shandong are hotspots contributing 37 % to the total grey WF. A limited number of pesticides used for maize, vegetables, fruits and potato (Mancozeb a fungicide, Acetochlor a herbicide and Cypermethrin an insecticide) dominate total grey WFs, contributing 80 % to the total grey WF. Eliminating the most polluting pesticides per category and redistributing the remaining ones with a similar function but lower grey WFs reduces national water pollution from agriculture by 64 %. Only five crops, i.e. maize, potato, soybean, rice and wheat, and the two crop categories, vegetables and fruits, contribute 94 % to this reduction. Probably grey WFs could reduce even further with a second elimination and redistribution effort. This study is the first national grey WF assessment related to pesticides in agriculture. It offers valuable insights to farmers and policymakers to enhance water quality in China and beyond."
WOS:001282425000001,2024,English,Article,Enhanced strategies for water and fertilizer management to optimize yields and promote environmental sustainability in the mechanized harvesting of ratoon rice in Southeast China,Ratoon rice; Yield; Carbon footprint; Greenhouse gas emissions; Axillary bud,NITROGEN USE EFFICIENCY; GRAIN-YIELD; SOIL,"Ratoon rice utilizes the axillary buds sprouting from the remaining stubble of the main crop after harvest to form panicles, enabling a second harvest. However, mechanized harvesting often resulted in damage to the rice stubbles in the rolling zone, potentially leading to reduced yield. Enhancing the number of tillers in the rolling zone through optimized agronomic measures was crucial for achieving higher yield. However, research on water and fertilizer management corresponding to low stubble ratoon rice under mechanized harvesting was limited. A two-factor experiment was conducted to assess the impacts of water regimes (flooded; alternate wetting and drying) and nitrogen fertilizer management (0 kg N ha(-1); Tiller promotion fertilizer 90 kg N ha(-1); Split nitrogen application: Tiller promotion fertilizer 60 kg N ha(-1) + Booting stage fertilizer 30 kg N ha(-1)) on the yield formation, greenhouse gas emissions, and carbon footprint of low stubble ratoon rice. The results indicated significant effects of water regimes and nitrogen fertilizer on yield. Compared to single application of tillerpromoting fertilizer coupled with continuous flooding (N-FL), Split application of tiller-promoting fertilizer coupled with alternate wetting and drying (SN-AWD) significantly increased average annual yield by 25.4%. SNAWD significantly increased the ratoon ability of the basal first and second nodes compared to N-FL. The soil quality index and ecosystem multifunctionality under SN-AWD increased by an average of 32.37% and 10.16 times, respectively, compared to N-FL. This increase resulted in significant enhancements in root length and root surface area, consequently improving pre-anthesis and post-anthesis dry matter accumulation and ultimately enhancing yield. Although N2O emissions increased under SN-AWD compared to N-FL, CH4 cumulative emissions decreased significantly by 37.86% on average over two years, leading to a 23.02% reduction in total greenhouse gas emissions and a 38.62% reduction in carbon footprint per unit grain. SN-AWD attained maximum net ecosystem economic benefit (NEEB), increasing by 35.42% compared to N-FL. Overall, the comprehensive analysis suggested that SN-AWD was a sustainable water and fertilizer management approach beneficial for balancing ratoon season yields, environmental footprint, and economic benefits."
WOS:001017010300006,2023,English,Article,Enhancing rice production sustainability and resilience via reactivating small water bodies for irrigation and drainage,,CONJUNCTIVE USE; FOOTPRINT; CHALLENGES; MANAGEMENT; CROPS; PONDS,"Ponds played an important role in ancient rice-growing regions such as China and India. Here, the authors find that reviving small water bodies to recycle drainage water for irrigation can reduce China's rice production water footprint by 9% and alleviate 2-3% yield loss in dry years. Rice farming threatens freshwater resources, while also being increasingly vulnerable to drought due to climate change. Rice farming needs to become more sustainable and resilient to climate change by improving irrigation drainage systems. Small water bodies, used to store drainage water and supply irrigation in traditional rice farming systems have gradually been abandoned in recent decades. This has resulted in a higher water footprint (WF) associated with rice farming due to increased freshwater usage and wastewater release, also leaving rice production more vulnerable to extreme weather events. Here, we propose how protecting and reactivating small water bodies for rice irrigation and drainage can decrease rice production WF in China by 30%, save 9% of China's freshwater consumption, increase irrigation self-sufficiency from 3% to 31%, and alleviate yield loss in dry years by 2-3%. These findings show that redesigning rice irrigation drainage systems can help meet water scarcity challenges posed by climate change."
WOS:000267292200029,2009,English,Article,The water footprint of bioenergy,sustainability; climate change; energy; biomass; natural resource use,,"All energy scenarios show a shift toward an increased percentage of renewable energy sources, including biomass. This study gives an overview of water footprints (WFs) of bioenergy from 12 crops that currently contribute the most to global agricultural production: barley, cassava, maize, potato, rapeseed, rice, rye, sorghum, soybean, sugar beet, sugar cane, and wheat. In addition, this study includes jatropha, a suitable energy crop. Since climate and production circumstances differ among regions, calculations have been performed by country. The WF of bioelectricity is smaller than that of biofuels because it is more efficient to use total biomass (e. g., for electricity or heat) than a fraction of the crop (its sugar, starch, or oil content) for biofuel. The WF of bioethanol appears to be smaller than that of biodiesel. For electricity, sugar beet, maize, and sugar cane are the most favorable crops [50 m(3)/gigajoule (GJ)]. Rapeseed and jatropha, typical energy crops, are disadvantageous (400 m(3)/GJ). For ethanol, sugar beet, and potato (60 and 100 m(3)/GJ) are the most advantageous, followed by sugar cane (110 m(3)/GJ); sorghum (400 m(3)/GJ) is the most unfavorable. For biodiesel, soybean and rapeseed show to be the most favorable WF (400 m(3)/GJ); jatropha has an adverse WF (600 m(3)/GJ). When expressed per L, the WF ranges from 1,400 to 20,000 L of water per L of biofuel. If a shift toward a greater contribution of bioenergy to energy supply takes place, the results of this study can be used to select the crops and countries that produce bioenergy in the most water-efficient way."
WOS:001613200000001,2025,English,Article,Integrating life cycle assessment and costing in organic rice systems: scenario-based evaluation of water management and clean energy strategies in Thailand,Organic rice; Life cycle assessment (LCA); Life cycle costing (LCC); Alternate wetting and drying (AWD); Solar pumping irrigation (SPI); Sustainable agriculture,SUSTAINABILITY,"PurposeThis study evaluates the environmental and economic performance of organic rice production in northern Thailand by integrating life cycle assessment (LCA) and life cycle costing (LCC). The objective was to determine whether alternate wetting and drying (AWD) and solar pump irrigation (SPI) enhance sustainability in smallholder organic systems.MethodsA cradle-to-farm gate boundary was applied with a functional unit of 1 kg paddy rice. Three mitigation scenarios were compared with the baseline: AWD (Sc1), SPI (Sc2), and an integrated AWD-SPI system (Sc-Integrated). Primary data were collected from certified farms in Uttaradit Province, while background processes were modeled using Ecoinvent v3.8 and Thai databases. Environmental impacts were assessed using ReCiPe 2016, and GHG emissions were estimated using IPCC Tier 1 methods adapted to Thai conditions. The LCC was conducted over a 10-year horizon with a 5% discount rate.Results and discussionField methane emissions dominated the baseline footprint (1.16 kg CO2 eq/kg-rice). Relative to baseline, Sc1 reduced GHG emissions by 23% and LCC by 27%, Sc2 by 8% and 59%, and Sc-Integrated by 31% and 61%. Sc2 delivered the highest benefit-cost ratio (1.53) and internal rate of return (20%), while Sc-Integrated achieved the more balanced environmental and economic gains.ConclusionsAWD and SPI are complementary climate-smart practices. Their integration maximizes environmental benefits and cost savings, while the combined LCA-LCC framework provides a replicable tool to guide sustainable rice production and green economy transitions."
WOS:000581049800028,2020,English,Article,Better assessments of greenhouse gas emissions from global fish ponds needed to adequately evaluate aquaculture footprint,Methane; Carbon dioxide; Nitrous oxide; Mitigation; Ebullition; Aeration,NITROUS-OXIDE EMISSIONS; ORGANIC-MATTER SOURCES; METHANE EMISSIONS; LIPID BIOMARKERS; N2O EMISSION; RICE PADDIES; FLUXES; SOIL; SHRIMP; SYSTEM,"While providing protein for a fast-growing human population, the ongoing boom in global aquaculture comes with environmental costs. Particularly, the intense greenhouse gas (GHG) emissions reported for several aquaculture systems are a source of concern. Still, we argue that actual emissions could be multiple times higher than currently thought. Most studies supporting existing estimates solely rely on measurements of water-atmosphere diffusive fluxes of GHG, whereas methane (CH4) and nitrous oxide (N2O) emissions during drainage and refilling and CH4 bubbles emerging from sediments are largely ignored. Yet, abundant evidence for similar aquatic ecosystems suggests that these largely unaccounted emission pathways may be responsible for a large share of annual GHG emissions. Uncertainties from overlooking important emission pathways may have serious consequences, including incorrect advice on mitigation strategies and overly optimistic assessments of the GHG footprint of cultured freshwater fish. To ensure a low-carbon future for global aquaculture, we contend that GHG assessments in fish-farming ponds must extend beyond the focus on diffusive water-atmosphere fluxes and include all emission pathways and possible carbon burial in the sediment. In parallel, we call for a better understanding of the biological, microbiological and physical drivers of aquaculture emissions to effectively support mitigation strategies to minimize the footprint of this nutritionally valuable protein source. (C) 2020 Elsevier B.V. All rights reserved."
WOS:001241104800001,2024,English,Article,Application of resource-environmental-economic perspective for optimal water and nitrogen rate under high-low seedbed cultivation in winter wheat,Resource use efficiency; Environmental footprint; Net benefit; Water and nitrogen regime,EMISSIONS; SOILS; RICE,"High -low seedbed cultivation (HLSC), a targeted agricultural method for increasing land utilization efficiency in North China Plain, has emerged as a key practice in enhancing sustainable agriculture, particularly in the context of the region ' s unique ecological challenges and water scarcity. However, comprehensive analysis of resourceenvironment -economy for water and nitrogen strategy in HLSC-cultivated wheat was limited. A three-year field experiment with four nitrogen rates (360, 300, 240, and 180 kg ha -1 , denoted as N1, N2, N3, and N4) and three irrigation quotas (120, 90, and 60 mm, referred to as W1, W2, and W3) was conducted to investigate effects of water and nitrogen rate on water productivity (WP), agronomic efficiency of nitrogen (AE N ), energy use efficiency (EUE), carbon footprint (CF), water footprint (WF), nitrogen footprint (NF), and net benefits of HLSCcultivated wheat. Results showed that the total energy output in moderate water and nitrogen input (i.e., N3W2) was 328.0x10 3 MJ ha -1 , which was significantly increased by 31.8% compared with lower input (i.e., N4W3) but was decreased by 17.1% compared with higher input (i.e., N1W1). The total energy input, water consumption and grain yield in N3W2 was decreased by 22.3%, 14.4 and 4.1%, relative to N1W1, respectively, and increased by 18.2%, 20.8% and 42.2% relative to N4W3, respectively. This may lead to significant increase in EUE, WP, AE N and net income in N3W2. Furthermore, the CF, WF, and NF increased as the water and nitrogen input increased, whereas minimum CF, WF and NF per unit of yield was obtained N3/N4 or W1/W2 level. 240 kg N ha -1 coupled with 90 - 120 mm irrigation quota was recommended by TOPSIS for the HLSC-cultivated wheat to best trade-off resource use efficiencies, environmental footprints, and net benefits. Future studies are needed to further assess the scalability and adaptability of HLSC-cultivated wheat across different climatic zones and soil types."
WOS:000880091800001,2022,English,Article,Coupling life cycle assessment and global sensitivity analysis to evaluate the uncertainty and key processes associated with carbon footprint of rice production in Eastern China,carbon footprint; global sensitivity analysis; morris sensitivity analysis; sobol' sensitivity analysis; uncertainty analysis; life cycle assessment,WATER; MANAGEMENT,"An accurate and objective evaluation of the carbon footprint of rice production is crucial for mitigating greenhouse gas (GHG) emissions from global food production. Sensitivity and uncertainty analysis of the carbon footprint evaluation model can help improve the efficiency and credibility of the evaluation. In this study, we combined a farm-scaled model consisting of widely used carbon footprint evaluation methods with a typical East Asian rice production system comprising two fertilization strategies. Furthermore, we used Morris and Sobol' global sensitivity analysis methods to evaluate the sensitivity and uncertainty of the carbon footprint model. Results showed that the carbon footprint evaluation model exhibits a certain nonlinearity, and it is the most sensitive to model parameters related to CH4 emission estimation, including EFc (baseline emission factor for continuously flooded fields without organic amendments), SFw (scaling factor to account for the differences in water regime during the cultivation period), and t (cultivation period of rice), but is not sensitive to activity data and its emission factors. The main sensitivity parameters of the model obtained using the two global sensitivity methods were essentially identical. Uncertainty analysis showed that the carbon footprint of organic rice production was 1271.7 +/- 388.5 kg CO(2)eq t(-1) year(-1) (95% confidence interval was 663.9-2175.8 kg CO(2)eq t(-1) year(-1)), which was significantly higher than that of conventional rice production (926.0 +/- 213.6 kg CO(2)eq t(-1) year(-1), 95% confidence interval 582.5-1429.7 kg CO(2)eq t(-1) year(-1)) (p<0.0001). The carbon footprint for organic rice had a wider range and greater uncertainty, mainly due to the greater impact of CH4 emissions (79.8% for organic rice versus 53.8% for conventional rice). EFc, t, Y, and SFw contributed the most to the uncertainty of carbon footprint of the two rice production modes, wherein their correlation coefficients were between 0.34 and 0.55 (p<0.01). The analytical framework presented in this study provides insights into future on-farm advice related to GHG mitigation of rice production."
WOS:001262684900001,2024,English,Article,Large agri-food corporations in the global staple and cash crops markets: a quantitative analysis of rice and coffee through the virtual water perspective,large companies; staple crops; cash crops; agro-food sector; virtual water,TRADE; FOOTPRINT,"The paper investigates the influence of major food corporations on global rice and coffee markets from 2013 to 2022, with a focus on market presence and water usage. It uses detailed data from the Euromonitor Passport and the CWASI datasets to analyze environmental impacts and virtual water (VW) flows at the company level, addressing gaps in the existing literature. Key findings show that although rice sales are larger than those of coffee in quantity, coffee embeds a higher total water use due to its greater unit water footprint (WF). The rice market is less internationalized and concentrated compared to the coffee market, where a few companies hold significant market shares across multiple countries. In 2022, the top 12 rice-selling companies control 16% of the global rice WF, exceeding the combined WF of the top three rice-importing nations. Similarly, the top 15 coffee-selling companies command 55% of the global roasted coffee WF, with significant disparities in VW quantities compared to major importing nations. The coffee market exhibits a higher number of companies with larger shares of WF than volumes, with this disparity increasing over time. Furthermore, more countries exhibit high and moderate concentration indices for coffee sales compared to rice. These findings highlight the considerable concentration of water resources among large companies, particularly in the coffee sector. The paper emphasizes the importance of considering the environmental implications of corporate activities in food supply chains, providing valuable insights for sustainability efforts in the agri-food industry."
WOS:001256728300001,2024,English,Article,"Coupling Coordination Evaluation of Water and Soil Resource Matching and Grain Production, and Analysis of Obstacle Factors in a Typical Black Soil Region of Northeast China",matching of water and soil resources; grain production; water footprint; coupling coordination; obstacle factors; agricultural sustainable development,,"The coordinated development of water and soil resource matching and grain production is essential to enhance integrated grain production capacity and promote sustainable development in agriculture. Based on the perspective of a water footprint, this article empirically evaluates the coupling coordination relationship between water and soil resource matching and grain production in typical black soil areas in Northeast China using the coupled coordination degree and the obstacle model and further analyzes the obstacle factors that affect the coordination between the two systems. The results indicate that the blue water footprint, green water footprint, and total water footprint of five grain crops are increasing year by year. Soybean has the largest water footprint per unit mass, tubers have the smallest, and rice has the largest water footprint among cereals. The overall matching degree of water and soil resources in the study area is steadily increasing. However, there are significant differences in the water and soil resource matching coefficients between regions, with the highest being observed in Hegang City and the lowest being observed in Jiamusi City. Coupling remains at a high level and coupling coordination shifts from a low-middle-high to a middle-high stage. The correlation between soil and water resource matching and grain production systems is of significant importance. The degree of matching between water and soil resources serves as the primary obstacle affecting the coupling and coordinated development of integrated systems, which fundamentally restricts the sustainable development of regional agriculture."
WOS:001305862600001,2024,English,Article,"Effect of Irrigation and Cultivation Modes on Growth, Physiology, Rice Yield Parameters and Water Footprints",irrigation; cultivation mode; oryza sativa yield; water footprints; lodging coefficient; water use efficiency,EFFICIENCY; MESOPHYLL,"Under the background of the worsening global food and water crisis, efficient agricultural practices have become increasingly important. This study investigated the impact of different irrigation and cultivation modes on rice growth parameters, gas exchange, rice yield components, and water footprints in Jiangsu, China. Four treatments were employed in a randomized complete block design with three replications: (i) transplanted rice with frequent shallow irrigation (T-FSI), (ii) transplanted rice with rain-catching and controlled irrigation (T-RCCI), (iii) direct-seeded rice with frequent shallow irrigation (D-FSI), (iv) and direct-seeded rice with rain-catching and controlled irrigation (D-RCCI). The results revealed that the D-RCCI treatment significantly improved growth and physiological parameters. The D-FSI treatment drastically increased rice yield whereas T-RCCI increased the stem bending resistance and reduced lodging risk. The water footprint analysis showed significant water savings by optimized management practices. Compared to T-FSI, the T-RCCI, D-FSI, and D-RCCI treatments reduced the blue-green water footprint by 33%, 25%, and 25%, respectively. Additionally, water production efficiency increased by 13%, 106%, and 154% for T-RCCI, D-FSI, and D-RCCI respectively. The water footprint per unit yield of T-RCCI, D-FSI, and D-RCCI treatments was significantly reduced by 12%, 5,3%, and 63% compared to T-FSI. Overall, D-RCCI is the optimal strategy for rice cultivation in Jiangsu province and similar climatic areas due to its positive impact on yield, water savings, and environmental benefits."
WOS:001152556200001,2024,English,Article,Estimation of irrigation water requirements in the Gharb-irrigated perimeter (north-western Morocco),climate change; Gharb Plain; irrigation; water requirement,EVAPOTRANSPIRATION; BASIN,"Climate change has significant implications in semi-arid regions, including the Gharb Plain in North-Western Morocco. The short- or long-term consequences can have serious impacts on the population and the ecosystem, and more particularly on agricultural activities. Addressing the challenges of sustainable food production within the existing agricultural land while minimizing ecological disruption poses a pressing concern. A key aspect in achieving this balance lies in accurately estimating water requirements and maintaining water balance in irrigated agricultural areas, thereby ensuring efficient allocation of water resources while minimizing the ecological footprint in arid and semi-arid regions. This study employs NASA POWER meteorological data, GIS technology, and the Penman-Monteith equation to estimate irrigation water requirements (IWRs) for rice, sugarcane, and citrus crops in the Gharb Plain. Our study shows a significant decrease in IWRs in the Gharb Plain region, due to improved agricultural practices and efficient irrigation techniques. The peak period for crop water needs is between May and September. Sugarcane has the highest water consumption compared to rice and citrus. Climate variables, irrigation efficiency, and changes in cultivation impact water requirements. Our findings aid in estimating irrigation needs for different crops in the Gharb Plain, promoting sustainable water management."
WOS:001387777000001,2024,English,Article,Revealing Climate-Induced Patterns in Crop Yields and the Water-Energy-Food-Carbon Nexus: Insights from the Pearl River Basin,AquaCrop model; NSGA-II method; Sobol sensitivity analysis; machine learning; climate change,PROCESS-BASED MODEL; AQUACROP MODEL; RICE PRODUCTION; CHINA; MAIZE; IRRIGATION; DEMAND; TEMPERATURE; VALIDATION; MANAGEMENT,"In the context of growing concerns over food security and climate change, research on sustainable agricultural development increasingly emphasizes the interconnections within agricultural systems. This study developed a regionally integrated optimization and prediction agricultural model to systematically analyze the impacts of climate change on agricultural systems and their feedback mechanisms from a water-energy-food-carbon (WEFC) nexus perspective. Applied to the Pearl River Basin, the model evaluates future trends in grain yield, water use, energy consumption, and carbon emissions under various climate scenarios throughout this century. The results indicate that rising temperatures significantly reduce crop yields, particularly in the western basin, increasing the environmental footprint per unit of grain produced. However, the CO2 fertilization effect substantially offsets these negative impacts. Under the SSP585 scenario, CO2 concentrations rising from 599.77 ppm to 1135.21 ppm by the century's end led to a shift in crop yield trends from negative (Z = -7.03) to positive (Z = 11.01). This also reduces water, energy, and carbon footprints by 12.82%, 10.62%, and 10.59%, respectively. These findings highlight the critical importance of adaptive management strategies, including precision irrigation, optimized fertilizer use, and climate-resilient practices, to ensure sustainable agricultural production. Despite these insights, the model has limitations. Future research should incorporate uncertainty analysis, diverse adaptation pathways, and advanced technologies such as machine learning and remote sensing to improve predictive accuracy and applicability. This study offers valuable guidance for mitigating the adverse impacts of climate change on the WEFC nexus, supporting sustainable agricultural practices and science-based policy development."
WOS:001723298500001,2026,English,Article,Optimizing crop planting structures for water savings and grain revenue in China considering different spatial scales,Blue water footprint; Grain revenue; Spatial scale; Multi-objective programming; China,HEIHE RIVER-BASIN; FOOTPRINT; BLUE,"Balancing agricultural production to ensure food security and poverty alleviation with natural resource conservation, e.g., water, is the current focus of China's sustainable agricultural development policy. Previous studies have addressed the issue by adjusting crop planting areas using separate optimization models at the county, regional, or national levels. However, the impact of spatial scale on optimization outcomes and the associated sustainability implications has been overlooked, potentially leading to problematic policy analysis. This study aims to address this issue by comparing optimization results at two distinct scales: regional and national. Modeling objectives include minimizing the blue water footprint (MBW), maximizing grain revenue (MGR), and achieving a balanced multi-objective optimization solution by giving equal weights to both objectives. These objectives are subject to constraints on arable land, available BWF, and reference production levels for staple grains (rice, wheat, corn, and potatoes). Our findings reveal that national-scale optimization generally results in greater total irrigation water savings or higher overall grain revenue, at the expense of the other objective, compared to aggregating regional-scale optimizations. Optimal solutions that meet both objectives are more likely to be achieved at the regional scale, as demonstrated by both single- and multi-objective optimization outcomes. Our findings imply that focusing on narrower spatial scales for optimization may attain more equitable and sustainable outcomes without requiring trade-offs between critical objectives."
WOS:001718001600001,2026,English,Article,"Multidimensional sustainability assessment of rice cultivation systems in cold regions: Trade-offs and synergies among water, carbon, energy, and economic footprints",Rice cultivation models; Direct-seeded rice; Sustainability assessment; Water footprint; Carbon footprint; Energy footprint; Net ecosystem economic benefit; Cold-region rice cropping,GREENHOUSE-GAS EMISSIONS; SAVING IRRIGATION; SOIL; TILLAGE; YIELD,"To address the development dilemma of ""high yield, high resource consumption"" in the cold-region rice cropping areas of Northeast China and to respond to the national ""dual carbon"" strategy, this study aimed to systematically evaluate the sustainability of different rice cultivation models by integrating water, carbon, energy, and economic footprints. The goal was to identify an optimized path that balances food security, environmental friendliness, and economic feasibility. A field experiment was conducted from 2019 to 2020 in Changchun, Jilin Province, comparing four cultivation models: traditional transplanted flooded rice (TFR), wet direct-seeded flooded rice (WDSF), dry direct-seeded flooded rice (DDSF), and dry direct-seeded rice with alternate wetting and drying (DDSA). A comprehensive evaluation framework was established, incorporating water footprint (WF), carbon footprint (CF), energy footprint (EF), and net ecosystem economic benefit (NEEB). A bivariate sensitivity analysis was introduced to explore the impact of carbon and rice price fluctuations on economic decision-making. The DDSA model exhibited the optimal environmental performance, with its total water and carbon footprints reducing by 42.4% and 29.6%, respectively, compared to TFR. This was primarily attributed to a 95% reduction in methane (CH4) emissions and significant blue water savings. However, it suffered from a significant yield loss and increased nitrous oxide (N2O) emissions, revealing a trade-off between CH4and N2O emissions. Although the DDSF model showed considerable emission reduction potential, its severe yield loss led to the poorest NEEB, highlighting a sharp conflict between environmental improvement and economic viability. The WDSF model maintained a relatively high yield while achieving the highest NEEB (a 5.9% increase over TFR), demonstrating the best overall benefits. Sensitivity analysis indicated that the NEEB of the WDSF model remained the highest across carbon prices (0-300 CNY t-1CO2-eq) and rice price fluctuations (+/- 20%), exhibiting high robustness. Under scenarios of normal rice prices with a carbon price exceeding 250 CNY t-1CO2-eq, or a 20% drop in rice prices, the economic competitiveness of the DDSA model would surpass that of TFR. Under the conditions of this study, based on the four-dimensional assessment, the WDSF model achieves synergistic optimization of environmental and economic benefits while ensuring a relatively high yield, making it the most feasible and balanced model for promoting the sustainable transformation of cold-region rice cultivation at present. Future efforts should focus on enhancing the yield of dry direct-seeded rice through technological breakthroughs and leveraging policy levers such as carbon pricing to activate the economic value of its environmental benefits, ultimately promoting the transition of cold-region rice production towards a sustainable, ""eco-value-added"" paradigm."
WOS:000741698800001,2022,English,Article,Carbon Footprint Calculator Customized for Rice Products: Concept and Characterization of Rice Value Chains in Southeast Asia,greenhouse gas; water management; fertilizers; milling; straw management; post-harvest; product recovery; by-products; export,GREENHOUSE-GAS EMISSIONS; LIFE-CYCLE ASSESSMENT; FOOD-PRODUCTION; CLIMATE-CHANGE; ENVIRONMENTAL IMPACTS; CROPPING SYSTEMS; WATER-USE; MITIGATION; MANAGEMENT; CHINA,"In this study, we developed user-friendly software (CF-Rice) for calculating the carbon footprints (CF) of rice products. The approach follows the principles of Life Cycle Assessment while incorporating more flexibility for activities specific to rice production. The graphical user interface provides empirical emission and conversion factors obtained from the literature and from primary research studies of rice value chains. CF-Rice also allows the entering of new values for specific processes or practices. Data outputs distinguish among the contributions of individual stages of the value chain as well as different greenhouse gases (GHG), namely, CH4, N2O and CO2. The new tool was then applied to a scenario assessment of rice production in the regional context of Southeast Asia. The CF baseline of a typical rice value chain in the region accounted for a value of around 2300 g CO(2)e/kg(Prod). The CF can be reduced by about 27.4% through water-saving practices alone and can further be reduced up to 37.3% through interventions that increase product recovery rates and, thus, reduce food losses. In contrast, straw incorporation into the soil increased the CF by 26.0%. The tool is well suited for impact assessments of advanced practices and technologies of rice value chains."
WOS:001795359100001,2026,English,Article; Data Paper,A high-resolution gridded dataset of water footprints for China's major food crops from 2001 to 2020,,EVAPOTRANSPIRATION; SECURITY; GREEN,"Increasingly unsustainable water use in food systems and rising regional water scarcity jointly pose a critical challenge to food security. Advancing sustainable agricultural water management requires accurate quantification of crop water use, including the contributions of blue and green water and their spatiotemporal dynamics throughout growing seasons, the absence of which impedes reliable estimation of agricultural water requirements and the improvement of water management practices. Here, we integrated multi-source remote sensing datasets with high-resolution crop distribution and phenology data within a detailed water footprint accounting framework. This approach resulted in ChinaCropWF (Hua and Wang, 2025; 10.5281/zenodo.19532526), a 1 km, nationwide, daily-resolution dataset spanning 2001-2020, which quantifies blue and green water footprints for China's five major crops. Our dataset shows the total crop water footprints ranked as rice (145.55 +/- 20.04Gm(3)) > maize (120.39 +/- 29.02Gm(3)) > wheat (55.06 +/- 7.68Gm(3)) > soybean (35.00 +/- 4.09Gm(3)) > potato (7.23 +/- 0.72Gm(3)). The blue and green water composition was primarily determined by crop-specific traits and regional precipitation regimes. In contrast to the global increase in blue water footprints, China's blue water footprints for major food crops have declined, despite pronounced spatial heterogeneity. By contrast, green water footprints have increased widely across all major cropping regions. By capturing spatial heterogeneity in water volume and use efficiency, ChinaCropWF provides data support for adaptive irrigation, regional water management, and food-water nexus assessments."
WOS:001713912400001,2026,English,Article,Assessment of machine learning models to forecast water footprints of rice production,Water footprint; Rice; Machine-learning models; Multi-layer perceptron; Agricultural water management,RANDOM SUBSPACE METHOD; RANDOM FOREST; AGRICULTURE; HYDROLOGY; FIELD,"Traditional methods for estimating water footprints for rice production are often time-consuming and resource-intensive, highlighting the need for efficient and accurate predictive models. This study addresses this gap by evaluating the performance of seven machine learning models-Linear Regression (LR), M5P, Multi-layer Perceptron (MLP), Sequential Minimal Optimization - Support Vector Machine (SMO-SVM), Random SubSpace (RSS), Random Forest (RF), and Random Tree (RT)-in predicting the green and blue water footprints of rice in Punjab, India. Best subset regression and correlation matrix indicate that humidity, wind speed, sunshine hours, solar radiation, and total rainfall are optimal inputs for green water footprint prediction, while maximum temperature, humidity, wind speed, sunshine hours, and solar radiation are best for blue water footprint prediction. The RT model outperformed others in that, for green water footprint prediction, it achieved a correlation coefficient (CC) of 0.9991, mean absolute error (MAE) of 0.1314, root mean square error (RMSE) of 0.4553, relative absolute error (RAE) of 0.0477, and root relative squared error (RRSE) of 0.1283 during the training stage. However, during the testing stage, the RF model performed better (CC = 0.79, MAE = 154.2732, RMSE = 192.3973, RAE = 55.5602, and RRSE = 58.6433). For blue water footprint prediction, the RT model remained the best performer in both stages (training: CC = 0.9991; testing: CC = 0.9981, MAE = 0.7920, RMSE = 0.8583, RAE = 0.4440, and RRSE = 0.8290). These results suggest that machine learning can effectively support water management strategies by providing quick and reliable estimates of water footprints, which is crucial for sustainable rice production. By utilizing these models, policymakers can make informed decisions to optimize water usage and ensure sustainable agricultural practices."
WOS:001751714000001,2026,English,Article,Thirsty but not equal: Shifting water scarcity in China's grain production (1995-2022),Water footprint; Blue-green water; Water scarcity; Grain production; China,CROP PRODUCTION; CLIMATE-CHANGE; USE EFFICIENCY; FOOTPRINT; IRRIGATION; MAIZE; RESOURCES; YIELD; REQUIREMENTS; TRADE,"Ensuring water and food security under climate change is crucial for China's grain production. Using provincial data for 1995-2022, we simulated spatiotemporal dynamics of blue and green water footprints (WF), available water resources (AWR), and water footprint scarcity (WFS) in China's grain production. Nationally, total WF increased slightly (3.90*1011 m3 to 4.76*1011 m3), mainly due to expanded cultivated area and yields. The green water footprint (WFgreen), dominated by rice, was 1.6 to 2.4 times larger than the blue water footprint (WFblue) predominantly from maize. Spatially, the WF increased in northern China but decreased in the south, with major contributions from eastern and northern provinces such as Henan and Heilongjiang. However, a distinct spatial heterogeneity emerged: WFgreen prevailed in the humid east and south, while WFblue dominated in the arid northwest. Driven by WF and AWR, China's grain production has faced increasing and high water scarcity, with WFS consistently above 0.6. This was more urgent in the North China Plain and the northwest (especially Ningxia and Henan provinces), where blue water scarcity (WFSblue) became critical. Conversely, southwestern and southeastern provinces showed moderate or lower WFS, benefiting from higher AWR and lower WF. To mitigate these risks, we recommended integrated strategies focusing on water-saving technologies, optimized irrigation, enhanced rainfall utilization, crop structure adjustment, and interregional grain trade. Future research should adopt life-cycle-and nexus-based approaches while explicitly incorporating interregional virtual water flows to refine the water scarcity assessment and inform actionable policy."
WOS:001763098800001,2026,English,Article,Return Flow Compensation Reshapes Water Savings and Carbon-Water Synergy in Cold-Region Paddy Systems,alternate wetting and drying; methane emission mitigation; water footprint; irrigation efficiency paradox; LMDI decomposition; Sanjiang Plain,SENSITIVITY-ANALYSIS; IRRIGATION; EMISSIONS; FIELDS,"Non-flooding irrigation is widely promoted as a carbon-water co-benefit strategy in paddy rice, but field-scale trials overlook return flow compensation within irrigation districts and therefore overstate water-saving potential. To reconcile this scale mismatch, we developed a semi-distributed multi-scale water balance model coupled with a carbon footprint and full-component blue-green-grey water footprint framework and applied it across field, district, and provincial scales in Heilongjiang Province-a leading cold-region japonica rice region in Northeast China-using the Qinglongshan Irrigation District on the Sanjiang Plain as the focal case, supported by two growing seasons of field observations and 35 years of provincial records. Under alternate wetting and drying, apparent field-level water savings of 50-60% converge to 33% after return flow correction, implying that field-based indicators overestimate savings by 40-50%. Carbon mitigation is decoupled from water volume: CH4 suppression dominates total abatement and is governed by drying frequency rather than water saved. At the provincial scale, the water footprint has shifted from grey- to blue-water dominance, suggesting that blue-water efficiency now represents a principal remaining lever for further cold-region carbon-water co-benefits. Two-season coverage and fixed parameter assumptions affect magnitudes but not directions. Water-saving irrigation in cold-region paddy systems should therefore be evaluated at the district scale where data permit, rather than relying solely on field-scale indicators."
WOS:001775579500001,2026,English,Article,Water Use Efficiency and Carbon Trade-Offs of Gravity and Pump Irrigation in Rice Cultivation,irrigation; water use efficiency; rice cultivation; water-energy-food nexus; sustainable agriculture; decarbonization targets,PRODUCTIVITY; SYSTEMS; MANAGEMENT; FOOTPRINT; INCREASE,"As climate change worsens, irrigation modernization has become critical for better water distribution and maintaining rice production in the face of increasing water constraints. However, there remains a gap in quantification regarding the environmental trade-offs between pump-managed and gravity-based irrigation systems, especially in integrated assessments that relate economic performance, carbon emissions, and water use. This study used an integrated framework of water productivity (WP), consumptive water footprint (WF), carbon footprint, and eco-efficiency to compare gravity-based and pump-managed systems in the Don Chedi Operation and Maintenance Project, Thailand, from 2021 to 2023. The results showed no significant differences in WP and WF between systems. WP averaged 0.39 kg m-3 during the wet seasons and 0.54 kg m-3 during the dry seasons, while the WF averaged 2517 m3 t-1 and 1854 m3 t-1, respectively. These findings indicate that pump-managed irrigation enhanced operational flexibility and yield stability but did not substantially improve water use efficiency. However, compared with the gravity-based system, the pump-managed system produced much greater carbon emissions, with total carbon footprints ranging from 1.252 to 1.333 tCO2eq t-1, or five times higher in the irrigation process. Eco-efficiency metrics rose by up to 8.11% despite this environmental burden, indicating enhanced economic resilience amid fluctuating water conditions. These results show a recurring trade-off between low-carbon agricultural development and irrigation modernization. The study therefore emphasizes the importance of integrating renewable energy and low-carbon technologies into pump-based irrigation systems to support climate-resilient and sustainable agricultural transitions."
WOS:001695151400001,2026,English,Article,A coral-reef-inspired eco-friendly foamed cement: Towards a sustainable alternative with high strength and water resistance,Foamed magnesium oxychloride cement; Organic-inorganic hybridization; Alkali-treated straw; Carboxymethyl cellulose; Compressive strength,REMOVAL,"The development of foamed magnesium oxychloride cement (FMOC) offers a sustainable pathway for producing energy-efficient insulation materials with a lower environmental footprint. However, the pore structure and internal stress in traditional lightweight composites are prone to crack and collapse, which lead to a significant decline in their mechanical properties and water resistance. Corals can capture calcium carbonate from seawater by secreting specific organic substrates and deposit it layer by layer, which eventually forms a calcium carbonate skeleton that integrates hardness and toughness. Drawing inspiration from the biomineralization mechanism of coral reefs, this study introduces a method that provides an organic growth template and enables a dense organic-inorganic hybrid network by constructing a three-dimensional structure with alkali-treated rice straw (ARS) and carboxymethyl cellulose (CMC). In this system, the coordination interaction between CMC and Mg2 + promotes the formation of a strong interfacial connection between hydration products and ARS, strengthening the compactness and structural integrity of the FMOC composites. Compared with unmodified FMOC, the 28-day compressive strength and softening coefficient of the FMOC/ARS/CMC-0.02 % composites increased from 2.00 MPa to 10.14 MPa and from 0.12 to 0.52, representing improvements of 407 % and 333 %, respectively. The flame-retardant performance of FMOC/ARS/CMC composites was significantly enhanced. Moreover, the post-combustion cracks of the modified FMOC composites were notably reduced, demonstrating excellent thermal stability and fire resistance. This research provides an effective approach for developing environmentally friendly, lightweight, high-strength, and flame-retardant FMOC composite building materials."
WOS:000958257200001,2023,English,Article,Effects of Grinding Methods and Water-to-Binder Ratio on the Properties of Cement Mortars Blended with Biomass Ash and Ceramic Powder,corn cob ash; ceramic powder; mortar; SCM; dilution effect; water-to-binder ratio,RICE HUSK ASH; HIGH-PERFORMANCE CONCRETE; OIL FUEL ASH; FLY-ASH; PHYSICAL-PROPERTIES; WASTE; HYDRATION; ACTIVATION; METAKAOLIN; FINENESS,"To combat environmental challenges-such as the depletion of natural resources and a high carbon footprint-and contribute to the effort of achieving zero-waste technology and sustainable development, the use of agricultural and industrial wastes in the cement industry has created a research interest. This study explores the potential of two types of harvest residue ash (HRA) and three types of ceramic waste (CP) as supplementary cementitious materials (SCMs) through: (1) the characterization of raw materials and (2) examining the physical properties and mechanical performance of cement-based mortar samples prepared with 10%, 30% and 50%wt of the selected SCMs ground into powder form as cement replacement. Two main variables were the water-to-binder ratio (w/b) and the effect of different grinding procedures. Experimental results demonstrated that flexural and compressive strengths were not significantly impaired by SCM additions of up to 50%, but higher replacement levels led to an increased permeability and higher capillary water absorption due to the dilution effect. Also, a lower w/b was shown to effectively reduce the porosity of mortar and increase its mechanical properties, allowing for higher shares of SCMs to be utilized. This study verifies the technical feasibility of cob corn ash and ceramic powder application as SCMs in mortar formulations, further promoting the practice of incorporating industrial and agricultural by-products in greener cementitious composites."
WOS:000763639800001,2022,English,Article,"Carbon, Nitrogen and Water Footprints of Organic Rice and Conventional Rice Production over 4 Years of Cultivation: A Case Study in the Lower North of Thailand",carbon footprint; nitrogen footprint; water footprint; soil organic carbon; rice paddy,GREENHOUSE-GAS EMISSIONS; ENERGY USE EFFICIENCY; SOIL CARBON; AGRICULTURAL SOILS; CROPPING SYSTEMS; STRAW RETURN; FOOD; SEQUESTRATION; FERTILIZER; TILLAGE,"An integrated method is required for comprehensive assessment of the environmental impacts and economic benefits of rice production systems. Therefore, the objective of this study was to apply different footprinting approaches (carbon footprint (CF), nitrogen footprint (NF), water footprint (WF)) and determine the economic return on organic rice farming (OF) and conventional rice farming (CVF) at the farm scale. Over the 4-year study period (2018-2021), the results showed lower net greenhouse gas (GHG) emissions in OF (3289.1 kg CO(2)eq ha(-1) year(-1)) than in CVF (4921.7 kg CO(2)eq ha(-1) year(-1)), indicating that the use of OF can mitigate the GHG emissions from soil carbon sequestration. However, there was a higher CF intensity in OF (1.17 kg CO(2)eq kg(-1) rice yield) than in CVF (0.93 kg CO(2)eq kg(-1) rice yield) due to the lower yield. The NF intensities of OF and CVF were 0.34 and 11.94 kg Neq kg(-1) rice yield, respectively. The total WF of CVF (1470.1 m(3) ton(-1)) was higher than that in OF (1216.3 m(3) ton(-1)). The gray water in CVF was significantly higher than that in OF due to the use of chemical fertilizers, herbicides, and pesticides. Although the rice yield in OF was nearly two times lower than that in CVF, the economic return was higher due to lower production costs and higher rice prices. However, more field studies and long-term monitoring are needed for future research."
WOS:000555551000004,2020,English,Article,"Evaluation of carbon, nitrogen footprint and primary energy demand under different rice production systems",Ground cover rice production system; Environmental impacts; Energy depletion; Ecological footprint; Life cycle assessment,LIFE-CYCLE ASSESSMENT; GREENHOUSE-GAS FLUXES; ENVIRONMENTAL IMPACTS; WATER-CONSUMPTION; LESS WATER; YIELD; MANAGEMENT; FOOD; EFFICIENCY; GRAIN,"Ground cover rice production system (GCRPS) has been widely proved to enhance rice yield and save irrigation water. However, information on the environmental impacts and energy consumption of GCRPS remains un-known. In this study, a two-year field experiment was conducted in Hubei Province of China including con-ventional paddy (W1) and GCRPS (W2, maintaining saturated soil water content; W3, maintaining 80% of the field capacity), factorially combined with different N management practices (N1, zero-N application; N2, single urea application; N3, split application of urea for W1 treatments; manure substitution for W2 and W3 treat-ments). By combining a soil-crop model simulation with a footprint analysis method, a life cycle inventory was built to evaluate yield-scaled carbon footprint (CF), nitrogen footprint (NF), and primary energy demand (PED) of different rice production systems. Results showed that, compared to conventional flooding paddy, GCRPSs significantly reduced CF, NF, and PED by 31%-35%, 37%-40%, and 17%-18% respectively. Across different N treatments under GCRPS, manure substitution reduced the CF (20%-22%), NF (11%-37%), and PED (25%-27%) compared to the single urea treatments. The hotspot's contribution of N2O to CF, NH3 to NF, and N-fertilizer production to PED under GCRPS can be reduced by 77%, 33%, and 51% respectively compared to the single urea treatments. Therefore, W3N3 was recommended as the best management practice achieving less CF of 541.4 kg CO2 eq t-1, NF of 2.4 kg N eq t-1, and PED of 2440.0 MJ t-1 meanwhile maintaining high rice yield of 8526 kg ha-1 in the study region."
WOS:001046432300001,2023,English,Article,Water Use in Australian Irrigated Agriculture-Sentiments of Twitter Users,consumer; cotton; dairy; rice; water footprint,ALTERED FLOW REGIMES; FOOTPRINT; MANAGEMENT; SUSTAINABILITY,"The objective of this research was to examine consumer perceptions of water use in key Australian irrigated agriculture industries. Twitter data ('Tweets') from 2018 to 2022 related to water use/water footprints by/of the cotton, rice, and dairy industries were analyzed. The results revealed a higher prevalence of negative sentiments towards water use in Australian irrigated dairy, cotton, and rice industries compared to positive sentiments. The cotton industry received the most criticism. Our analysis showed that although the term ""water footprint"" was not widely used, the volume of water required for the production of irrigated cotton, dairy, and rice, or products derived from these commodities, is being circulated in tweets. However, the study also highlighted the presence of highly variable, incorrect, or outdated water footprint data in these tweets, indicating the unreliability of Twitter as an information source for consumers seeking to make sustainable consumption choices. This research offers valuable insights into consumer sentiments, benefiting stakeholders and policymakers in addressing public concerns and misinformation in the Australian irrigated agriculture sector."
WOS:000880192500003,2022,English,Article,Comprehensive assessment of integrated rice-crayfish farming system as a new paradigm to air-water-food nexus sustainability,Rice; Crayfish; Paddy fields; Sustainable agriculture,CONSUMPTION; EMISSIONS,"Integrated rice-crayfish farming (IRCF) is becoming a popular agricultural production mode and has expanded rapidly in China. However, serious concerns over the ecologically and environmentally friendly development of IRCF are still growing. Despite its importance, there is no comprehensive assessment study of IRCF to evaluate if it is a green and sustainable development in agricultural sector. To address such concerns, the life cycle assessment method at the endpoint level and water footprint were employed to elucidate the potential envi-ronmental risk caused by the fast development of IRCF. Furthermore, the economic assessment was also carried out using cost-benefit analysis. The results showed that, IRCF systems have higher impacts in the human health damage category compared to rice monoculture (RM) systems. This was attributed to the higher direct field emissions such as methane emission and high-water consumption in IRCF. However, IRCF had lower environ-mental impacts in the ecosystem damage category than RM, primarily due to decreased fertilizer inputs. Water footprint was the primary concern in IRCF, with 379% higher water consumption than RM. The expansion of IRCF can affect food security for the following two reasons: i) Outer ridge and ditch that are built around rice fields decrease rice planting area and hence total production, ii) Crayfish occupy rice fields in winter and the following spring, so winter-season crops such as winter wheat cannot be grown in IRCF fields. Economic assessment approved that the gross profit is the main motivation for farmers to shift from RM to IRCF, where 297% higher economic benefit can be achieved. Our results indicated that IRCF expansion improved farmers' income but came with potentially environmental and food security risks. Therefore, strict measures and rational land use planning should be implemented for the sustainable development of IRCF."
WOS:001072186700001,2023,English,Article,A simultaneous equations approach to analyze the sustainable water-energy-food nexus in South Korea,WEF nexus; food security; EKC hypothesis; water resources; water security; energy security,ENVIRONMENTAL KUZNETS CURVE; LIFE-CYCLE ASSESSMENT; CARBON POWER-SYSTEMS; ECOLOGICAL FOOTPRINT; ELECTRICITY DEMAND; USE EFFICIENCY; CLIMATE-CHANGE; CONSUMPTION PATTERNS; CROP DIVERSITY; SOLAR POWER,"Factors such as climate change, economic development, population growth, pandemics, and geopolitical instability threaten water, energy, and food (WEF) security, which consequently put sustainability at risk. However, studies that simultaneously consider WEF security and sustainability aspects still need improvement. This research aimed to build a sustainable WEF nexus framework and analyze the interrelationships among water consumption, electricity demand, food production, and ecological footprint, considering the Environmental Kuznets curve (EKC) hypothesis and external factors of the WEF nexus. For the empirical analysis, this study employed the three-stage least squares method to identify synergies and trade-offs in the sustainable WEF nexus in South Korea using panel data from 2005 to 2019. The results indicated that rice production causes excessive use of agricultural water, thereby deteriorating water availability and quality. This phenomenon leads to scarce water resources and environmental degradation, which negatively impact energy production and sustainability. Although increased agricultural productivity through automation improves food security, it can pose a threat to energy security by increasing electricity demand and energy imports. The EKC hypothesis test revealed that environmental problems cannot be solved through economic development. However, the indicators related to WEF security influence environmental sustainability rather than economic growth. These results indicate that WEF security and sustainability can be improved simultaneously by maximizing synergies and minimizing trade-offs within a sustainable WEF nexus. Therefore, this research provides a roadmap for policymakers regarding efficient ways to improve environmental quality and WEF security."
WOS:000555915200208,2020,English,Article,Water Resources Management Strategies for Irrigated Agriculture in the Indus Basin of Pakistan,Pakistan; Indus basin; water footprint; SPARE:WATER; water-saving strategies,FOOTPRINT REDUCTION; SURFACE IRRIGATION; PRODUCTIVITY; SCARCITY; REQUIREMENT; CHALLENGES; EFFICIENCY; SPRINKLER; PATTERNS; IMPACT,"Agriculture of Pakistan relies on the Indus basin, which is facing severe water scarcity conditions. Poor irrigation practices and lack of policy reforms are major threats for water and food security of the country. In this research, alternative water-saving strategies are evaluated through a high spatio-temporal water footprint (WF) assessment (1997-2016) for the Punjab and Sindh provinces, which cover an irrigated area of 17 million hectares in the Indus basin of Pakistan. The SPARE:WATER model is used as a spatial decision support tool to calculate the WF and establish alternative management plans for more sustainable water use. The average water consumption (WFarea) is estimated to 182 km(3) yr(-1), composed of 75% blue water (irrigation water from surface water and groundwater sources), 17% green water (precipitation) and 8% grey water (water used to remove soil salinity or dilute saline irrigation water). Sugarcane, cotton, and rice are highly water-intensive crops, which consume 57% of the annual water use. However, WFarea can be reduced by up to 35% through optimized cropping patterns of the existing crops with the current irrigation settings and even by up to 50% through the combined implementation of optimal cropping patterns and improved irrigation technologies, i.e., sprinkler and drip irrigation. We recommend that the economic impact of these water-saving strategies should be investigated in future studies to inform stakeholders and policymakers to achieve a more sustainable water policy for Pakistan."
WOS:000818504300005,2022,English,Article,A decoupling analysis framework for agricultural sustainability and economic development based on virtual water flow in grain exporting,Decoupling; Virtual water; Grain exports; Agricultural sustainability,RESOURCES; CONSUMPTION; FOOTPRINT; SCARCITY; CHINA,"With the growth in the agricultural economy, the problem of agricultural sustainability has become increasingly prominent. This study proposes a decoupling analysis framework for economic development and multidimensional sustainability indicators in grain exporting by integrating the Tapio decoupling model with virtual water (VW) theory, the Logarithmic Mean Divisia Index (LMDI) model and the footprint method. This framework is advantageous for coordinating research on the problems of virtual water flow (VWF) and ecological consumption for different grains, decoupling economic development and multidimensional sustainability indicators, and identifying key drivers that promote decoupling and curb VW consumption. This framework is applied to a real world case study in Heilongjiang Province, China. The results show that (1) the final water consumption coefficient of agriculture is the major positive influencing factor of VWF in grain exporting; (2) increasing the export volume of rice and corn instead of soybeans is beneficial for improving agricultural sustainability; and (3) promoting the coordination of multidimensional sustainability indicators effectively improves decoupling levels and relies on the contradiction between agricultural economic growth and environmental sustainability relief in the grain trade rather than on a single index.."
WOS:000726387200001,2021,English,Article,Soil Organic Carbon and System Environmental Footprint in Sugarcane-Based Cropping Systems Are Improved by Precision Land Leveling,precision land leveling; soil organic carbon; crop diversification; energy use pattern; environmental footprint,MANAGEMENT; TILLAGE; DIVERSIFICATION; SEQUESTRATION; NITROGEN; MATTER; CROPS,"A six-year experiment (2009 to 2015) was conducted on sugarcane-based cropping systems in farmers' fields to examine the effects of precision land leveling (PLL) compared to traditional land leveling (TLL) in terms of soil organic carbon (SOC), greenhouse gas emissions, irrigation water requirements, and system productivity and profitability. Twelve treatments compared different sugarcane sowing regimes and crops in rotation under both PLL and TLL. Spring-sown sugarcane grown in rotation with rice, potato, and wheat under PLL had the highest production (89.7 kg ha(-1) day(-1)) and required 142 cm irrigation water, which was 35.1% less water than a commonly practiced cropping system with late-sown sugarcane grown in rotation with rice and wheat only under TLL). Cropping systems established under PLL had higher land use efficiency (ranging between 64.9 and 86.2%), higher energy productivity (90.7 to 198.6 GJ ha(-1)), and lower greenhouse gas emissions (5249.33 to 944.19 kg CO2 eq ha(-1) year(-1)) than those under TLL. As well, treatments under PLL had increased levels of SOC, particularly in the upper soil layers, relative to SOC in treatments under TLL. Combining PLL with diversification of crops in sugarcane cropping systems has the potential to sustainably increase farmers' land productivity and profitability while improving soil health and reducing irrigation requirements. These benefits are likely to have applications in other sugarcane-based cropping systems in similar agro-ecologies."
WOS:000413256900019,2017,English,Article,Water-food-energy nexus index: analysis of water-energy-food nexus of crop's production system applying the indicators approach,Water; Energy; Food; Nexus; Index; Productivity; Consumption,INPUTS,"Analysis the water-food-energy nexus is the first step to assess the decision maker in developing and evaluating national strategies that take into account the nexus. The main objective of the current research is providing a method for the decision makers to analysis the water-food-energy nexus of the crop production system at the national level and carrying out a quantitative assessment of it. Through the proposed method, indicators considering the water and energy consumption, mass productivity, and economic productivity were suggested. Based on these indicators a water-food-energy nexus index (WFENI) was performed. The study showed that the calculated WFENI of the Egyptian summer crops have scores that range from 0.21 to 0.79. Comparing to onion (the highest scoring WFENI, the best score), rice has the lowest WFENI among the summer food crops. Analysis of the water-food-energy nexus of forty-two Egyptian crops in year 2010 was caried out (energy consumed for irrigation represent 7.4% of the total energy footprint), respectively. WEFN index can be applied to developed strategies for the optimal cropping pattern that minimizing the water and energy consumption and maximizing their productivity. It can be applied as a holistic tool to evaluate the progress in the water and agricultural national strategies. Moreover, WFENI could be applied yearly to evaluate the performance of the water-food-energy nexus managmant."
WOS:000893450100001,2022,English,Article,"Spatial-temporal variations in green, blue and gray water footprints of crops: how do socioeconomic drivers influence?",water footprint; socioeconomic driving factors; logarithmic mean divisia index (LMDI); Tapio decoupling; Heilongjiang,REFERENCE EVAPOTRANSPIRATION; VARIABILITY; CLIMATE,"Nowadays, more than 70% of global freshwater is used for agriculture. The evaluation of the water footprint of crops (CWFs) is an important method to measure the effects of crop production on water resource utilization and water environmental pollution. However, little attention is paid to the impact of socioeconomic development differences on the water footprint of each crop. In this study, the green, blue, and gray water footprints of crop production were quantified, and the socioeconomic drivers of changes in the CWFs were revealed. It is of great significance to provide targeted guidance for agricultural water management in Heilongjiang, a province with the largest crop production in China. Here, we show that the total water footprint of crop production (TWF) increased from 62.2 billion m(3) to 101.8 billion m(3), and high-value areas were mainly concentrated in the west and south of Heilongjiang Province. Over 95% of the total grain crops sown were covered by maize, rice and soybean, which presented the greatest TWF. The share of green water footprint in TWF has increased, and crop growth is increasingly dependent on rainfall. Furthermore, our results highlight that the effective irrigated quota and crop-planting scale for maize and rice contribute to TWF increase. The TWF and agricultural value-added score were weakly decoupling in most municipalities, indicating the improved efficiency of crop water use; the TWF is growing slower than the economy, which is undesirable. Changes in TWF and agricultural value-added score were the same as the left half of the inverted 'U of the 'Environmental Kuznets Curve', which has not reached the 'inflection point'. More efforts to control the effective irrigated quota and crop-planting scale while improving effective irrigated efficiency are needed to ensure that economic growth does not come at the expense of consuming enormous quantities of water."
WOS:000544258100042,2020,English,Article,Reducing food waste and changing cropping patterns to reduce water consumption and pollution in cereal production in Iran,Water Footprint Assessment; Water pollution; Blue water scarcity; Food waste; Cropping pattern; Food security,ANTHROPOGENIC NITROGEN; FOOTPRINT; BLUE; GREEN; SCARCITY; CROPS; GROUNDWATER; BENCHMARKS; LOSSES; IMPACT,"Availability of sufficient and clean freshwater has become a growing constraint to sustainable agricultural development in many countries. We explore two pathways that hold the potential to reduce water consumption and pollution related to cereal production in Iran: reducing food waste and changing cropping patterns. Hereto, we first evaluated the green, blue and grey water footprint (WF) associated with production of wheat, barley and rice. Next, we assessed resulting water scarcity and pollution levels at the provincial scale, for the period 1980-2010. Both total WF and its blue water share were found to have increased considerably from 1980 on. For the year 2010 (a representative hydrological year), results show that the national total green-blue WF of production of these major cereals is 43 x 10(9) m(3). Regarding the grey WF of production, 30 x 10(9) m(3) was required to take up surplus N loads to water bodies. Resulting blue water scarcity and water pollution levels are highest in the arid and semi-arid provinces, caused in part by cereal production destined for export to other regions. Exploring reduction pathways showed that bridling cereal waste allows a potential reduction in both the green-blue WF and grey WF of production of up to 5% each. Relocating production areas and modifying cereal trade patterns from water-abundant to scarcer provinces could save up to 3.5% in the green-blue WF of production and up to 25% in the grey WF."
WOS:000370491400009,2016,English,Article,Agronomic improvements can make future cereal systems in South Asia far more productive and result in a lower environmental footprint,best management practices; cereal productivity; cereals systems; conservation agriculture; crop diversification; global warming potential; rice-based cropping system; South Asia,NITROUS-OXIDE EVOLUTION; INDO-GANGETIC PLAINS; RICE-WHEAT ROTATION; CONSERVATION AGRICULTURE; METHANE EMISSIONS; RAINFALL EVENTS; SOIL DRIVEN; TILLAGE; YIELD; MANAGEMENT,"South Asian countries will have to double their food production by 2050 while using resources more efficiently and minimizing environmental problems. Transformative management approaches and technology solutions will be required in the major grain-producing areas that provide the basis for future food and nutrition security. This study was conducted in four locations representing major food production systems of densely populated regions of South Asia. Novel production-scale research platforms were established to assess and optimize three futuristic cropping systems and management scenarios (S2, S3, S4) in comparison with current management (S1). With best agronomic management practices (BMPs), including conservation agriculture (CA) and cropping system diversification, the productivity of rice- and wheat-based cropping systems of South Asia increased substantially, whereas the global warming potential intensity (GWPi) decreased. Positive economic returns and less use of water, labor, nitrogen, and fossil fuel energy per unit food produced were achieved. In comparison with S1, S4, in which BMPs, CA and crop diversification were implemented in the most integrated manner, achieved 54% higher grain energy yield with a 104% increase in economic returns, 35% lower total water input, and a 43% lower GWPi. Conservation agriculture practices were most suitable for intensifying as well as diversifying wheat-rice rotations, but less so for rice-rice systems. This finding also highlights the need for characterizing areas suitable for CA and subsequent technology targeting. A comprehensive baseline dataset generated in this study will allow the prediction of extending benefits to a larger scale."
WOS:000774351700001,2022,English,Article,Water-Energy-Food Nexus Approach to Assess Crop Trading in Saudi Arabia,water footprint; agricultural product; energy footprint; carbon dioxide emission; water-energy-food nexus,CHINA; POLICY; MODEL,"Water scarcity is a global challenge, especially in arid regions, including Middle Eastern and North African countries. The distribution of water around the earth is not even. Trading water in the form of an embedded commodity, known as the water footprint (WF), from water-abundant regions to water-scarce regions, is a viable solution to water scarcity problems. Agricultural products account for approximately 85% of the earth's total WF, indicating that importing water-intense crops, such as cereal crops, can partially solve the local water scarcity problem. This study investigated water, energy, and food nexus dynamics for the trades of a few major crops, specifically considering Saudi Arabia. It analyzed the trade of crops and its impact on WF, energy, and carbon dioxide (CO2) emission savings. The findings revealed that importing major cereal crops to Saudi Arabia could significantly reduce the local WF. The imports of wheat, maize, rice, and barley reduced approximately 24 billion m(3) per year of consumable WF (i.e., blue and green water footprint) in the global scale. Similarly, the trade of major crops had a significant impact on energy and CO2 emission savings. The energy savings from the wheat, maize, and barley trades in Saudi Arabia was estimated to be approximately 9 billion kWh. It also saved about 7 million tons per year of CO2 emissions. The trades of cereal crops in Saudi Arabia reduced water consumption, energy usage, and CO2 emissions significantly."
WOS:000763114000001,2022,English,Article,Assessment on Land-Water Resources Carrying Capacity of Countries in Central Asia from the Perspective of Self-Supplied Agricultural Products,Central Asia; food security; resource carrying capacity; agricultural land-water resources; sustainable development,CONSERVATION AGRICULTURE; CLIMATE-CHANGE; IRRIGATION; EFFICIENCY; IMPACTS; SYSTEM; MANAGEMENT; FRAMEWORK; RICE,"Despite the declining hunger in Central Asia, food insecurity remains an important issue due to the dry climate. Taking Kazakhstan, Uzbekistan, Kyrgyzstan, Turkmenistan, and Tajikistan as examples, this study assesses their land-water resources carrying capacity in 1999, 2009, and 2018, on the premise that agricultural water and farmland are spatially matched based on the ""buckets effect"", using the ecological footprint and water footprint methods. Results show the following: (1) the total farmland area in Central Asia is sufficient to achieve food self-sufficiency; the available farmland area is 2.45 times that of the farmland required for self-sufficiency in 1999, which decreased to 1.71 times in 2009, but slightly increased to 1.92 times in 2018. Specifically, Kazakhstan maintains a surplus of more than 15 x 10(6) ha in farmland, while the other 4 countries could not achieve self-sufficiency. (2) The water resources pressure rises; the available agricultural water resource (AAWR) in Central Asia is 3.07 times that of the water demand for agricultural irrigation (WDAI), and 3.06 times that of the water demand for irrigation and environmental purification (WDIEP) in 1999, which decreased to 1.69 times of WDAI and to 1.60 times of WDIEP in 2018. Tajikistan has the highest level of water surplus, followed by Kyrgyzstan and Kazakhstan. Turkmenistan and Uzbekistan do not have enough water to sustain agricultural production. (3) The trend of land-water resources carrying capacity declines in Central Asia. In 1999, 2009, and 2018, the land-water resources could support the population's food demand in this region when only considering farmland matched with WDAI. However, the population carrying capacity deficit would emerge if we considered the matching farmland with WDIEP."
WOS:000444625900131,2018,English,Article,Greenhouse gas emissions and water footprints of typical dietary patterns in India,Sustainability; India; Greenhouse gas emissions; Water footprint; Agriculture; Dietary pattern,NUTRITION TRANSITION; FOOD-CONSUMPTION; TRENDS; CROP; DEPLETION; ADULTS; SYSTEM; BLUE,"Agriculture is a major contributor to India's environmental footprint, particularly through greenhouse gas (GHG) emissions from livestock and fresh water used for irrigation. These impacts are likely to increase in future as agriculture attempts to keep pace with India's growing population and changing dietary preferences. Within India there is considerable dietary variation, and this study therefore aimed to quantify the GHG emissions and water usage associated with distinct dietary patterns. Five distinct diets were identified from the Indian Migration Study - a large adult population sample in India using finite mixture modelling. These were defined as: Rice & low diversity, Rice & fruit, Wheat & pulses, Wheat, rice & oils, Rice & meat. The GHG emissions of each dietary pattern were quantified based on a Life Cycle Assessment (LCA) approach, and water use was quantified using Water Footprint (WF) data. Mixed-effects regression models quantified differences in the environmental impacts of the dietary patterns. There was substantial variability between diets: the rice-based patterns had higher associated GHG emissions and green WFs, but the wheat-based patterns had higher blue WFs. Regression modelling showed that the Rice & meat pattern had the highest environmental impacts overall, with 0.77 (95% CI 0.64-0.89) kg CO(2)e/capita/day (31%) higher emissions, 536 (95% CI 449-623) L/capita/day (24%) higher green WF and 109 (95% CI 85.9-133) L/capita/day (19%) higher blue WF than the reference Rice & low diversity pattern. Diets in India are likely to become more diverse with rising incomes, moving away from patterns such as the Rice & low diversity diet. Patterns such as the Rice & meat diet may become more common, and the environmental consequences of such changes could be substantial given the size of India's population. As global environmental stress increases, agricultural and nutrition policies must recognise the environmental impacts of potential future dietary changes. (C) 2018 The Authors. Published by Elsevier B.V."
WOS:000466418300023,2019,English,Article,"""More crop per drop"": Exploring India's cereal water use since 2005",Cereals; India; Water resource management; Food security; Irrigation; Cool Farm Tool,GROUNDWATER DEPLETION; FOOD-PRODUCTION; BLUE; FOOTPRINT; CLIMATE; GREEN; DIETS; SENSITIVITY; EMISSIONS; SCARCITY,"India has the highest national freshwater demand globally and 91% of India's freshwater is used in the agriculture sector. Cereals account for over 50% of the dietary water footprint in India and represent a potential opportunity for reducing water use in Indian agriculture. This study combines governmental production and irrigation statistics with crop distribution maps to examine trends in annual water use for cereal production in India between 2005 and 2014. A new online water assessment tool, Cool Farm Tool Water (CFTW), was used to calculate water use and derive seasonal state-level blue and green water footprints for rice, wheat, sorghum, millet and maize. The analysis indicates that India achieved 26.4% increased total cereal production between 2005 and 2014 without additional water or land use. Cereal water footprints have declined due to higher yields for most crops and slightly lower rates of evapotranspiration. There has also been a shift in the area under production away from the Kharif (monsoon) towards the Rabi (dry) season in which total water footprints for all cereals except rice are substantially lower (-33.4% to -45.0% compared to Kharif), but show a significantly higher dependency on ground and surface water. The value of this study is two-fold. First, it provides a full assessment of production trends for the five major cereals in India for each year from 2005 to 2014 and links it to water use. Secondly, it uses updated seasonal water footprints, which demonstrate the potential for changes in cereal production practices to contribute to improved efficiency of water use in India. Future pressures on scarce water resources may encourage transition to cereals with lower irrigation dependency, in particular maize, but also sorghum and millet. In addition, increased emphasis on improving millet and sorghum yields would be of benefit to secure cereal production and reduce its overall water footprint. (C) 2019 The Authors. Published by Elsevier B.V."
WOS:000760587600001,2022,English,Article,Crop Water-Saving Potential Based on the Stochastic Distance Function: The Case of Liaoning Province of China,stochastic frontier distance function; water footprint; water use efficiency; spatial-temporal variation characteristic,USE EFFICIENCY; IRRIGATION EFFICIENCY; RIVER-BASIN; PADDY RICE; FOOTPRINT; QUANTITY; FARMS; YIELD; WHEAT; BLUE,"Scientific evaluation of crop water use efficiency is of great significance for ascertaining water-saving potential and realizing efficient utilization of water resources. In this paper, we calculated the water footprint of crop growth, pollution water footprint and production water footprint of 14 cities in Liaoning Province, China, by using the water footprint theory, established the crop water use efficiency model of stochastic frontier distance function, and analyzed the spatial-temporal variation characteristics of crop water use efficiency (WUE), ecological WUE and production WUE. Results show that: (1) the average water footprint of crop growth was 1.714 x 10(9) m(3), the ecological water footprint of crop was 6.26 x 10(8) m(3), and the water footprint of crop production was 2.34 x 10(9) m(3) from 2001 to 2017 for the whole province. (2) the WUE of crop growth was 0.821, the crop ecological WUE was 0.845 and crop production was 0.865, respectively. We concluded that Liaoning province can save 17.9% of crop consumption water, equivalent to 8.38 x 10(8) m(3), 15.5% of ecological water, equivalent to 7.25 x 10(8) m(3) and 13.5% of production water, equivalent to 6.32 x 10(8) m(3) by strengthening the popularization of agricultural high-efficiency water use technology and improving the level of policy management. This research provides a basic support for the evaluation of crop water-saving potential with the stochastic frontier approach in other regions."
WOS:000875256900001,2022,English,Article,Spatial Pattern of Water Footprints for Crop Production in Northeast China,crop water footprint; water consumption; rice; maize and soybean; grid level; Northeast China,CONSUMPTION; IMPACT; GREEN; BLUE,"Water is an important resource for crop production; identifying the spatial pattern of the crop water footprint (WF) is of great significance for the optimization of water resource consumption and management in agricultural production. This study quantified the green, blue and grey water footprints (GWF, BWF and GRWF) and water consumption (GWC, BWC and GRWC) of rice, maize and soybean at the 1 km grid level and city level in Northeast China in 2019 based on the CROPWAT 8.0 model. The results showed that the average total water footprints of rice (TWFr), maize (TWFm) and soybean (TWFs) were 624.31 m(3)center dot ton(-1), 527.26 m(3)center dot ton(-1) and 1298.21 m(3)center dot ton(-1), respectively. The spatial differences in the WF of each crop were obvious in Northeast China, with the highest values of TWFr mainly occurring in Baicheng, Dalian and Qitaihe; the highest TWFm values were mainly found in Baicheng, Yingkou and Hulundao, and the highest TWFs were mainly found in Baicheng, Chifeng and Tongliao. The total water consumption of all three crops (TWCc) in Northeast China was 94 billion m(3)center dot yr(-1) (42% green, 26% blue and 32% grey), in which the total water consumption of maize production (TWCm) accounted for 60%. The production of rice, maize and soybean in Northeast China mainly depends on green water, grey water and blue water, respectively. Combining the results of the spatial patterns of crop TWF and TWC, the study revealed that the planting pattern of crops in Northeast China was relatively reasonable for sustainable water use. Meanwhile, cities that have the potential to enhance crop production and cities that should improve their water use efficiency and reduce fertilizer application were also identified."
WOS:000513232600098,2020,English,Article,Assessment of Main Cereal Crop Trade Impacts on Water and Land Security in Iraq,cereal crops; virtual water trade; footprint; Iraq,FOOTPRINT; GREEN; BLUE; CONSUMPTION; NATIONS; FOOD,"Growing populations, socio-economic development, the pollution of rivers, and the withdrawal of fresh water are all signs of increasing water scarcity, and with 85% of global use, agriculture is the biggest freshwater user. The water footprint (WF) and virtual water (VW) are concepts used recently for freshwater resources assessment. The WF reflects how much, when and where the water was used whereas VW reveals the volume of water embedded in goods when traded. The first goal of this research is to determine the WF per ton and the WF of production (Mm(3)/yr) of wheat, barley, rice, and maize in Iraq. The second goal is estimating the quantities of the 4 main cereal crops imported into Iraq and assessing the impact on reducing WF and land savings for 10 years from 2007 to 2016. The results showed that the WF per ton was 1736, 1769, 3694, 2238 m(3)/ton and the WF of production was 5271, 1475, 997, 820 Mm(3)/yr for wheat, barley, rice, and maize, respectively. The median total VW imported was 4408 Mm(3)/yr, the largest volume was 3478 Mm(3)/yr from wheat, and Iraq saved about 2676 Mm(3) of irrigated water and 1,239,539 M ha of land by importing crops every year during 2007-2016. The study revealed the significance of better irrigation management methods to decrease the WF through a selection of crops that need less water and cultivation in rain-fed areas, as well as the use of cereal import to conserve scarce water resources, which is crucial both in terms of water resource management and preservation of the environment. The results of this research could be used as a guideline for better water management practices in Iraq and can provide helpful data for both stakeholders and policymakers."
WOS:000448462700052,2018,English,Article,Water Use and Rice Productivity for Irrigation Management Alternatives in Tanzania,Africa; deficit irrigation; food security; system of rice intensification; water conservation; water productivity,INTENSIFICATION SRI; USE EFFICIENCY; YIELD; NITROGEN; SYSTEM; GROWTH; BASIN,"Rice production is important for global food security but given its large water footprint, efficient irrigation management strategies need to be developed. Expansion of rice growing area is larger than any other crop in Africa due to increasing demand for rice. Three rice irrigation management alternatives with the system of rice intensification (SRI) were field-evaluated against the conventional continuously flooded system (CF) in Tanzania. Production systems included: (1) CF (50 mm ponding depth for the entire season); (2) SRI (40 mm ponding for 3 days and no irrigation for next 5 days); (3) 80% SRI (80% of the SRI ponding); and (4) 50% SRI (50% of the SRI ponding). Experimental evaluation of the four systems was conducted for both wet and dry seasons. For the dry season, the SRI and 80% SRI produced higher yields of 9.68 tons/ha and 11.45 tons/ha and saved 26% and 35% of water, respectively compared to the CF (8.69 tons/ha). The yield advantage of the 80% SRI and SRI over the CF was less during the wet season with 6.01 tons/ha and 5.99 tons/ha of production, and water savings of 30% and 14%, respectively compared to the CF (5.64 tons/ha). The 50% SRI had lowest yield of all for both seasons, 7.48 tons/ha and 4.99 tons/ha for the dry and wet seasons, respectively. Statistically, the 80% SRI treatment outperformed all other treatments over the two seasons with an additional yield of 1.57 tons/ha and 33% (345 mm) water savings compared to the CF. Economic productivity of water (US$/ha-cm) over two seasons was highest for the 80% SRI ($20.27/ha-cm), while it was lowest for the CF ($12.89/ha-cm). Water saved by converting from the CF to the 80% SRI (1.98 million ha-cm) can support a 50% expansion in the current rice irrigated area in Tanzania. Even without irrigation expansion, the 80% SRI can increase rice production by 1.5 million tons annually while enhancing water availability for industrial and environmental uses (e.g., ecological preserves) and help achieve food security in Tanzania and the greater sub-Saharan Africa."
WOS:000522976800002,2020,English,Article,Evaluating the effectiveness of footprint platforms to detect invasive mammals: coypu (Myocastor coypus) as a case study,Tracking plates; Myocastor coypus; Italy; Occupancy models; Detection,BEHAVIORAL ECOLOGY; MODEL SELECTION; HABITAT-USE; WETLAND; POPULATION; ERADICATE; RODENTIA; IMPACTS,"Effective and easy-to-apply monitoring techniques are necessary to detect alien species at their first stage of invasion, allowing rapid removal or delimitation of the invaded range for eradication or control actions. Monitoring tools should be effective in detecting the target species, reduce false absences and allow an early detection. The coypu (Myocastor coypus) is a large semi-aquatic rodent native to subtropical and temperate South America, introduced all over the world for its valuable fur. We tested tracking plates in the framework of a coypu occupancy study to take into account false absences and define a standardized monitoring protocol for the species with a limited engagement of staff. We set 60 linear transects, each with 3 tracking plates, along artificial water bodies within the rice district in northwestern Italy and checked them for six consecutive days. For the analyses, we fitted single-season occupancy models to our detection history data. We detected coypu presence at least once in 29 out of the 60 investigated transects (48%). When modeling occupancy and detection probability constant in time and space, the estimate psi was 0.48 and detection probability p was 0.60. A minimum of four consecutive visits to the transects provided reliable detection. Coypu's probability of presence was significantly driven by the amount of surface covered by rice plantations around the investigated water courses. The proposed method may function as a tool for the rapid detection of coypu on large-scale monitoring projects and in case of new colonization, and as a basis for subsequent prompt control actions."
WOS:000634808700001,2021,English,Article,"Consumptive water footprints, water use efficiencies and productivities of rice under alternate wetting and drying for Kharagpur, West Bengal, India",alternate wetting and drying; consumptive water footprint; crop water use efficiency; lysimeter; water productivity,GRAIN-YIELD; CROPPING SYSTEMS; CLIMATE-CHANGE; PADDY RICE; IRRIGATION; MANAGEMENT; BLUE; FERTILIZER; PRODUCTS; IMPACT,"An experimental study was carried out with medium duration rice variety (IR 36) during kharif and rabi seasons of 2015/16 and 2016/17 to investigate the effect of alternate wetting and drying (AWD) practice on water use efficiency, productivity, and consumptive water footprints of rice. The performance of AWD practice was compared with the conventionally (CON) irrigated rice using non-weighing lysimeters. The study resulted that by managing the alternate wetting and drying up to 15 cm below the ground level, a significant reduction in water input (26-29% in kharif and 22-27% in rabi season) could be achieved under AWD. A reduction in evapotranspiration (about 6% in both kharif and rabi seasons) was also observed under AWD. Reduction in consumptive water footprint (about 2-3% in kharif and 2-5% in rabi) was obtained under AWD. Reductions in blue water footprints (7% in kharif and 4-5% in rabi) was also observed under AWD. On average, crop water use efficiency was significantly enhanced by 27-33% and 20-29% in the respective kharif and rabi seasons under AWD practice. Significant improvement in total water productivity by 29-37% and 23-35% in the respective two seasons exhibited the superiority of AWD over CON during the two years of field experiments."
WOS:000720536800001,2021,English,Article,Virtual nitrogen and phosphorus flow associated with interprovincial crop trade and its effect on grey water stress in China,crop trade; grey water footprint; grey water stress; nitrogen and phosphorus losses,POLLUTION LEVELS; FOOTPRINT; QUALITY; GLOBALIZATION; CALIBRATION; RESOURCES; TRANSFERS; QUANTITY; SYSTEMS; LOSSES,"The grey water footprint (GWF) is defined as freshwater requirements for diluting pollutants in receiving water bodies. It is widely used to measure the impact of pollutant loads on water resources. GWF can be transferred from one area to another through trade. Although pollution flow has previously been investigated at the national level, there has been no explicit study on the extent to which crop trade affects GWF across regions and the associated changes in grey water stress (GWS). This study analyzes pollution flow associated with interprovincial crop trade based on nitrogen (N) and phosphorus (P) loss intensity of three major crops, namely, maize, rice and wheat, which is simulated by a grid-based crop model for the period 2008-2012, and evaluates the spatial patterns of GWS across China. The results indicate that the integrated national GWF for N and P was 1271 billion m(3) yr(-1), with maize, rice, and wheat contributing 39%, 37%, and 24%, respectively. Through interprovincial crop trade, southern China outsourced substantial N and P losses to the north, leading to a 30% GWS increase in northern China and 66% GWS mitigation in southern China. Specifically, Jilin, Henan, and Heilongjiang Provinces in the northern China showed increases in GWS by 161%, 114%, and 55%, respectively, while Fujian, Shanghai, and Zhejiang in the south had GWS reductions of 83%, 85%, and 80%, respectively. It was found that the interprovincial crop trade led to reduced national GWF and GWS. Insights into GWF and GWS can form the basis for policy developments on N and P pollution mitigation across regions in China."
WOS:000620555800001,2021,English,Article,Crop Production Allocations for Saving Water and Improving Calorie Supply in China,crop production allocation; blue water footprint; calorie production; multiple obecjtive optimization; provincial level,MULTIOBJECTIVE EVOLUTIONARY OPTIMIZATION; OPPORTUNITIES; CONSERVATION; RESOURCES; FOOTPRINT; ALGORITHM; SYSTEM; TRADE; REUSE,"The limited available water resources and competition among different water use sectors have become the main constraints of food security and sustainability. Faced with the inability to expand the area of cultivated land due to urbanization and population growth, one of the biggest challenges and risks for developing countries is to ensure the supply of food quantity and quality under extremely limited water resources. To achieve water-saving and improve calorie supply by adjusting crop production allocations, three objectives-of minimum blue water footprint, maximum calorie production, and each crop production no less than the reference level of nine main crops in China-were achieved using a non-dominated sorting genetic algorithm II. The results display that compared with the reference year, model Maize+ (maize production increased) had significant blue water saving (similar to 32%), the blue water footprint of crop production in all provinces reduced, and its calorie production increased by 4%. This solution is not realistic for China because wheat and rice production need to be reduced by 82 and 80%, respectively. However, model Citrus- (citrus production decreased) reduced the blue water footprint of crop production (similar to 16%), and increased calorie production (similar to 12%). Compared with other solutions, it is a sustainable crop production structure that is easier to realize because it is better at meeting the production of each crop. Therefore, China can appropriately increase the planting area of maize and reduce the planting of citrus and other crops that consume more blue water and produce fewer calories to ensure the security and sustainability of food supplies. However, the improvement of water saving-technology, rationalization of agricultural water resources management, crop production allocations mentioned in this study, and other efforts are necessary to achieve this goal."
WOS:000351414900004,2015,English,Article,Carbon footprint of crop production in China: an analysis of National Statistics data,,EMISSION; TRADE; RICE,"Assessing carbon footprint (CF) of crop production in a whole crop life-cycle could provide insights into the contribution of crop production to climate change and help to identify possible greenhouse gas (GHG) mitigation options. In the current study, data for the major crops of China were collected from the national statistical archive on cultivation area, yield, application rates of fertilizer, pesticide, diesel, plastic film, irrigated water, etc. The CF of direct and indirect carbon emissions associated with or caused by these agricultural inputs was quantified with published emission factors. In general, paddy rice, wheat, maize and soybean of China had mean CFs of 2472, 794, 781 and 222 kg carbon equivalent (CE)/ha, and 0.37, 0.14, 0.12 and 0.10 kg CE/kg product, respectively. For dry crops (i.e. those grown without flooding the fields: wheat, maize and soybean), 0.78 of the total CFs was contributed by nitrogen (N) fertilizer use, including both direct soil nitrous oxide (N2O) emission and indirect emissions from N fertilizer manufacture. Meanwhile, direct methane (CH4) emissions contributed 0.69 on average to the total CFs of flooded paddy rice. Moreover, the difference in N fertilizer application rates explained 0.86-0.93 of the provincial variations of dry crop CFs while that in CH4 emissions could explain 0.85 of the provincial variation of paddy rice CFs. When a 30% reduction in N fertilization was considered, a potential reduction in GHGs of 60 megatonne (Mt) carbon dioxide equivalent from production of these crops was projected. The current work highlights opportunities to gain GHG emission reduction in production of crops associated with good management practices in China."
WOS:000535759400001,2019,English,Article,A Climate Smartness Index (CSI) Based on Greenhouse Gas Intensity and Water Productivity: Application to Irrigated Rice,climate-smart agriculture; climate smartness index; rice; AWD; water management,NITROUS-OXIDE EMISSIONS; REDUCES METHANE EMISSION; PADDY FIELD; GRAIN-YIELD; TRIPLE-WINS; AGRICULTURE; MANAGEMENT; SUSTAINABILITY; MITIGATION; DROUGHT,"Efforts to increase agricultural productivity, adapt to climate change, and reduce the carbon footprint of agriculture are reflected in a growing interest in climate-smart agriculture (CSA). Specific indicators of productivity, adaptation and mitigation are commonly used in support of claims about the climate smartness of practices. However, it is rare that these three objectives can be optimized simultaneously by any one strategy. In evaluating the relative climate smartness of different agricultural practices, plans and policies, there is a need for metrics that can simultaneously represent all three objectives and therefore be used in comparing strategies that have different benefits and trade-offs across this triad of objectives. In this context, a method for developing a Climate Smartness Index (CSI) is presented. The process of developing the index follows four steps: (1) defining system specific climate smartness; (2) selecting relevant indicators; (3) normalizing against reference values from a systematic literature review; and (4) aggregating and weighting. The CSI presented here has been developed for application in a systematic review of rice irrigation strategies and it combines normalized water productivity (WP) and greenhouse gas intensity (GHGI) The CSI was developed for application to data from published field experiments that assessed the impact of water management practices in irrigated rice, focusing on practices heralded as climate-smart strategies, such as Alternate Wetting and Drying (AWD). The analysis shows that the CSI can provide a consistent judgment of the treatments based on the evidence of water efficiency and reduced GHGI reported in such studies. Using ameasurable and replicable index supports the aim of generating a reliable quantification of the climate smartness of agricultural practices. The same four step process can be used to build metrics for a broad range of CSA practice, policy and planning."
WOS:000501205200306,2019,English,Article,A Sustainability Assessment of Five Major Food Crops' Water Footprints in China from 1978 to 2010,water footprint; sustainability assessment; ecological economics; food crops; proper scale; distribution equity; allocation efficiency,RIVER-BASIN; INDICATORS; RESOURCES; FRAMEWORK; SCARCITY; EFFICIENCY; PROJECT; GROWTH; LEVEL,"Rice, wheat, corn, soybeans, and sorghum are the five major crops in China, which account for 92% of the country's total grain production and 33% of its water consumption. Combining water footprint analysis tools with sustainability assessment tools, the water sustainability of the five major crops can be analyzed. Based on ecological economics theory, this paper constructs a sustainability evaluation system of China's five major crops' water footprints and analyzes the national and provincial diversity of the sustainability of the five major crops' water footprints using three dimensions: scale, distribution, and equity. We find that the interprovincial distribution equity sustainability divergence is the key bottleneck factor that restricts sustainability (more than scale and configuration). One key strategy is to arrange grain production at the national level, on the basis of considering the differences of water-resource endowment between different provinces to break through the bottleneck of the water-resource distribution sustainability of these five major food crops. This paper determines a general management model that can improve the sustainability of water resource management at the interprovincial level by comparing and analyzing the most sustainable and least sustainable provinces for the water footprint production of these five major crops."
WOS:001400452900001,2025,English,Article,Dry direct-seeded and broadcast rice: A profitable and climate-smart alternative to puddled transplanted aus rice in Bangladesh,Tillage and crop establishment methods; Landscape positions; Climate-smart agriculture (CSA); Resource-conservation; Yield-scaled emissions,CROP ESTABLISHMENT METHODS; GREENHOUSE-GAS EMISSIONS; GANGES RIVER FLOODPLAIN; OUTPUT ENERGY ANALYSIS; METHANE EMISSION; USE EFFICIENCY; CONSERVATION AGRICULTURE; ORYZA-SATIVA; CARBON SEQUESTRATION; APRICOT PRODUCTION,"Context: Dry direct-seeded rice (DSR) has been identified as a potential crop establishment method to reduce labor, water, and energy use, as well as the carbon footprint and is considered as a climate-smart practice for rice production. However, the economic feasibility and farmers' adoption of DSR will likely depend on its productivity compared to the dominant practice of puddled transplanted rice (PTR). Tillage and crop management practices, landscape position, and rice cultivars are also likely to influence DSR productivity, profitability, energy use, and global warming potential (GWP). While numerous studies have compared the performance of DSR with PTR, none have evaluated DSR across different landscape positions to identify the most suitable landscape for expansion of DSR. Methods: We conducted multilocation and multi-year trials comparing the performance of spring 'aus' season rice establishment methods (machine drilled DSR, broadcasted DSR, and PTR) using three rice varieties (BRRI dhan83, BRRI dhan85, and Binadhan-19) under three landscape positions (highland, medium highland, and lowland) in three distinct districts and agroecological zones of Bangladesh. We evaluated productivity, profitability, energy use efficiency (EUE), energy productivity (EP), GWP, and yield-scaled emissions of each of these tillage and crop establishment systems. Results: Our results showed that the DSR had a similar or slightly lower yield (2-8 %) than PTR, but with lower labor use (15-47 %), lower production cost (US$ similar to 150 ha(-1) ), and higher net profit. Drill-DSR yielded similar to PTR under highlands and medium highlands, but as 9-16 % lower when grown on lowlands. EUE and EP were 15-40 % higher in DSR than in PTR due to lower energy requirements. Higher energy use in PTR primarily resulted from extra energy required for nursery raising, transplanting, puddling, and irrigation. DSR was associated with lower GWP and yield-scaled emissions of 56 to 66 % compared to PTR. Conclusions: This study suggests that DSR can be a more environmentally sound, economically viable, and climate-smart production system, found more suitable for highland and medium-highland environments. However, for the widespread adoption of DSR in Bangladesh and South Asia as a whole, the nuiances of landscape position should be considered and appropriate technological, social, and policy-level interventions will be necessary."
WOS:001583300700001,2025,English,Article,Harnessing carbon nanotubes for enhanced plant growth and sustainable agriculture: Opportunities and challenges,Sustainability; Agriculture; Carbon nanotubes; Plant growth; Gene delivery; Antimicrobial activity; Environmental stress,ANTIMICROBIAL ACTIVITY; NANOMATERIALS; MECHANISM; TOXICITY; IMPACT; RICE; EXPOSURE,"Sustainable agriculture is a pivotal strategy for addressing global food security challenges while minimizing environmental impacts. Carbon nanotubes (CNTs) have emerged as a promising nanotechnological intervention in sustainable agricultural practices due to their unique physicochemical properties, including nanoscale dimensions, high surface area, remarkable mechanical strength, and superior thermal conductivity. Researchers are actively exploring the incorporation of CNTs into fertilizers, pesticides, and plant growth regulators to enhance nutrient uptake, improve plant resilience to abiotic stress, and reduce the ecological footprint of agricultural activities. By facilitating controlled nutrient release, CNTs ensure the sustained and efficient delivery of essential minerals and nutrients to crops. Moreover, their integration has demonstrated potential in augmenting water retention, enhancing photosynthetic efficiency, and improving plant tolerance to stressors such as salinity, drought, and heavy metal toxicity. Despite these advantages, the practical deployment of CNTs in agriculture faces notable challenges, including toxicity, environmental persistence, and potential risks to human health and ecosystems. Further, high production costs and scalability limitations also present significant barriers to their widespread adoption. To harness the full potential of CNTs in agriculture, it is crucial to develop cost-effective synthesis methods and conduct comprehensive safety evaluations. As an innovative tool for sustainable agriculture, CNTs offer substantial promise in mitigating environmental impacts and enhancing global food security. Continued research is essential to refine their applications, address associated risks, and ensure long-term viability in agricultural systems."
WOS:001601671600001,2025,English,Article,Optimizing Mortar Strength for Infrastructure Applications Using Rice Husk Ash and Municipal Solid Waste Incineration Ash,infrastructure development; sustainable mortar; MSWIA; rice husk ash; bottom ash; fly ash; strength performance,BOTTOM ASH; FLY-ASH; CONCRETE,"Infrastructure development increasingly requires sustainable construction materials, with waste utilization serving as a key strategy to address this need. Employing eco-friendly materials with enhanced engineering properties not only mitigates the environmental impact of waste but also lowers the carbon footprint associated with cement production. Accordingly, this research aims to investigate the potential of enhancing the performance of municipal solid waste incineration ash (MSWIA) mortar through the incorporation of rice husk ash (RHA) as a supplementary cementitious material (SCM), thereby supporting the principles of a circular economy. The MSWIA mortar comprised 25% bottom ash (BA) and 5% fly ash (FA) as substitutes for fine aggregate and cement, respectively. Cement was then replaced with RHA at 5-30% to assess the influence of RHA on the properties of MSWIA mortars such as workability, strength development, and water absorption. Adding RHA led to a lower flow rate and setting time than mortar content-only MSWIA. Nonetheless, the various mechanical properties of MSWIA mortar, such as compressive strength, split tensile strength, and flexure strength, were found to be increased when the RHA quantity was used at 10% as a cement replacement. The water absorption of the mortar mixes was reduced by increasing RHA up to 15%. The test results revealed that the mortar's microstructural properties were notably enhanced, and the UPV measurements confirmed the overall good quality of the mortar specimens. Therefore, incorporating RHA and MSWIA in construction not only enhances performance but also contributes to environmental sustainability by reducing the carbon dioxide emission and landfill waste."
WOS:001604748400006,2025,English,Article,Comparative study of Acorus calamus and Cyperus alternifolius in rice husk biochar integrated constructed wetland systems for nitrogen removal,Nature-based solution; Aquatic macrophytes; Wastewater; Nitrogen mass balance; Microbial diversity,WATER,"Constructed wetland (CW) offers a long-term solution for wastewater treatment due to its high nutrient removal efficiencies, ecological benefits and low costs. Similarly, biochar, a carbon-rich organic material, offers a cost-effective solution for enhancing water treatment in CWs while also contributing to carbon footprint reduction. This study was aimed to assess the nitrogen (N) removal performances of Acorus calamus and Cyperus alternifolius in vertical flow constructed wetlands (VFCWs) treating simulated up-flow anaerobic sludge blanket (UASB) reactor effluent, focusing on the role of specific plant species. Rice husk biochar (RHBC) as a substrate material was amended to intensify further organic and N removal efficiencies of VFCWs. Five sets of VFCWs microcosms both planted and unplanted with biochar were developed to investigate the combined effect of biochar and plants on N removal. Results showed that CW1 (C. alternifolius + RHBC) demonstrated the highest total nitrogen (TN) and chemical oxygen demand (COD) removal efficiencies of 83.93 +/- 4.70 and 86.70 +/- 8.43%, respectively, outperforming the Control and other VFCWs. Nitrogen mass balance showed that, compared to CW3 (A. calamus + RHBC) CW1 achieved similar to 7% higher TN removal, primarily through plant uptake and biochar adsorption. Plant uptake and substrate adsorption were responsible for 30 and 26% of TN removal in CW2 (C. alternifolius) and CW4 (A. calamus), respectively. Furthermore, sequencing of the V3-V4 region of the 16S rRNA gene from sand revealed the highest phyla diversity in CW1, with Nitrosospira detected exclusively in CW1 (0.02%) and CW2 (0.01%), while being undetectable in Control, CW3 and CW4, suggesting a comparatively enhanced microbial richness and potential nitrifying activity in CW1 and CW2. These findings provide insights into the N removal mechanism of different plants and their interaction with biochar for improved N and organic removal in CWs."
WOS:000369088600058,2015,English,Article,Evaluation of Tourism Water Capacity in Agricultural Heritage Sites,agricultural heritage systems; sustainable tourism; tourism water footprint; tourism capacity,ECOLOGICAL KNOWLEDGE; MANAGEMENT; CONSUMPTION; FOOTPRINT,"Agricultural heritage sites have been gaining popularity as tourism destinations. The arrival of large numbers of tourists, however, has created serious challenges to these vulnerable ecosystems. In particular, water resources are facing tremendous pressure. Thus, an assessment of tourism water footprint is suggested before promoting sustainable tourism. This paper uses the bottom-up approach to construct a framework on the tourism water footprint of agricultural heritage sites. The tourism water footprint consists of four components, namely accommodation water footprint, diet water footprint, transportation water footprint and sewage dilution water footprint. Yuanyang County, a representative of the Honghe Hani rice terraces, was selected as the study area. Field surveys including questionnaires, interviews and participant observation approaches were undertaken to study the tourism water footprint and water capacity of the heritage site. Based on the results, measures to improve the tourism water capacity have been put forward, which should provide references for making policies that aim to maintain a sustainable water system and promote tourism development without hampering the sustainability of the heritage system. The sewage dilution water footprint and the diet water footprint were top contributors to the tourism water footprint of the subject area, taking up 38.33% and 36.15% of the tourism water footprint, respectively, followed by the transportation water footprint (21.47%). The accommodation water footprint had the smallest proportion (4.05%). The tourism water capacity of the heritage site was 14,500 tourists per day. The water pressure index was 97%, indicating that the water footprint was still within the water capacity, but there is a danger that the water footprint may soon exceed the water capacity. As a consequence, we suggest that macro and micro approaches, including appropriate technologies, awareness enhancement and diversified tourism product development throughout the whole year that can alleviate the water pressure at critical times, could be taken to optimize the water management of the heritage sites."
WOS:001486630800001,2025,English,Article,Intermittent Rainfed Rice var. INIA 516 LM1: A Sustainable Alternative for the Huallaga River Basin,water footprint; irrigation schedule; pest; water productivity; sustainable water management,GREY WATER FOOTPRINT; EFFICIENCY; EVAPOTRANSPIRATION; PRODUCTIVITY; CONSUMPTION; MANAGEMENT; ADOPTION; YIELD; AREA,"Climate change is projected to increase global temperatures and alter rainfall patterns. In Peru, these changes could adversely affect the central basin of the Huallaga River by increasing pest and disease incidence, evapotranspiration, and water consumption. This basin is one of the country's main rice-producing regions, where the crop is traditionally cultivated using inefficient practices, such as continuous flood irrigation. This study evaluated the effects of different irrigation management strategies on the growth and yield of rice (Oryza sativa var. INIA 516 LM1-La Uni & oacute;n 23), the water footprint as an indicator of water use efficiency, and the incidence of pests and diseases associated with irrigation regimes. Three irrigation treatments were implemented: Traditional flooding T1 (maintenance of a 0.15 m water layer with replenishment every 4 days), Optimized flooding T2 (replenishment every 7 days), and Intermittent rainfed irrigation T3 (replenishment every 14 days). Although no significant differences were observed in biometric parameters, yield, or pest and disease incidence, a trend of decreasing yield with longer irrigation intervals was noted: traditional flooding (7.91 t center dot ha(-1)) > reduced flooding (7.82 t center dot ha(-1)) > intermittent rainfed (7.14 t center dot ha(-1)). The incidence of white leaf virus and Burkholderia glumae was highest in the intermittent rainfed treatment, followed by optimized flooding, with the lowest incidence in traditional flooding. Yield reduction and the use of rainwater to cover water requirements resulted in a lower total water footprint for traditional flooding (834.0 m(3)center dot t(-1)), followed by optimized flooding (843.6 m(3)center dot t(-1)) and intermittent rainfed (923.9 m(3)center dot t(-1)). This reflects an improvement in rainwater use efficiency. The findings suggest intermittent rainfed irrigation enhances water use efficiency without significantly compromising rice yield or increasing disease incidence in rice var. INIA 516 LM1-La Uni & oacute;n 23 in the central basin of the Huallaga River."
WOS:001523025100010,2025,English,Article,"Ecological security assessment of rice production systems in arid regions: a multi-criteria assessment of Iranshahr and Saravan, Iran",Emergy analysis; Resilience; Water management; Soil degradation; Socio-ecological systems; Arid farming,SOIL QUALITY INDICATORS; FOOTPRINT ANALYSIS; DYNAMIC CHANGES; EMERGY; SUSTAINABILITY; CHINA,"This research examines the ecological stability of rice cultivation systems in the arid regions of Iranshahr and Saravan, employing a comprehensive approach that integrates multiple sustainability criteria. The study has integrated the emergy footprint with innovative ecological metrics to quantify the stability and resilience of systems. This study utilized an emergy footprint analysis, integrating ecological footprint and emergy concepts, to assess sustainability. Data were collected through field measurements of agricultural inputs, water use, and soil properties, supplemented by secondary sources such as regional agricultural and meteorological records. The results indicated ecological surpluses in both regions (Iranshahr: 2.92E+09 ha, Saravan: 3.27E+08 ha), along with low Ecological Pressure Index values (0.00184 and 0.00526, respectively), signifying minimal environmental stress. Saravan displayed greater ecological resilience (ERI: 318.97) than Iranshahr (ERI: 86.45); however, both locations showed effective water resource management (WRSI: 176.47 and 147.06, respectively). Soil quality is problematic, as indicated by Soil Quality Degradation Index values of 0.842 (Iranshahr) and 0.886 (Saravan), suggesting moderate degradation. The Socio-Ecological Coupling Index indicated a greater coupling of ecological and societal systems in Iranshahr (147.67) than in Saravan (66.86). The Agricultural System Stability Index values demonstrated highly stable agricultural systems in both study regions (Saravan: 1.51, Iranshahr: 1.37). Even with current global rice cultivation practices, the study shows that careful soil, water, economic, and ecological management can succeed. The study provides a comprehensive method for assessing agricultural system sustainability and valuable insights for arid region agriculture."
WOS:001638695600001,2026,English,Article,How about improving the lime-hemp concrete properties using bio-based polymer additives?,Hemp concrete; Casein; kappa-carrageenan; HPMC; Hygrothermal-mechanical properties,PHYSICAL-MECHANICAL PROPERTIES; THERMAL-PROPERTIES; WATER-ABSORPTION; SURFACE TREATMENTS; BUILDING-MATERIALS; CELLULOSE ETHER; ACID CASEIN; FLAX SHIVE; RICE HUSK; MORTARS,"The construction sector's high energy use and CO2 emissions drive the search for sustainable materials such as bio-aggregate concrete. Hemp concrete, composed of hemp shiv and lime, offers benefits including a negative carbon footprint, thermal and acoustic insulation, and moisture regulation but suffers from low strength and durability. Literature studies have shown that bio-based polymers can improve the properties of lime-based materials. This study aims to evaluate the potential of using biopolymers to improve the comprehensive properties of lime-based hemp concrete. Investigated the effect of three bio-based polymers (casein, kappa-carrageenan, and hydroxypropyl methylcellulose (HPMC)) on the hygrothermal properties (thermal conductivity, WVP, and MBV), mechanical strength, and capillary water absorption. Additionally, mineralogical and microstructural analyses were conducted using XRD, TG, and SEM. Results showed that within 0.5-5 % of contents, three biobased polymers had little effect on the hygrothermal performance of hemp concrete but significantly affected mechanical strength and capillary water absorption. Adding casein hindered binder hydration and carbonation, reducing compressive strength and increasing water absorption, despite improving hygrothermal properties. Incorporating 0.5 % kappa-carrageenan slightly increased compressive strength, but higher contents resulted in strength loss and higher capillary water absorption. Adding HPMC offered the most balanced performance, with 5 % content increasing strength by 155 %, reducing water absorption by 29 %, while preserving thermal conductivity and moisture buffering close to the reference group. These effects were attributed to enhanced interface bonding and the matrix itself due to HPMC's physicochemical effect. The findings contribute to developing enhanced bio-aggregate-based concrete, advancing their applicability in sustainable construction."
WOS:001607761500001,2025,English,Article,Sustainable transition for cereal-based agri-food systems in China: Prospective advantages of whole-grain adoption,Agri-Food systems; Whole grains; Food transition; Food security; Emission reduction; Sustainability,CARDIOVASCULAR-DISEASE; CONSUMPTION; FIBER; RISK,"A dietary transition from refined to whole grains would optimize grain processing, reduce food loss and emissions, and increase food nutritional contents. The results of systematical analysis and calculations in our study show that the average processing loss rate of grains including rice, wheat, and maize is approximately 4.1% in China due to the refinement, equivalent to an annual loss of around 13.3 Mt of grains. Furthermore, the refining process significantly reduces the nutritional contents of rice (51.6%), wheat flour (55.4%), and corn products (80.4%) mainly resulting from the removal of dietary fiber, minerals, and vitamins in refined grains. Replacing refined grains with whole grains in diets would lower agricultural carbon emissions by 2.7%, reducing agricultural water use by 4.3%, and saving arable land by 1,972,607 ha. Total environmental footprint could be reduced by 35% to 79% under three proposed scenarios. These findings indicate that shifting toward whole grain-based diets by Chinese consumers could reduce food losses, enhance human health, and improve environmental sustainability. This approach offers a promising strategy for transitioning towards more resilient and sustainable agri-food systems, benefiting human and planetary health. (c) 2025 Crop Science Society of China and Institute of Crop Science, CAAS. Production and hosting by Elsevier B.V. on behalf of KeAi Communications Co., Ltd. This is an open access article under the CC BY-NCND license (http://creativecommons.org/licenses/by-nc-nd/4.0/)."
WOS:001418546200001,2025,English,Article,Effects of Drip Irrigations with Different Irrigation Intervals and Levels on Nutritional Traits of Paddy Cultivars,paddy; irrigation interval; irrigation level; cultivar; nutritional traits,WATER-USE EFFICIENCY; PHYTIC ACID CONTENT; DROUGHT STRESS; PROXIMATE COMPOSITION; MINERAL ELEMENTS; DURUM-WHEAT; RICE; GRAIN; STARCH; L.,"Rice serves as the primary food source for the majority of the world's population. In terms of irrigation water, the highest volume of irrigation water is utilized in paddy irrigation. Excessive water use causes both waste of limited water resources and various environmental problems. The drip irrigation method with high water use efficiency will reduce both the need for irrigation water and the environmental footprint of paddy production. This study was conducted to investigate the effects of two different irrigation intervals (2 and 4 days) and four irrigation levels (150%, 125%, 100%, and 75% of evaporation from a Class-A pan) on the nutritional traits of three different paddy cultivars (Ronaldo, Baldo, and Osmanc & imath;k). Increasing irrigation intervals and decreasing irrigation levels reduced the nutritional properties (protein, oil, starch) of the rice grains. In addition, increasing irrigation levels also increased the phytic acid and dietary fiber contents. The highest protein (7.14%) and total starch (87.10%) contents were obtained from the 150% irrigation treatments. The highest amylose content (20.74%) was obtained from the 75% irrigation treatment. In general, it was found that irrigation levels should be applied at 125% and 150% to increase the mineral content of rice grains. Although water deficits decreased the nutritional properties of the paddy cultivars, drip irrigation at an appropriate level did not have any negative effects on nutritional traits."
WOS:001595376800001,2025,English,Article,A study on durability and microstructural analysis of high-strength concrete utilizing rice husk ash and non-biodegradable polyethylene,Interfacial transition zone (ITZ); OPC; Scanning electron microscopy (SEM); Rice husk ash; PET waste; Acid attack; Durability; High-strength concrete (HSC),REPLACEMENT; RESISTANCE; AGGREGATE; CEMENT; WASTE,"The increasing need for green building materials has prompted research into alternative aggregates and binders that reduce the environmental footprint. This research explores the strength and microstructural characteristics of high-strength concrete (HSC) using rice husk ash (RHA) as a partial cement substitute and non-biodegradable polyethylene (PET) as a substitute for fine aggregates. The aim is to minimize cement consumption, make use of agricultural waste, and reuse plastic waste in order to counter environmental issues. Experimental program comprises the partial replacement of cement by PET at 0%, 5%, 10%, and 15% and fine aggregate by RHA at 10%, 20%, 30%, and 40%. Thorough tests were carried out such as compressive strength, water absorption, permeability, sulphate resistance, and chloride penetration. Scanning Electron Microscopy (SEM) analysis was used to study the microstructural impacts. Results show that the optimal mix-10% RHA and 5% PET replacement-achieved a compressive strength of 72 MPa at 28 days, representing a 5% increase compared to the control mix (68.5 MPa). Additionally, permeability was reduced by 15%, chloride penetration decreased by 20%, and water absorption dropped by 12%. While PET replacement beyond 10% caused a 10-18% reduction in compressive strength, it improved resistance to environmental degradation. The incorporation of RHA enhanced microstructural densification, reducing porosity by 22% and increasing sulphate resistance by 25%. SEM analysis confirmed the formation of additional C-S-H gel, leading to a refined pore structure. Higher levels of PET replacement diminished compressive strength but considerably enhanced resistance to the environment. RHA pozzolanic reaction enhanced microstructural densification, which diminished porosity and improved durability. This research illustrates how the use of RHA and PET in concrete offers a satisfactory compromise between environmental sustainability and mechanical performance, being a potential pathway for green building."
WOS:001788808100001,2026,English,Article,A two-stage framework for optimized carbonation curing in low-carbon cement valorizing waste biochar,Low-carbon cement; Waste biochar; Carbonation curing; CO2 sequestration; Orthogonal analysis,ACCELERATED CARBONATION; CONCRETE; PERFORMANCE; PROFILES; KINETICS; PASTE,"Carbonation curing provides a practical route to reduce the carbon footprint of cement by converting CO2 into stable carbonates while improving early-age performance. However, its efficiency is limited by moisture-controlled diffusion barriers and inconsistent curing protocols. This study couples process optimisation with waste-derived biochar to enhance CO2 uptake and strength development in cement pastes. An L9 orthogonal design using rice husk biochar (RHB) identified water-to-cement ratio, preconditioning duration, and biochar dosage as the governing parameters. The optimal combination-W/C = 0.40, 5% RHB, and 3 h preconditioning-produced substantial improvements in CO2 absorption, pore refinement, microhardness gradients, and both early and 28-day strengths. To evaluate the generality of this approach, two types of additional agricultural waste biochar, straw biochar (SB) and coconut shell biochar (CSB), were incorporated under the optimized curing regime. SB mainly acted as a filler, limiting CO2 transport, whereas CSB introduced a favorable meso-macropore network that enhanced CO2 transport, achieving carbonation degrees above 40% and early-strength gains of approximately 20 MPa at 5% dosage. These findings highlight the value of transforming bio-waste into functional porous additives that enable more efficient CO2 curing, which supports scalable, circular-economy strategies for low-carbon cement production."
WOS:001396623300001,2025,English,Article,Meta-analysis of yield-emission trade-off in direct seeded vs. puddled transplanted rice: Towards a cleaner and sustainable production,Mitigation; Carbon footprints; Direct seeded rice; Global warming potential; Puddled transplanted rice; Sustainability; Yield-emission trade-off,NITROUS-OXIDE EMISSIONS; METHANE EMISSION; FLOODED RICE; CONSERVATION AGRICULTURE; PADDY FIELDS; NO-TILLAGE; MANAGEMENT; SOILS; PERFORMANCE; CONVERSION,"Conventional rice production through puddled transplanted rice-PTR is tillage, water, energy, and capital intensive. Furthermore, it is a major contributor to greenhouse gas (GHGs) emissions. In this regard, Direct seeded rice-DSR can be a potential alternative to PTR for reducing GHGs emissions, while sustaining yields. However, depending upon agroclimatic situation, whether the effect of DSR on GHGs emission and yield are consistent or not, as compared to PTR need a comprehensive analysis. To bridge this knowledge gap, we performed a meta-analysis synthesizing 876 paired measurements from 54-peer-reviewed studies to understand how DSR impacts N2O and CH4 emissions, global warming potential-GWP (heat-trapping potential of greenhouse gases compared to CO2), yield and C-footprint-CFP (environmental impact in CO2 eq. due to concerned activity). Compared to PTR, DSR decreased CH4 emissions by 70%, GWP by 37% and CFP by 34%, despite 85% increase in N2O emissions. However, this shift comes with 11% decrease in yield. To decipher the primary factors driving these outcomes, we conducted subgroup analyses by taking environmental conditions and management practices as predictors in a random effect model. Low to medium pH soils, zero tillage, puddled soil (wet DSR), conventional flooding, and high nitrogen rates (>200 kg/ha) are found to be favorable for DSR with comparable yields but posing a discrepancy with environmental sustainability benefits. Therefore, further research to evaluate DSR across agro-ecologies, management practices are needed to optimize yields with lower GWP and CFP."
WOS:001001047400001,2023,English,Article,A novel approach of utilizing the waste biomass in the magnetizing roasting for recovery of iron from goethitic iron ore,Biomass and biochar; Carbon -neutrality; Circular economy; Magnetizing roasting; Environment protection,CHEMICAL-CHARACTERIZATION; ENERGY-RESOURCES; REDUCTION; BENEFICIATION; EXTRACTION; TAILINGS; BEHAVIOR; COAL,"The present study investigates the recovery potential and degree of grade-upgradation for goethitic iron ore upon treatment with magnetizing roasting. Magnetizing roasting has gained interest among its peers due to its low floor/water footprint, ease of techno-economics, zero process limitations, a higher degree of grade/recovery, etc., compared with existing ore dressing methods. Magnetizing roasting comprises roasting followed by magnetic separation. In the previous studies, process is stabilized for parameters such as roasting temperature between 700 to 1000 degrees C, roasting time between 10 to 50 min, and in presence of 30 wt.% of coal, followed by magnetic separation with magnetic strength ranging between 1000 to 3000 Gauss. Best set of optimal recovery and iron ore grade acquired are 87.44% and 72.46% with operating conditions at (a) roasting temperature - 850 degrees C, (b) roasting time - 30 min, and (d) magnetic strength - 3000 Gauss. Furthermore, as environmental protection agencies are necking down and gripping the utilization of coal/coke and imposing a carbon tax, integration of carbon-neutral fuel sources like biomass and biochar has become mandatory. In accordance with this, a comparative scheme employing a variety of biomass/biochar as coke substitutes in a progressive blending mode was used to investigate the possibility of substitution. The goal is to maintain the same level of upgradation and recovery potential throughout this process. The four types of biomass/biochar used for magnetizing roasting; with rice husk char (RHC), this partial substitution campaign concluded a recovery potential of 78-80% and a goethite ore grade of 72%.(c) 2023 The Author(s). Published by Elsevier B.V. This is an open access article under the CC BY license (http://creativecommons.org/licenses/by/4.0/)."
WOS:000432102500016,2018,English,Article,Comparison of alkali and silica sources in one-part alkali-activated blast furnace slag mortar,Alkali activation; Blast furnace slag; Geopolymer; Microsilica; Rice husk ash,RICE HUSK ASH; FLY-ASH; WASTE GLASS; SODIUM-SILICATE; METAKAOLIN; STRENGTH; DURABILITY; EVOLUTION; CONCRETE; BEHAVIOR,"Alkali-activated materials (AAMs) are one of the alternative low-CO2 binders. One-part AAMs, (that is, mixing a solid precursor with a solid alkali activator and adding water) have recently attracted increasing interest. The purpose of this study is to examine if fast-dissolving solid synthetic sodium metasilicate could be replaced by a combination of sodium hydroxide and slow-dissolving silica derived from rice husk ash or microsilica in the preparation of one-part alkali-activated blast furnace slag mortar. The replacement would improve the carbon footprint and the cost efficiency of the binder. The results demonstrate that silica availability significantly affects compressive strength development as a function of time or mixture composition. The highest compressive strength (107 MPa, 28 d) was obtained with fast-dissolving silica. Furthermore, setting times could be adjusted based on the mix composition, and the durability of mortar remained good after 120 freeze-thaw cycles. The results highlight the overall effect of silica availability on the fresh and hardened properties of one-part AAMs. (C) 2018 The Authors. Published by Elsevier Ltd."
WOS:001323781200001,2024,English,Article,Coastal Salinity Management and Cropping System Intensification through Conservation Agriculture in the Ganges Delta,coastal region; cropping system; economics; irrigation; salinity; water footprint,SUSTAINABLE INTENSIFICATION; CARBON FRACTIONS; POOLS,"Soil salinity is the major constraint for cropping system intensification in the coastal region of the Ganges Delta. Salts build up on the soil surface, as well as in the crop root zone, due to the capillary rise in underground brackish water, hampering the growth and development of crops and resulting in mortality and low yields. We studied, for three years (2020-2021 to 2022-2023), the effect of conservation agricultural practices (zero tillage planting, crop residue recycling, and crop rotations) on the major soil properties (soil salinity and organic carbon status), crop performance (yield and economics), and water footprint. Conservation agricultural practices significantly reduce soil salinity, build soil organic carbon, reduce water footprint, and increase the profitability of cropping systems compared to tillage-intensive conventional practices. Under conventional agriculture, the sole cropping of rice is more profitable than double and triple cropping systems."
WOS:001234436400001,2024,English,Article,"Microplastic and adhesive free, multifunctional, circular economy approach-based biomass-derived drinking straws",,RICE STRAW; KINETICS,"Generation of voluminous single -use plastic waste and byproducts from agricultural harvests such as rice straws (RSs) are major global challenges due to their disposal issues, contributing to greenhouse gas emissions, and affecting the ecological system with threats to human health. A scalable, low-cost, and ecofriendly strategy for fabricating cellulose -silica -based drinking straws, free from microplastics and adhesive, through strategic valorization of RS is reported. Functionalization by delignification- cum- crosslinking of RS leads to development of straws with high water stability ( similar to 5 days), solvothermal stability (0 degrees C- 95 degrees C), tensile strength (128 MPa), low migration values (<60 mg/kg), improved biodegradability ( similar to 126 days) with reduced wettability and hydrophobicity. RS drinking straws show antibacterial, selfcleaning, self -healing, anti -fizzing, reusable, and generate significantly lower carbon footprint (<99.8% and <53.34% global warming potential than metal and polylactic acid straws). Repurposing of agrowastes from farms to commercially viable drinking straws which biodegrades after its consumption achieves the goal of circular economy and sustainable development."
WOS:001372544400015,2024,English,Article,"Menvironmental impacts of crop production systems in subtropical plateau regions: case study of Yunnan, China",Environmental impact; Life cycle assessment; Plateau region; Subtropics,NITROGEN USE EFFICIENCY; NUTRIENT USE EFFICIENCY; LIFE-CYCLE ASSESSMENT; SUSTAINABLE INTENSIFICATION; ECONOMIC-BENEFITS; WHEAT PRODUCTION; GRAIN-YIELD; MAIZE; RICE; FOOD,"Excessive fertilisation, improper nutrient management, and specific climatic factors are the main reasons for the high environmental risks associated with agricultural production in subtropical plateau regions. However, quantitative data of environmental impacts and emission reduction potential remain unclear. The development potential of such systems is likely to be significant. In that context, we conducted a case study in Yunnan Province, China, to quantify the environmental impact of crop production from 2002 to 2021. A life cycle assessment method was employed to identify the factors driving environmental impacts, and potential mitigation strategies were proposed. The yield and total nutrient input of grain crops in Yunnan Province increased over the 20-year period, and the environmental footprint of crop production in Yunnan Province was higher than that in other regions. The average annual mean greenhouse gas (GHG) emissions, soil acidification potential (AP), and water eutrophication potential (EP) of crop production from 2002 to 2021 were 837 kg CO2-eq<middle dot>Mg-1, 15.7 kg SO2-eq<middle dot>Mg-1, and 2.71 kg PO4-eq Mg-1, respectively. Environmental emissions from crops mainly originate from the application of agricultural inputs (including fertilisers (N, P, and K), pesticides, seed, diesel fuels, and plastic film) during the crop life cycle. There was a significant correlation between surplus nitrogen and environmental impacts. Scenario testing showed that optimised nutrient management practices could increase crop yield and reduce environmental costs. GHG emissions, AP, and EP from the production of rice, wheat, and maize are expected to decrease by 43.0-59.5%, 51.5-64.5%, and 57.4-71.5%, respectively (scenario 4, S4). Based on these findings, we propose that com-prehensive agricultural management measures can reduce the negative impacts of crop production on the environment in subtropical plateau areas and help achieve sustainable agricultural development."
WOS:000944625100001,2023,English,Article,"Resource use efficiencies, environmental footprints and net ecosystem economic benefit of direct-seeded double-season rice in central China",Carbon footprint; Direct seeding; Economic benefit; Nitrogen footprint; Resource use efficiency,NITROGEN; SYSTEMS; N2O; CHALLENGES; WATER; STRATEGIES; EMISSIONS; TILLAGE,"Intensive cropping systems with two or three harvests per year are vital to produce sufficient food for the growing population. Improvements in the sustainability of these systems are critical for global food security. Transplanted double-season rice (TPD), an important cropping system in China, is seriously threatened by various challenges such as labor shortage, poor resource use efficiency, high environmental footprint, and low profitability. These challenges could be potentially alleviated by shifting TPD to direct-seeded double-season rice (DSD). Due to the limited thermal energy, ultrashort-duration cultivars matured within 95 days have to be used in DSD in central China. However, it is unknown whether DSD with ultrashort-duration cultivars (DSDS) can improve resource use efficiency and reduce environmental costs compared with TPD in this region. This study aimed to compare the resource use efficiency (energy, water, labor, and fertilizer), carbon and nitrogen foot-prints, and net ecosystem economic benefit of DSDS and TPD with ultrashort-duration (TPDS) and medium -duration cultivars (TPDM). Results showed that total energy output was 222.0 GJ ha-1 in DSDS, which was comparable to that of TPDM but was significantly increased by 9.5% compared with TPDS. Compared with TPD (i.e. both TPDS and TPDM), the total energy input, labor input, water input, and nitrogen surplus in DSDS reduced by 16.9%, 53.2%, 36.8%, and 31.4%, respectively, leading to significant increases in energy use efficiency, labor productivity, water use efficiency, and nitrogen use efficiency. Furthermore, DSDS decreased direct CH4 and NH3 emissions and indirect carbon emission and reactive nitrogen losses from agronomic inputs, and consequently reduced carbon footprint by 28.6-42.7% and nitrogen footprint by 12.9-14.8% compared with TPD. As a result, the net ecosystem economic benefit in DSDS was significantly increased by 65.9-188.2% relative to TPD. These findings suggest that DSDS is a highly promising strategy to maintain high productivity with less resource inputs and environmental pressures but high economic benefits in central China."
WOS:000966235000001,2023,English,Article,Hygrothermal properties of insulation materials from rice straw and natural binders for buildings,Thermal insulation; Hygric properties; Rice straw; Natural binder,ACOUSTICAL CHARACTERIZATIONS; PARAMETERS; COMPOSITE,"Conversion agricultural straws to building insulation materials has attracted great interest due to their good hygrothermal properties and low carbon footprint. In this study, fully bio-sourced composite materials were designed based on rice straw and natural binders. Sodium alginate and chitosan were used as the binders. A crosslinking method was proposed to prevent the water-soluble issue of the composites using sodium alginate as the binder. The influence of fiber size, binder type and binder ratio on the hygrothermal properties of the composite materials made of rice straw were investigated. It was found that all the materials are insulating with their thermal conductivity values between 0.038 and 0.047 W/(m.K). The alginate-based composites had the higher water vapor permeability and moisture sorption capacity than the chitosan-based composites. Larger fiber size and lower binder ratio resulted in lower thermal conductivity and higher water vapor permeability. How-ever, fiber size and binder ratio had a negligible effect on moisture sorption capacity of the composite materials. Additionally, the mold growth was investigated by exposing the composite materials to severe conditions, i.e., 93% RH and 97% RH at 20 degrees C. Mold proliferation was found to be easier and quicker in the surface of alginate -based composites compared to the chitosan-based composites."
WOS:001155989400001,2024,English,Article,The role of Kampar watershed in achieving sufficient rice production and sustaining agriculture,gray water; Riau province; rice farming; water footprint; water usage,CLIMATE-CHANGE; PROTECTED AREAS; IMPACTS,"Agriculture is the largest global water consumer, making it crucial to understand its impact on watersheds. This study, conducted in 2023, examines the Kampar watershed in the Riau province, covering Kampar and Pelalawan regencies. It assesses the watershed's suitability for meeting agricultural water needs, particularly for rice cultivation. The study utilizes quantitative methods, applying the Penman-Monteith technique and benefit transfer analysis to measure the water footprint of agriculture. Key indicators include blue water, green water, and gray water footprint. The water footprint in the Kampar watershed is 173.84 m(3)/ton, with rice cultivation in the Kampar regency having 57.96 m(3)/ton blue, 32.19 m(3)/ton green, and 14.52 m(3)/ton gray water footprints. In the Pelalawan regency, the values were 41.09 m(3)/ton blue, 25.59 m(3)/ton green, and 2.49 m(3)/ton gray water footprints. The findings suggest a significant need for ample water usage from surface and groundwater in both Kampar and Pelalawan regencies for rice cultivation. Regarding the water availability in each district: Kampar regency has 1,063,281,652 m(3)/year and Pelalawan regency has 987,542,991 m(3)/year. This surplus in the Kampar watershed ensures sufficient water for rice cultivation in both districts, especially in the Kampar regency. This holds promising further agricultural development in the Riau province."
WOS:001077126900001,2023,English,Article,"The in vitro effects of black soldier fly larvae (Hermitia illucens) oil as a high-functional active ingredient for inhibiting hyaluronidase, anti-oxidation benefits, whitening, and UVB protection",Hermitia illucens; black soldier fly; oil; anti-oxidation; whitening; hyaluronidase inhibition; UV protection; cosmetic application,LINOLEIC-ACID; FATTY-ACIDS; HERMETIA-ILLUCENS; EXTRACT; LIPIDS; INSECTS; STABILITY; LECITHINS; PROTEINS,"Objective: Larvae of Hermitia illucens, or black soldier fly larvae (BSFL), have been recognized for their high lipid yield with a remarkable fatty acid profile. BSFL oil (SFO) offers the added value of a low environmental footprint and a sustainable product. In this study, the characteristics and cosmetic-related activities of SFO were investigated and compared with rice bran oil, olive oil and krill oil which are commonly used in cosmetics and supplements.Methods: The physicochemical characteristics were determined including acid value, saponification value, unsaponifiable matter and water content of SFO. The fatty acid composition was determined using GC-MS equipped with TR-FAME. The in vitro antioxidant properties were determined using DPPH, FRAP and lipid peroxidation inhibition assays. Antihyaluronidase (anti-HAase) activity was measured by detecting enzyme activity and molecular docking of candidate compounds toward the HAase enzyme. The safety assessment towards normal human cells was determined using the MTT assay and the UVB protection upon UVB-irradiated fibroblasts was determined using the DCF-DA assay. The whitening effect of SFO was determined using melanin content inhibition.Results: SFO contains more than 60% polyunsaturated fatty acids followed by saturated fatty acids (up to 37%). The most abundant component found in SFO was linoleic acid (C18:2 n-6 cis). Multiple anti-oxidant mechanisms of SFO were discovered. In addition, SFO and krill oil prevented hyaluronic acid (HA) degradation via strong HAase inhibition comparable with the positive control, oleanolic acid. The molecular docking confirmed the binding interactions and molecular recognition of major free fatty acids toward HAase. Furthermore, SFO exhibited no cytotoxicity on primary human skin fibroblasts, HaCaT keratinocytes and PBMCs (IC50 values > 200 mu g/mL). SFO possessed significant in-situ anti-oxidant activity in UVB-irradiated fibroblasts and the melanin inhibition activity as effective as well-known anti-pigmenting compounds (kojic acid and arbutin, p < 0.05).Conclusion: This study provides scientific support for various aspects of SFO. SFO can be considered an alternative oil ingredient in cosmetic products with potential implications for anti-skin aging, whitening and UVB protection properties, making it a potential candidate oil in the cosmetic industry."
WOS:000646268400040,2021,English,Article,"Designing a healthy, low-cost and environmentally sustainable food basket: an optimisation study",Sustainable diets; Food consumption; Environmental impact; Iran,GREENHOUSE-GAS EMISSIONS; NUTRIENT DENSITY; ENERGY DENSITY; DIETS; CONSUMPTION,"Objective: Sustainable diets are diets with low environmental impacts and high affordability which contribute to food and nutrition security. The present study aimed to develop a healthy, low-cost and environmental-friendly food basket for Iran based on current consumption. Design: The Households Income and Expenditure Survey data were used. Linear Programming was utilised to obtain the optimal diets, separately, for each goal of the sustainable food basket: (1) Diet with maximum Nutrient Rich Food (NRF) index, (2) Diet with minimum cost, (3) Diet with the minimum water footprint and (4) Diet with the minimum carbon footprint. Goal Programming techniques were used to optimise the sustainable food basket by considering all goals simultaneously. Setting: Iran. Participants: Households (n 100 500) in urban and rural areas of Iran, nationally representative. Results: In the 'optimal model', compared with the usual consumption, the amount of the 'bread, cereal, rice, and pasta', 'meat, poultry, fish, eggs, legumes, and nuts' and 'fats, oils, sugars, and sweets' groups was decreased. Inside those food groups, cereals, poultry and vegetable oil subgroups were increased. Also, dairy, fruits and vegetable groups were increased. In this model, there was a 14 % reduction in the total water footprint, a 14 % decrease in the total carbon footprint, a 23 % decrease in the cost and a 7 % increase in NRF of diet compared with the usual consumption. Conclusions: Increasing the consumption of dairy, fruits and vegetables and reducing the consumption of bread, rice, pasta, meat, fish, eggs, legumes, nuts, hydrogenated fats and sugars are required to achieve a sustainable food basket."
WOS:001145204100001,2023,English,Article,Assessment of Wood Bio-Concrete Properties Modified with Silane-Siloxane,wood bio-concrete; silane-siloxane; bio-aggregates; water absorption; durability,,"Bio-based materials, such as wood bio-concrete (WBC), hold promise in reducing energy consumption and carbon footprint of the construction industry. However, the durability of these materials is not well understood and can be negatively affected by the high water absorption capacity of wood bio-aggregates. In the field of cement composites, for example, silane-siloxane-based water repellent has been used to protect such materials from natural environmental attack. Nevertheless, there is still a limited understanding of various aspects related to this type of treatment, including its performance when applied to the bio-concrete substrate. This research aimed to investigate the influence of silane-siloxane on the rheology and hydration of cementitious paste through isothermal calorimetry and thermogravimetric analysis. Additionally, the impact of silane-siloxane on the physical and mechanical properties of WBCs was examined by conducting tests at fresh state (flow table and entrained air content) and hardened state (compressive strength and capillary water absorption). The composites were produced with a volumetric fraction of 45% of wood shavings while the cement matrix consisted of a combination of cement, rice husk ash, and fly ash. Silane-siloxane was applied in three ways: as coating, incorporated as an admixture, and in a combination of both methods. The results indicated that by incorporating silane in the cementitious pastethe viscosity increased by 40% and the hydration was delayed by approximately 6 h when compared to the reference. In addition, silane improved the compressive strength of WBCs by 24% when incorporated into the mixture, expressively reduced the water sorptivity of WBCs (93%), and was more effective if used as coating."
WOS:000797805700001,2022,English,Article,Shifting Rice Cropping Systems Mitigates Ecological Footprints and Enhances Grain Yield in Central China,double rice; conversion; ratoon rice; rice-wheat; carbon footprint; nitrogen footprint; water footprint,NITROGEN FOOTPRINT; CARBON FOOTPRINT; WATER FOOTPRINT; PRODUCTIVITY; EFFICIENCY,"Intensive cereal production has brought about increasingly serious environmental threats, including global warming, environmental acidification, and water shortage. As an important grain producer in the world, the rice cultivation system in central China has undergone excessive changes in the past few decades. However, few articles focused on the environmental impacts of these shifts from the perspective of ecological footprints. In this study, a 2-year field trial was carried out in Hubei province, China, to gain insight into carbon footprint (CF), nitrogen footprint (NF), and water footprint (WF) performance. The three treatments were, namely, double-rice system (DR), ratoon rice system (RR), and rice-wheat system (RW). Results demonstrated that RR significantly increased the grain yield by 10.22-15.09% compared with DR, while there was no significant difference in the grain yield between RW and DR in 2018-2019. All of the calculation results by three footprint approaches followed the order: RR < RW < DR; meanwhile, RR was always significantly lower than DR. Methane and NH3 field emissions were the hotspots of CF and NF, respectively. Blue WF accounts for 40.90-42.71% of DR, which was significantly higher than that of RR and RW, primarily because DR needs a lot of irrigation water in both seasons. The gray WF of RW was higher than those of DR and RR, mainly due to the higher application rate of N fertilizer. In conclusion, RR possesses the characteristics of low agricultural inputs and high grain yield and can reduce CF, NF, and WF, considering the future conditions of rural societal developments and rapid demographic changes; we highlighted that the RR could be a cleaner and sustainable approach to grain production."
WOS:000608686200004,2021,English,Article,Evaluation of locally available amorphous waste materials as a source for alternative alkali activators,Alkali-activated materials; Alternative activators; Waste glass; Waste mineral wool; Cathode-ray tube glass; Solubility,RICE HUSK ASH; SODIUM-SILICATE; GLASS POWDER; GEOPOLYMER; CEMENT; MICROSTRUCTURE; DISSOLUTION; STRENGTH; SLAG,"The production of alkali-activated materials with excellent mechanical performance requires the use of water glass, which has a significant carbon footprint. Such materials can have a lower carbon footprint if we replace water glass with alternative activators sourced from waste. In this study, we assessed the suitability of locally available amorphous waste materials (stone wool, glass wool, bottle glass and cathode-ray tube glass) as a source for the preparation of alternative alkali activators. We quantified the amount of silicon and aluminium dissolved in the activator solutions via inductively coupled plasma-optical emission spectrometry. The alternative activators were then used to produce alkali-activated fly ash and slag. The compressive strength values of alkali-activated fly ash specimens upon the addition of NaOH, water glass and the most promising alternative activator were 38.98 MPa, 31.34 MPa and 40.37 MPa, respectively. The compressive strength of slag specimens activated with alternative activators with the highest concentration of dissolved silicon (21 g/L) was, however, 70% higher than the compressive strength of slag specimens activated with only 10 M sodium hydroxide. The compressive strength of slag specimens with the addition of the most promising alternative activator was significantly lower (3.5 MPa) than the compressive strength of those that had been activated by commercial water glass (34.3 MPa)."
WOS:000692553100001,2021,English,Article,Breeding Driven Enrichment of Genetic Variation for Key Yield Components and Grain Starch Content Under Drought Stress in Winter Wheat,breeding progress; drought; GWAS; LD block; MTAs; QTL; yield components,GROWTH-STAGES; HEAT-STRESS; TOLERANCE; ADAPTATION; QUALITY; TRAITS; RICE; RESISTANCE; MECHANISMS; SELECTION,"Drought is one of the major abiotic stress factors limiting wheat production worldwide, thus threatening food security. The dissection of the genetic footprint of drought stress response offers strong opportunities toward understanding and improving drought tolerance (DT) in wheat. In this study, we investigated the genotypic variability for drought response among 200 diverse wheat cultivars (genotypes) using agronomic, developmental, and grain quality traits (GQT), and conducted genome-wide association studies (GWAS) to uncover the genetic architectures of these important traits. Results indicated significant effects of genotype, water regime and their interactions for all agronomic traits. Grain yield (GY) was the most drought-responsive trait and was highly correlated with kernels number per meter square (KN). Genome-wide association studies revealed 17 and 20 QTL regions under rainfed and drought conditions, respectively, and identified one LD block on chromosome 3A and two others on 5D associated with breeding progress (BP). The major haplotypes of these LD blocks have been positively selected through breeding and are associated with higher starch accumulation and GY under drought conditions. Upon validation, the identified QTL regions caring favorable alleles for high starch and yield will shed light on mechanisms of tolerance to drought and can be used to develop drought resistant cultivars."
WOS:001025426300006,2023,English,Article,GREEN SYNTHESIS OF SI-NPS FROM RICE AND WHEAT HUSK AND THEIR APPLICATIONS IN NANOCOMPOSITE SHEETS,agricultural waste; bio-nanocomposite sheets; casting; mechanical properties; water absorption capacity,SILICA NANOPARTICLES; BIOMASS; WASTE; ASH,"In this study, silica nanoparticles (SiNPs) have been synthesized from waste source such as rice husk (RHs) and wheat husk (WHs) by using method such as acidic hydrolysis, oxidation with KNO3 and KMnO4, and pyrolysis. The purpose of this research was to reduce agriculture waste and reduce humans' ecological footprint. The synthesized SiNPs were used to create bio-nanocomposite sheets with various concentration of silica using a casting method, which could be used in food packaging instead of plastic, which is harmful to the environment and humans. The effect of nano-silica from RHs and WHs on the physical properties of nanocomposite sheets was investigated. Results showed that the nanocomposite sheet with 0.2 g WHs has the highest tensile strength, and the strength increased with increasing concentration, which is due to the presence of intermolecular interactions between silica and starch in the blend films. Water absorptivity of 0.2 g WHs with highest tensile strength decreased due to the addition of silica content. The results indicated that 0.2 RHs films had the highest water absorption at 49.4% after one hour of immersion, while 0.2 WHs films had the lowest absorption at 39.8% which is due to the network structure created by combining silica and starch plastic films. The synthesized SiNPs and bio-nanocomposites were characterized by using FTIR, SEM, XRD, UTM and particle size analyzer. By considering the results of the bio nanocomposites, they can be recommended for food packaging applications."
WOS:000721004700058,2021,English,Article,Association between the socio-economic status of households and a more sustainable diet,Socio-economic status; Sustainable diet; Environmental impact; Food choice; Iran,NUTRITION TRANSITION; FOOD SECURITY; CONSUMPTION; AVAILABILITY; CHOICES; TRENDS; BLUE,"Objective: A sustainable diet is an affordable diet with low environmental impact, high food security and sufficient healthiness. The present study aimed to assess the correlation between the socio-economic status of households and a sustainable diet. Design: The food basket and socio-economic data of Iranian households were evaluated during 2016-2018. The households were classified based on the sustainability of their diet by determining the dietary carbon footprint, dietary water footprint, lower dietary costs of the household than the median and a higher dietary quality index than the median. Logistic regression was used with four models to calculate the OR of a more sustainable diet as the dependent variable regarding the different quartiles of socio-economic status (SES) as the independent variable. Setting: Iran. Participants: Iranian households (n 102 303), nationally representative, were studied. Results: Lower SES was associated with the higher OR of a sustainable diet (OR: 0.90; (95 % CI 0.87, 0.91)). Higher quartiles of SES compared with the lower SES group indicated the higher energy intake and consumption of more dairies, meat, poultry, fish, eggs, legumes, nuts and fruits, as well as the lower intake of bread, cereal, rice and pasta. Conclusion: In countries such as Iran, where nutrition transition occurs rapidly, better economic and social levels in the populations with a higher SES are associated with increased energy intake and higher consumption of animal-based foods, which decreases sustainable diets compared with the groups with a lower SES."
WOS:000518042000284,2019,English,Article,The Influence of Thermo-Mechanical Activation of Bentonite on the Mechanical and Durability Performance of Concrete,bentonite; compressive strength; sorptivity; acid attack resistance; durability of concrete; eco-efficient binder; low-cost binder,RICE HUSK ASH; FLY-ASH; POZZOLANIC ACTIVITY; RECYCLED CONCRETE; THERMAL-TREATMENT; HIGH-VOLUME; REACTIVITY; STRENGTH; MONTMORILLONITE; KINETICS,"Despite presenting a very high global warming toll, Portland cement concrete is the most widely used construction material in the world. The eco-efficiency, economy, and the overall mechanical and durability performances of concrete can be improved by incorporating supplementary cementitious materials (SCMs) as partial substitutions to ordinary Portland cement (OPC). Naturally found bentonite possesses pozzolanic properties and has very low carbon footprint compared to OPC. By applying activation techniques, the reactivity of bentonite can be improved, and its incorporation levels can be maximized. In this study, the influence of mechanical and thermo-mechanical activation of bentonite is investigated on properties of concrete. Bentonite was used for 0%, 10%, 15%, 20%, 25%, 30%, and 35% mass replacements of OPC. Mechanical (compressive strength and split tensile strength) and durability (water absorption, sorptivity coefficient, and acid attack resistance) properties were studied. Results of experimental testing revealed that, concrete containing bentonite showed good mechanical performance, while durability was significantly improved relative to control mix. Application of thermo-mechanical activation can enhance the incorporation levels of bentonite in concrete. At 15% and 25%, bentonite produced optimum results for mechanical and thermo-mechanical activation, respectively. Bentonite inclusion is more beneficial to the durability than the mechanical strength of concrete."
WOS:000867243200001,2022,English,Article,Spatial Representativeness of Eddy Covariance Measurements in a Coniferous Plantation Mixed with Cropland in Southeastern China,eddy covariance; spatial representativeness; footprint climatology; fraction of target vegetation type (FTVT); sensor location bias; subtropical coniferous plantation,GROSS PRIMARY PRODUCTION; NET ECOSYSTEM EXCHANGE; CARBON-DIOXIDE; CHLOROPHYLL FLUORESCENCE; WATER-VAPOR; FLUX MEASUREMENTS; SONIC ANEMOMETER; ENERGY FLUXES; NORTH CHINA; EVAPOTRANSPIRATION,"The eddy covariance (EC) technique has been widely used as a micrometeorological tool to measure carbon, water and energy exchanges. When utilizing the EC measurements, it is critical to be aware of the long-term information on source areas. In China, large-scale forest plantations have become a dominant driver of greening and carbon sinks on the planet. However, the spatial representativeness of EC measurements on forest plantations is still not well understood. Here, an EC flux site of a coniferous plantation mixed with cropland in a subtropical monsoon climate was selected to evaluate the spatial representativeness of the two approaches. One is the fraction of target vegetation type (FTVT), which was used to detect to what degree the flux is related to the target vegetation. The other is the sensor location bias calculated from the enhanced vegetation index (EVI), which was used to detect to what spatial extent the flux can be upscaled. The results showed that the monthly footprint climatologies changed intensely throughout the year. The source area is biased toward the southeast in summer and northwest in winter. The study area was mainly a composite of coniferous plantations (70.08%) and double-cropped rice (27.83%). The double-cropped rice, with a higher seasonal variation of EVI than the coniferous plantation, was mainly distributed in the eastern areas of the study site. As a result of spatial heterogeneity and footprint variation, the FTVT was 0.89 when the wind direction was southwest; however, this reduced to 0.65 when the wind direction changed to the northeast and exhibited a single-peak seasonal variation during a year. The sensor location bias of the EVI also showed a significant monthly variation and ranged from -14.21% to 19.04% in a circular window with an increasing size from 250 to 3000 m. The overlap index between daytime and nighttime (O-day_night) can potentially be a quality flag for the GPP derived from the EC flux data. These findings demonstrate the joint effects of the monsoon climate and underlying surface heterogeneity on the spatial representativeness of the EC measurements. Our study highlights the importance of having footprint awareness in utilizing EC measurements for calibration and validation in monsoon areas."
WOS:000870697000010,2022,English,Article,"Estimation and comparison of energy input-output and efficiency indices for rice-wheat agroecosystems of Doon Valley, India",Agriculture; energy productivity; efficiency indices; global warming; rice-wheat system,CROPPING SYSTEMS; GHG EMISSIONS; CONSUMPTION; PATTERN,"Energy use in the rice-wheat crop production system is a major contributor to global greenhouse gas (GHG) emissions. Understanding input-wise energy flows in the production system is vital to optimize input-output and estimating GHG emissions and global warming potential. Doon Valley, India, has energy-intensive ag-riculture practices and a survey-based assessment was undertaken in this area covering 63 farms. According to the present study, rice and wheat production re-quires 63,825 and 50,799 MJ ha-1 of total energy input respectively. The main contributors were electricity, fertilizers and diesel for both crops; however, irrigation water was also a significant contributor in the case of rice. The yield per unit of energy use was relatively low which warrants better crop management practices to reduce the environmental footprint of the rice-wheat cropping system."
WOS:000726939200001,2021,English,Article,Evolution of the Global Scientific Research on the Environmental Impact of Food Production from 1970 to 2020,environmental analysis; food production; bibliometric study; citation number; authors; affiliations; Scopus,CLIMATE-CHANGE VULNERABILITY; CARBON FOOTPRINT; BIBLIOMETRIC ANALYSIS; IMPLEMENTATION; QUALITY; WHEAT,"Food production and consumption account for a significant share of the impact of various pressing and important environmental concerns such as climate change, eutrophication, and loss of biodiversity. In this work, a bibliometric analysis of the last 50 years of research papers, written in English and indexed on Scopus database, was carried out to highlight the evolution of the global scientific research in the environmental assessment of food production (EAFP). The research papers in EAFP started to significantly increase from 2005, being most frequently published by the Journal of Cleaner Production and International Journal of Life Cycle Assessment. The United States of America was the first publishing country, followed by China, the United Kingdom, and Italy. Wheat, rice, fish, maize, and milk were the food items mainly studied, with different importance depending on the authors' publishing country. Life Cycle Analysis, Carbon Footprint, and Water Footprint were the first three standard methods used to assess climate change, energy consumption, and environmental impact. The Wageningen University, Chinese Academy of Sciences and Research Centre, and China Agricultural University were the main publishing research centers. All the papers published worldwide received 18.1 citations per paper, the UK and Chinese papers being those mostly and minimally cited, respectively. Over the last five years, this research field largely aimed to managing the agricultural practices, mitigating global warming and water use, assuring food security and sustainable food consumption, while minimizing food waste formation. Such an objective evaluation of this research topic might help guide researchers on where to address their future research work."
WOS:000638910400001,2021,English,Article,Lifecycle Assessment of Monosodium Glutamate Made from Non-Edible Biomass,lifecycle assessment; monosodium glutamate; carbon footprints; water scarcity footprints; air pollution footprints,,"The open burning of agricultural residues derived from rice is a social issue in Thailand, as it causes air pollution in the form of smoke. A way to prevent smoke air pollution is to pulverize glycosylated non-edible biomass and convert it to monosodium glutamate (MSG). This study assessed MSG produced by non-edible biomass and compared the environmental performance of MSG produced using tapioca starch. The scope of this study ranges from the cultivation of raw materials to the production of MSG. The adopted impact categories include carbon, water, and air pollution. The primary data refer to the average unit input and fuel consumption of annual MSG production. The secondary data are used for inventories, namely, Ecoinvent 3, the Water Footprint Network, and the EMEP/EEA air pollutant emission inventory guidebook. We also conducted an impact assessment of the health impacts and weighting across several impact categories using LIME-3. The human health impact assessments for MSG from non-edible biomass and tapioca starch show gains of 1.92 x 10(-5) and 3.59 x 10(-5) DALYs per kg MSG, respectively. This difference is due to declining water scarcity and air pollution footprints. We found that using rice straw prevents water scarcity and smoke air pollution caused by open burning."
WOS:000524899603014,2020,English,Article,Sustainable Irrigation Management in Paddy Rice Agriculture: A Comparative Case Study of Karangasem Indonesia and Kunisaki Japan ocr,sustainable irrigated agriculture; irrigation efficiency; social capital; traditional agriculture; GIAHS; sustainable water resource management; water footprint,WATER; LANDSCAPE; SATOYAMA; TEMPLE,"Irrigated paddy rice agriculture accounts for a major share of Asia Pacific's total water withdrawal. Furthermore, climate change induced water scarcity in the Asia-Pacific region is projected to intensify in the near future. Therefore, methods to reduce water consumption through efficiency measures are needed to ensure the long-term (water) sustainability. The irrigation systems, subak of Karangasem, Indonesia, and the tameike of Kunisaki, Japan, are two examples of sustainable paddy rice irrigation. This research, through interviews and an extensive survey, comparatively assessed the socio-environmental sustainability of the two irrigation management systems with special reference to the intensity and nature of social capital, equity of water distribution, water demand, water footprint, and water quality, etc. The prevailing social capital paradigm of each system was also compared to its overall managerial outcomes to analyze how cooperative action contributes to sustainable irrigation management. Both systems show a comparable degree of sustainable irrigation management, ensuring an equitable use of water, and maintain relatively fair water quality due to the land-use practices adapted. However, the systems differ in water demand and water efficiency principally because of the differences in the irrigation management strategies: human and structural. These findings could help devise mechanisms for transitioning to sustainable irrigation management in the commercially-oriented paddy rice agricultural systems across the Asia-Pacific region."
WOS:000362511200027,2015,English,Article,Exploiting Co-Benefits of Increased Rice Production and Reduced Greenhouse Gas Emission through Optimized Crop and Soil Management,,NITROGEN-FERTILIZER APPLICATION; IRRIGATED RICE; NUTRIENT MANAGEMENT; USE EFFICIENCY; ENVIRONMENTAL-QUALITY; METHANE EMISSION; FOOD SECURITY; PADDY FIELDS; YIELD GAPS; GRAIN,"Meeting the future food security challenge without further sacrificing environmental integrity requires transformative changes in managing the key biophysical determinants of increasing agronomic productivity and reducing the environmental footprint. Here, we focus on Chinese rice production and quantitatively address this concern by conducting 403 on-farm trials across diverse rice farming systems. Inherent soil productivity, management practices and rice farming type resulted in confounded and interactive effects on yield, yield gaps and greenhouse gas (GHG) emissions (N2O, CH4 and CO2-equivalent) with both trade-offs and compensating effects. Advances in nitrogen, water and crop management (Best Management Practices-BMPs) helped closing existing yield gaps and resulted in a substantial reduction in CO2-equivalent emission of rice farming despite a tradeoff of increase N2O emission. However, inherent soil properties limited rice yields to a larger extent than previously known. Cultivating inherently better soil also led to lower GHG intensity (GHG emissions per unit yield). Neither adopting BMPs only nor improving soils with low or moderate productivity alone can adequately address the challenge of substantially increasing rice production while reducing the environmental footprint. A combination of both represents the most efficient strategy to harness the combined-benefits of enhanced production and mitigating climate change. Extrapolating from our farm data, this strategy could increase rice production in China by 18%, which would meet the demand for direct human consumption of rice by 2030. It would also reduce fertilizer nitrogen consumption by 22% and decrease CO2-equivalent emissions during the rice growing period by 7% compared with current farming practice continues. Benefits vary by rice-based cropping systems. Single rice systems have the largest food provision benefits due to its wider yield gap and total cultivated area, whereas double-rice system (especially late rice) contributes primarily to reducing GHG emissions. The study therefore provides farm-based evidence for feasible, practical approaches towards achieving realistic food security and environmental quality targets at a national scale."
WOS:001503071000002,2025,English,Article,"Irrigation and primary nutrients' performance on winter maize productivity, profitability, energetics, and carbon footprint in Gangetic plains of India",Carbon footprint; Depletion of available soil moisture; Energetics; Irrigation; Maize productivity and profitability; Primary nutrients,WATER-USE EFFICIENCY; ENERGY USE; PRODUCTION SYSTEMS; ECONOMIC-ANALYSIS; NITROGEN; YIELD; CONSERVATION; AGRICULTURE; MANAGEMENT; NUTRITION,"Suitable irrigation and nutrient management can help to introduce and elevate the winter maize productivity and profitability in Gangetic plains of West Bengal, India where rice-wheat is the dominant cropping system. Maize cultivation using these two vital inputs needs to be standardized to achieve the best performance under specific agro-climatic conditions. Further, adequate information regarding energy budgeting and carbon footprint (CF) from winter maize cultivation under different irrigation and nutrient levels is rarely explored. Therefore, a two-year field trial in Gangetic plains of West Bengal was executed using three irrigation regimes (I-1: 30, I-2: 50 and I-3: 70% depletion of available soil moisture or DASM) and four nutrients' levels (F-0: 0:0:0, F-1: 100:50:50, F-2: 150:75:75 and F-3: 200:100:100 kg N: P2O5: K2O ha(-1)) to study the productivity, profitability, energetics, and CF. Pooled analysis revealed that maximum productivity (grain yield, cob yield, and stover yield) of winter maize was observed under I1F3 (similar to 366, 305, and 176% higher over I3F0), followed and shown statistical similarity by I2F3 (similar to 359, 301, and 172% higher over I3F0). Further, the highest net return (US$ 1057 ha(-1)) and benefit: cost (2.25) were observed under I2F3. Additionally, I1F3 recorded maximum net energy gain, while in terms of energy productivity, I2F3 outperformed others. However, among these two treatments, I2F3 relatively generated less CF and ensured high carbon output and efficiency. Therefore, the study recommends the application of irrigation at 50% DASM and 200:100:100 kg N: P2O5: K2O ha(-1) for winter maize cultivation in the study region of West Bengal, India."
WOS:001409626500004,2025,English,Article,Deepening water scarcity in breadbasket nations,,FOOD; FOOTPRINT; REVEALS,"Water is crucial for meeting sustainability targets, but its unsustainable use threatens human wellbeing and the environment. Past assessments of water scarcity (i.e., water demand in exceedance of availability) have often been spatially coarse and temporally limited, reducing their utility for targeting interventions. Here we perform a detailed monthly sub-basin assessment of the evolution of blue (i.e., surface and ground) water scarcity (years 1980-2015) for the world's three most populous countries - China, India, and the USA. Disaggregating by specific crops and sectors, we find that blue water demand rose by 60% (China), 71% (India), and 27% (USA), dominated by irrigation for a few key crops (alfalfa, maize, rice, wheat). We also find that unsustainable demand during peak months of use has increased by 101% (China), 82% (India), and 49% (USA) and that 32% (China), 61% (India), and 27% (US) of sub-basins experience at least 4 months of scarcity. These findings demonstrate that rising water demands are disproportionately being met by water resources in already stressed regions and provide a basis for targeting potential solutions that better balance the water needs of humanity and nature."
WOS:001047450000001,2023,English,Article,The potential of green manure to increase soil carbon sequestration and reduce the yield-scaled carbon footprint of rice production in southern China,green manure; paddy soil; soil carbon sequestration; carbon footprint,WINTER COVER CROP; ORGANIC-CARBON; GAS EMISSIONS; PADDY SOIL; MILK VETCH; CULTIVATION; METHANE; N2O; CH4; MANAGEMENT,"Green manure (GM) has been used to support rice production in southern China for thousands of years. However, the effects of GM on soil carbon sequestration (CS) and the carbon footprint (CF) at a regional scale remain unclear. Therefore, we combined the datasets from long-term multisite experiments with a meta-analysis approach to quantify the potential of GM to increase the CS and reduce the CF of paddy soils in southern China. Compared with the fallow- rice practice, the GM-rice practice increased the soil C stock at a rate of 1.62 Mg CO2-eq ha-1 yr-1 and reduced chemical N application by 40% with no loss in the rice yield. The total CF varied from 7.51 to 13.66 Mg CO2-eq ha-1 yr-1 and was dominated by CH4 emissions (60.7-81.3%). GM decreased the indirect CF by 31.4% but increased the direct CH4 emissions by 19.6%. In the low and high CH4 emission scenarios, the CH4 emission factors of GM (EFgc) were 5.58 and 21.31%, respectively. The greater soil CS offset the increase in GM-derived CF in the low CH4 scenario, but it could not offset the CF increase in the high CH4 scenario. A trade-off analysis also showed that GM can simultaneously increase the CS and reduce the total CF of the rice production system when the EFgc was less than 9.20%. The variation in EFgc was mainly regulated by the GM application rates and water management patterns. Determining the appropriate GM application rate and drainage pattern warrant further investigation to optimize the potential of the GM-rice system to increase the CS and reduce the total CF in China."
WOS:001315299800001,2024,English,Article,"Impact of conservation agriculture and weed management on carbon footprint, energy efficiency, and sustainability in maize-wheat cropping systems",Conventional tillage; Crop rotation; GHGs emission; Energy utilization; Environmental pollution; Soil organic carbon,WATER-USE EFFICIENCY; CLAY LOAM SOIL; GANGETIC PLAINS; YIELD TRENDS; RICE; TILLAGE; PRODUCTIVITY; EMISSIONS; SEQUESTRATION; TECHNOLOGIES,"This study assesses the impact of conservation agriculture (CA) and weed management practices on the productivity, profitability, energy use, and carbon sustainability of a maize-wheat cropping system. Fifteen treatment combinations, incorporating five tillage methods (conventional-till maize and wheat [CT-CT], conventional-till maize and zero-till wheat [CT-ZT], zero-till maize and zero-till wheat [ZT-ZT], zero-till maize and zero-till plus residue in wheat [ZT-ZTR], and zero-till plus residue maize and wheat [ZTR-ZTR]) and three weed management practices (recommended herbicide [H-H], integrated weed management [IWM-IWM], and hand weeding [HW-HW]), were tested in a strip plot design. The results showed that ZTR-ZTR significantly increased system productivity (6.90 Mg ha(-1)), net returns, and benefit-cost ratio (BCR; 2.69), compared to CT. However, CT systems had 173 % higher energy use efficiency (EUE) and 170 % higher energy intensity (EI) than CA systems. CA-based treatments used about 15 % direct renewable energy and 85 % indirect renewable energy, while CT systems used 15-20 % direct non-renewable energy and 85-86 % indirect non-renewable energy. Among weed management practices, recommended herbicides (H-H) led to the highest productivity (6.71 Mg ha(-1)), EUE (9.80), net returns (3003 US$ ha(-1)), and BCR (3.08), but also higher carbon footprints. This underscores the balance between productivity, energy efficiency, and carbon in agriculture."
WOS:000949320200001,2023,English,Article,Land footprint and GHG emissions from global food loss,agricultural land use; cropland area; climate change; food loss; food security; sustainable development,ENVIRONMENTAL IMPACTS; LOSS REDUCTION; WASTE; SUSTAINABILITY; WATER; DEFORESTATION; AGRICULTURE; RESOURCES; CROPLAND; OPTIONS,"BACKGROUNDEfficient land use represents a global challenge in the context of high levels of food loss (FL) and waste (FLW) and increasing greenhouse gas (GHG) emissions from global agricultural activities. This study aimed to estimate the land footprint (LF) associated with FL worldwide. It also estimated the GHG emissions from crop residues and their burning, and their relationship with food loss for the main crops worldwide. The study analyzed data from the Food and Agriculture Organization of the United Nations (FAO) regarding land use, FL, and global GHG emissions from crop residues. RESULTSThe findings suggest that the average LF associated with FL worldwide is about 69 million ha per year, and the main food items responsible for most of the LF associated with FL are maize, wheat, and rice. The annual average emissions derived from burning crop residues of FL are 48.8 kilotons year(-1) of CH4 and 1.26 kilotons year(-1) of N2O, and the emission of N2O derived from crop residues of FL is about 24.1 kilotons year(-1), considering the three crops. CONCLUSIONFood loss implies high levels of LF and GHG emissions, reinforcing the need for proper public and private initiatives worldwide to reduce FL and waste (FLW). Organizations such as the FAO and the Organisation for Economic Co-operation and Development (OECD) should incorporate indicators regarding FLW reduction to evaluate and monitor countries' performance. An international agreement also needs to be addressed to engage the world's nations in the reduction of FLW levels. (c) 2023 Society of Chemical Industry."
WOS:001419256200001,2025,English,Article,A Study on the Characteristics and Influencing Factors of the Global Grain Virtual Water Trade Network,virtual water; grain trade; social network analysis; QAP regression analysis,FOOTPRINT,"With the deepening of international trade and the increasing strain on water resources, the importance of the virtual water trade of grain products on an international level has become increasingly prominent. Based on FAOSTAT and water value research reports, this study constructed the virtual water trade networks of wheat, rice, maize, and soybeans for 29 major grain trading countries in 2012 and 2022 and measured their network indicators and virtual water flow patterns. In addition, a QAP regression analysis was used to study the influencing factors of the virtual water trade network for grain products from the perspective of four dimensions: economic scale, geographical characteristics, resource endowment, and policy agreements. The results were as follows: Firstly, from 2012 to 2022, the virtual water trade of wheat and rice shifted from a state of net virtual water outflow to net virtual water inflow, and the overall net virtual water flows of maize and soybeans both showed a net virtual water inflow. Secondly, wheat's virtual water trade network participants had reduced obvious ""small-world"" features, and KOR, the USA, TUR, and IND have long been at the center of that network. When the core nodes of the virtual water trade network of rice were reduced, the network tended to be decentralized. In that network, IND, NPL, the USA, and ZAF always occupied dominant positions. The overall connectivity of the maize virtual water trade network increased, with both the USA and JPN as the trade core. The number of core countries in the soybean virtual water trade network increased; significantly, CHN, the USA, and THA were in dominant positions. Lastly, the GDP at the economic scale was the biggest core driving factor of all virtual water trade networks of various grain products, followed by per capita arable land area in terms of resource endowment. In addition, the geographic characteristics and trade agreements of the virtual water trade networks of grain products also had a more significant negative impact. This paper argues that countries should make trade adjustments for their own developing disadvantaged grain products, vigorously develop their national economies, optimize the structure of the grain trade, and promote benign cooperation in international virtual water trade for grain products."
WOS:001588617900001,2025,English,Article,Global spatially explicit crop water consumption shows an overall increase of 9% for 46 agricultural crops from 2010 to 2020,,FRESH-WATER; FOOD; FOOTPRINT; GREEN; BLUE,"Agricultural crop production is the largest water user worldwide. Here we compute the blue and green water consumption (WC) of global crop production at 5 arcminutes (similar to 10 km at the equator) for the year 2020, differentiating between 46 crops, using the most recent Spatial Production Allocation Model 2020 crop data. Total crop WC amounts to 6,668 km(3), or 6,817 km(3) including the flooding phase of paddy rice, of which green WC amounts to 5,588 km(3) and blue WC to 1,080 km(3) (increasing to 1,228 km(3) with paddy flooding). Over a period of 20 years, five major crops increased in total WC by 23-82%. For 2010-2020, global total crop WC increased by 9% from 6,270 km(3) (with paddy flooding). Alongside observed increases in cropland area, higher crop WC puts additional pressure on limited water resources."
WOS:001458791700001,2025,English,Article,Resilience assessment of interprovincial crop virtual water flow network in China,Complex network; Topological structure; Shock simulation; Vulnerability; Water footprint,CLIMATE-CHANGE; TRADE; FOOD; EVOLUTION; FOOTPRINT; TRANSFERS; PRINCIPLES; RESOURCES; SYSTEMS; GREEN,"The crop-related virtual water (VW) flow has reshaped the water resources burdens virtually and caused increasingly vulnerabilities under natural and anthropogenic pressures and shocks. However, the resilience assessment of crop VW networks remains lacking. Here, we first constructed China's interprovincial VW flow network by simulating crop trade based on minimum-cost linear optimization and calculating VW content using AquaCrop model. We then analyzed network topological properties including connectivity, betweenness centrality, and community structure. Finally, we evaluated network resilience through four dimensions (resistance, absorptive, adaptive, and transformative capacities) by simulating structural and functional responses under both intentional and random node failure scenarios for three major crops (rice, wheat, and maize). Results show that the total inter-provincial VW and crop trade of increased by 57.8 % and 106.4 %, respectively from 2000 to 2017. Although trade edges increased by 11 %-12 % during the study period, the overall VW network density remained low with maximum of 0.2. The resilience of blue VW networks for rice, wheat, and maize cumulatively decreased by 69.4 %, 81.9 %, and 44.7 %, respectively, under intentional attacks of the top 20 % nodes (six provinces). Notably, the wheat blue VW network was the most vulnerable as key domain provinces facing the water scarcity risk. Our analysis reveals that China's crop VW flow network are vulnerable to targeted disruptions due to their low connectivity and high dependence on water-scarce producing provinces, highlighting the urgent need for diversifying VW flow patterns and strengthening water resource management in key exporting regions."
WOS:001762757500001,2026,English,Article,Valorization of rice straw into high-purity lactic acid with reduced enzyme cost and waste footprint,Rice straw; Lignocellulosic biomass; Lactic acid; Simultaneous Saccharification and Fermentation; Ion exchange resin; Biorefinery integration,SIMULTANEOUS SACCHARIFICATION; FERMENTATION; RECOVERY; TEMPERATURE; HYDROLYSIS; SEPARATION; ADSORPTION; BAGASSE; WATER,"Rice straw, an abundant agricultural residue, represents an underutilised lignocellulosic resource to produce biobased platform chemicals. In this study, an integrated and scalable process was developed for the valorisation of dilute acid-pretreated rice straw into high-purity L-lactic acid (LA) using a modified simultaneous saccharification and fermentation (MSSF) strategy coupled with adsorption-based downstream purification. The process employed a mesophilic strain, Lactobacillus casei, operating at 42 degrees C, as opposed to conventional energy-intensive processes utilising thermophilic strains. A low cellulase loading of 5 FPU g-1 of pretreated biomass was sufficient to achieve an LA yield of 0.40 g g-1 of pretreated biomass and a productivity of 0.63 g L-1 h-1 with a reduced process time of 48 h. The hemicellulose-derived xylose stream was simultaneously recovered, supporting a biorefinery approach for comprehensive biomass utilization. Downstream processing protocol was established using mechanically robust ion-exchange resins (Indion 225 H and Indion 860S), without the production of solid waste unlike the conventional precipitation method, resulting in 93% LA purity with an overall recovery of 74%. By integrating low-enzyme SSF with sustainable adsorption-based purification, the present study demonstrates a cost-effective and environmentally favourable pathway for converting rice straw into value-added chemicals, contributing to the economic viability of second-generation biorefineries."
WOS:001014197400001,2023,English,Article,Replacing Lime with Rice Husk Ash to Reduce Carbon Footprint of Bituminous Mixtures,sustainability; carbon footprint; rice husk ash; lime; silica; asphalt; concrete; roadways,HOT MIX ASPHALT; FLY-ASH; FILLERS; AGGREGATE; BITUMEN,"There have been several emphasized pathways toward a reduction in carbon footprint in the built environment such as recycling, technologies with lower energy consumption, and alternative materials. Among alternative materials, bio-based materials and nature inspired solutions have been well-received. This study examines the merits of using rice husk ash as a replacement for lime; lime has a high carbon footprint mainly associated with the decomposition of calcium carbonate to calcium oxide to form lime. Lime is commonly used in bituminous composites for roadway construction to mitigate their susceptibility to moisture damage. Replacing lime with a low-carbon alternative could allow a reduction in CO2 equivalent of bituminous composites. This paper studies the merits of using rice husk ash (RHA) as a substitute for conventional hydrated lime (HL) in bituminous composites. It should be noted that rice industries burn rice husks in a boiler as fuel, generating a substantial volume of RHA. The disposal of this ash has major environmental impacts associated with the contamination of air and water. Here, we study physical and chemical characteristics of both HL and RHA for use in bitumen mixtures. This was followed by examining the extent of dispersion of each filler in bitumen via optical microscopy to ensure their uniform dispersion. The properties of the mixtures were further studied using the Marshall mix design method. It was found that a 25.67% increase in Marshall stability and a 5.95% decrease in optimum binder content were achieved when HL was replaced by RHA at 4% filler concentration. In addition, mixtures containing RHA exhibited higher resistance to cracking and permanent deformation compared to mixtures containing HL. Additionally, 4% RHA in the mix showed stripping resistance similar to the conventional mix with HL. The mixture with 4% RHA had a lower carbon footprint with enhanced economic and environmental impacts compared to the conventional mix with HL. The study results provide insights pertaining to the merits of bio-based materials to reduce the carbon footprint of pavements."
WOS:001481590000001,2025,English,Article,"Impact of nine years of conservation tillage and precise nutrient management on equivalent yields, soil microbial dynamics, and water-energy footprints of the maize-mustard rotation",conservation tillage; soil microbial dynamics; nutrient expert-system; water-energy footprints; equivalent yields,TERM NO-TILL; CROPPING SYSTEM; WHEAT SYSTEM; AGRICULTURE; PRODUCTIVITY; QUALITY; BIOMASS; RICE; FERTILIZATION; PROFITABILITY,"In South Asian regions, the traditional maize-mustard rotation (MMR) has become less profitable and unsustainable due to inappropriate fertilization practices and the degradation of soil properties. Therefore, climate-smart and sustainable farm practices are necessary to mitigate production risks and improve soil properties. This study evaluated the long-term impacts of conservation tillage and nutrient management on equivalent yields, soil microbial properties, and water-energy savings. A long-term field experiment was initiated 9 years ago, using the split-plot design to evaluate the three conservation tillage (CA)-based crop establishment practices, i.e., zero tillage (ZT) and conventional tillage (CT), permanent beds (PNB). Each practice was accompanied by the recommended dose of fertilizer (RDF), improved RDF (RDFI), and nutrient expert-guided (NEI) fertilization. CA-based tillage (ZT or PNB) resulted in 24.4-25.2% greater maize grain equivalent yields (EY) compared to the CT, while the NEI and RDFI produced statistically (p = 0.05) identical EY, being 26.6-30.3% greater than the RDF. These practices substantially reduced the water footprints, besides 11.9-12.9% and 23.4-26.6% (9-yrs average) greater water productivity compared to CT and RDF, respectively. In fact, at 0-45 cm soil depth, residues retained ZT or PNB had 31.9-42.2%, 56.5-67.2%, and 16.5-18.3% more bacterial (10(7)), fungi (10(4)), and actinomycetes (10(4)) populations, respectively. Across soil depths, ZT or PNB recorded 7.65-11% and 23.2-31.9% greater soil microbial biomass-C and -P, respectively. Compared to CT-based practices, these practices also improved soil mineralizable N (NO3- N/NH4+ N). The conventionally tilled plots consumed greater direct and indirect non-renewable energy than the CA-based residue-retaining practices. By virtue of residue retention, the PNB and ZT had similar to 108% greater energy input (E-I) than the CT, whereas it was vice versa in terms of the energy output (E-O). The NEI registered a 7.6-28.7% higher E-O than the RDFI and RDF. These long-term field studies demonstrated that adopting CA-based ZT, or PNB, in combination with precise nutrient management would enhance equivalent yields and soil microbial dynamics, besides improving water-energy footprints in maize-mustard growing ecologies."
WOS:001456323300004,2025,English,Article,"Effects of crop planting structure optimization on water-saving, environmental, and economic multibenefits in Northeast China",planting structure optimization; water footprint; water pollution; water scarcity; water use benefit; water use efficiency,FOOTPRINT; SUSTAINABILITY; SECURITY; RESOURCE; SCARCITY; PROVINCE,"Planting structure optimization is important for achieving the sustainable use of water resources and enhancing economic and environmental benefits. Substantial attention has been given to how to optimize the planting structure, but further resource, environmental, and economic effects after optimization also need to be identified thoroughly and extensively. In this paper, the multiple benefits of the optimization of planting structures were explored in Northeast China. The results showed that (1) after optimization, the planting area of maize decreased, that of rice decreased only slightly, and that of other crops increased to varying degrees in prefectures of Northeast China. (2) After optimization, the green, blue, gray, and total water footprints of crops were reduced. The economic benefits of crops increased in all prefectures in Northeast China, and crop yields decreased in some prefectures. (3) After optimization, the multibenefits increase was different among prefectures, which enhanced in most prefectures, and the degree of the indices decreased in the following order: water use benefit ratio > water pollution level > blue water scarcity > water use efficiency ratio > green water scarcity. The aims of this study were to contribute to the improvement of agricultural water savings and environmental and economic effects."
WOS:001565562200002,2025,English,Article,Achieving environmental stewardship through climate-smart agriculture practices in intensive cereal systems of North-western India: Effects on energy-water-carbon footprints,Climate-smart agriculture; Environmental sustainability; Energy use efficiency; Energy-water-nitrogen footprints; Global warming potential; Subsurface drip irrigation,LONG-TERM IMPACT; MAIZE ZEA-MAYS; CONSERVATION AGRICULTURE; ORGANIC-CARBON; DRIP IRRIGATION; YIELD; WHEAT; SOIL; PRODUCTIVITY; FERTIGATION,"Intensive rice-based systems in the Indo-Gangetic Plain of India face critical sustainability challenges, including high energy use, excessive greenhouse gas (GHG) emissions, and unsustainable groundwater exploitation. This study evaluates productivity and environmental footprints (energy, water, and carbon) to foster environmental stewardship through conservation agriculture-based climate-smart agriculture practices (CSAPs). Six scenarios (Sc) were analyzed: conventional till (CT) rice-wheat (CT-RW, Sc 1); CT rice-zero till (ZT) wheat-ZT mungbean (CTR-ZTWM, Sc 2); ZT direct-seeded rice-ZTWM (ZTRWM, Sc 3); ZT maize-ZTWM (ZTMWM, Sc 4); Sc 3 with subsurface drip (SSD) irrigation (ZTRWM-SSD, Sc 5); and Sc 4 with SSD (ZTMWM-SSD, Sc 6). The CSAPs (Sc 3-Sc 6) outperformed Sc 1 with respect to key performance parameters. Sc 6 (ZTMWM-SSD) achieved the maximum rice equivalent yield (8.25 t ha-1), a 22.2 % increase over Sc 1. Wheat yield in Sc 6 reached to 6.34 t ha-1, corresponding to a 22.1 % enhancement compared to Sc 1, resulting in a total system yield of 16.73 t ha-1, representing a 35.6 % increase over Sc 1. For system-wide partial factor productivity of N, Sc 5 showed 51.4 % improvement, while Sc 6 achieved the highest increase of 69.7 %, reflecting significant gains in nitrogen use efficiency. The CSAPs scenarios markedly improved system water productivity, resulting in a decreased water footprint, which was lowest in Sc 6 (189 L kg-1) compared to Sc 1 (1642 L kg-1). Energy dynamics revealed that Sc 6 was the most efficient among all the scenarios. With an energy input of 30,360 MJ ha-1, it produced energy output of 471,633 MJ ha-1, and recorded the highest energy use efficiency (15.69). In terms of environmental sustainability, CSAPs (Sc 3, Sc 4, Sc 5 and Sc 6) exhibited lower system net global warming potential (GWPn), compared to CT-based scenarios (Sc 1 and Sc 2), reflecting a significantly reduced carbon footprint. These results highlight the potential of CSAPs to enhance productivity and profitability while minimizing environmental impacts, making CSAPs critical to the future of sustainable agriculture in North-western India."
WOS:001339016200001,2024,English,Article,Enhancing agricultural sustainability with water and crop management strategies in modern irrigation and drainage networks,Water footprint; Drip irrigation; Mulching; Sustainable blue water; Yield gap,AQUACROP MODEL; WINTER-WHEAT; FOOTPRINT REDUCTION; DEFICIT IRRIGATION; RICE PRODUCTION; USE EFFICIENCY; PRODUCTIVITY; YIELD; OPTIMIZATION; GREEN,"Improving global food security hinges on achieving sustainable agricultural production within independent irrigation and drainage units, considering the availability of sustainable water resources. This study investigated the potential for enhancing the sustainability of agricultural production in a modern irrigation and drainage network (TIDN) area and evaluated the network's performance under various strategies. These strategies included mulching, transitioning from traditional to drip irrigation, combining mulching with drip irrigation (IDM), and reducing the crop yield gap. Utilizing 2009-2018 data and the AquaCrop model, which was both calibrated and validated, the green and blue water footprints (GWF and BWF) of dominant crops in the region's cropping pattern were assessed. The crop cultivation was prioritized based on the total and unit unsustainable BWF. The performance of TIDN was evaluated using indicators of reliability, vulnerability, system deficiency, flexibility, and sustainability. The drip irrigation had the most significant impact on reducing BWF, while mulching was more effective in decreasing GWF. The adoption of IDM led to a total annual water savings of 382.4 m(3) ha(-1). The 10-year average reductions in BWF from May to August ranged from 1.7 to 3.1 MCM, with approximately 88-93 % of these savings attributed to decreased water consumption in rice fields. Mulch, drip, and IDM decreased the BWF by 3.3 %, 9.4 %, and 10.2 %, respectively, compared to current conditions. The study revealed that the expansion of rice cultivation under conventional flooding irrigation was incompatible with the sustainable blue water resources available, and replacing rice with wheat could reduce the unsustainable BWF by 95-100 %. Compared to current conditions, IDM improved network sustainability by 1.2 %, while closing the yield gap improved the indicator by 24 %. The findings suggest that combining infrastructural solutions, such as updating irrigation systems, with farm management solutions, such as reducing crop yield gaps and implementing mulching, can significantly enhance the sustainability of production in intensively agricultural areas."
WOS:001287045500001,2024,English,Article,Crop Water Use and a Gravity Model Exploration of Virtual Water Trade in Ghana's Cereal Agriculture,cereals; crop water use; gravity model; virtual water; water footprint; Ghana,FLOWS; GREEN,"Agricultural water productivity is crucial for sustainability amidst the escalating demand for food. Cereals are pivotal in providing nutritious food at affordable prices. This study was based on Ghanaian data spanning from 1992 to 2021 to evaluate water usage in the cultivation of major cereals. It also examined the virtual water losses or gains in cereal trade alongside influencing factors. The analysis utilized secondary data encompassing the virtual water content, production quantity, export and import quantities, distance, GDP per capita, population, and land per capita of Ghana and its 75 trade partners. In the last 5 years, crop water use (CWU) reached an average of 7.08 billion m3/yr for maize, 3.48 billion m3/yr for rice, 1.08 billion m3/yr for sorghum, and 0.63 billion m3/yr for millet production. Ghana's major partners for exported virtual water (EVW) were Niger, Burkina Faso, South Africa, and Togo. Major partners for imported virtual water (IVW) were Argentina, South Africa, Ukraine, Togo, Russia, Burkina Faso, Canada, Senegal, Nigeria, Portugal, UK, Niger, and the USA. The Panel Least Squares Method of regression was used to apply the Gravity Model principle in assessing influencing factors. The findings indicate that Ghana is a net importer of virtual water in the cereal trade, with significant influences from geographical distance, GDP per capita, population, land per capita, and cereal water use."
WOS:001669218400001,2026,English,Article,Exploring strategies for agricultural sustainability in super hybrid rice using the food-carbon-nitrogen-water-energy-profit nexus framework,super hybrid rice; ecological footprint; rice production; integrated crop management; sustainability,GREENHOUSE-GAS EMISSIONS; GRAIN-YIELD; MANAGEMENT; FERTILIZER; EFFICIENCY; FOOTPRINT; CHINA,"The breakthrough in super hybrid rice yield has significantly contributed to China's and global food security. However, the inherent conflict between high productivity and environmentally sustainable agriculture poses substantial challenges. Issues such as water scarcity, energy crises, escalating greenhouse gas emissions, and diminishing farm profitability threaten longterm agricultural sustainability. In response, we applied a holistic food-carbon-nitrogen-water-energy-profit (FCNWEP) nexus framework to comprehensively assess the sustainability of distinct crop management strategies across three sub-sites in Central China. Field experiments were conducted in Hubei and Hunan provinces from 2017 to 2021 using a widely adopted elite super hybrid rice cultivar (Y-liangyou 900). Four crop management treatments were implemented: a control (CK, 0 kg N ha-1), conventional crop management (CCM, 210-250 kg N ha-1, 7:3 basal:mid-tiller fertilizer ratio), and two integrated crop management (ICM) treatments (ICM1, 180-210 kg N ha-1, 5:2:3 basal:mid-tiller:panicle initiation fertilizer ratio; ICM2, 240-270 kg N ha-1, 5:2:2:1 basal:mid-tiller:panicle initiation:flowering fertilizer ratio). Variables assessed included grain yield, carbon footprint, nitrogen footprint, water footprint, energy footprint, nitrogen use efficiency, and economic benefits. Our results showed significant yield variations, with ICM2 consistently outperforming CCM and ICM1 across all three sites. In Jingzhou, Suizhou, and Changsha, ICM2's grain yield was 30.2, 24.7, and 13.3% higher than CCM, respectively. Net profits under ICM2 exceeded those of CCM and ICM1 by 31.8 and 115.2% in Jingzhou, 32.2 and 109.9% in Suizhou, and 15.4 and 34.0% in Changsha, respectively. Integrated crop management, particularly ICM2, demonstrated improved nitrogen and energy use efficiency, leading to reduced carbon, nitrogen, water, and energy footprints. Overall, composite sustainability scores derived from the FCNWEP framework indicated that both ICM2 and ICM1 exhibited higher sustainability levels compared to CCM. This study provides valuable insights into practical management methodologies and offers recommendations for enhancing agricultural sustainability."
WOS:001210066000001,2024,English,Article,Can the Integration of Water and Fertilizer Promote the Sustainable Development of Rice Production in China?,energy use efficiency; carbon footprint; greenhouse gas; economic benefits,GREENHOUSE-GAS EMISSIONS; INPUT-OUTPUT-ANALYSIS; ENERGY USE; PADDY FIELD; NITROGEN; FERTIGATION; AGRICULTURE; PROVINCE; REGIONS; SYSTEMS,"Rice production is the agricultural activity with the highest energy consumption and carbon emission intensity. Water and fertilizer management constitutes an important part of energy input for rice production and a key factor affecting greenhouse gas emissions from paddy fields. Water-fertilizer integration management (AIM) is an automated water and fertilizer management system for large-scale rice production, which can effectively save water and fertilizer resources. At present, the energy utilization and environmental impact of AIM in rice production are not clear. To clarify whether AIM is a water and fertilizer management measure that combines energy conservation and carbon emission reduction, a comparative study between the widely used farmers' enhanced water and fertilizer management (FEM) in China and AIM was conducted in this paper. Field experiments were conducted to evaluate the rice yield, carbon emission, energy utilization, and economic benefits of the two management methods. The results showed that AIM reduced water and fertilizer inputs, energy inputs, and economic costs by 12.18-28.57%, compared to FEM. The energy utilization efficiency, energy profitability, and energy productivity under AIM were improved by 11.30-12.61%. CH4 and N2O emissions and carbon footprint were reduced by 20.79%, 6.51%, and 16.39%, respectively. Compared with FEM, AIM can effectively improve the utilization efficiency of water and fertilizer resources and reduce carbon emissions. This study presents a mechanized water and fertilizer management approach suitable for large-scale rice production systems in China. By analyzing rice yield, resource utilization efficiency, and environmental benefits, AIM can serve as a crucial management strategy for enhancing productivity, economic returns, and environmental conservation within profitable rice production systems. In the future, further investigation into the impact of AIM on the microbial mechanisms underlying rice yield formation and greenhouse gas emissions is warranted."
WOS:001658468100001,2026,English,Article,Virtual Water and Agricultural Sustainability: Unraveling the Trade-Water Nexus in Ecuador's Crop Sector Through Empirical Modeling,Ecuador; virtual water trade; water footprint; food security; Logarithmic Mean Divisia Index (LMDI),,"Freshwater scarcity increasingly constrains agricultural sustainability and global food security, particularly where crop production and trade shape national water balances. This study quantifies Ecuador's green (soil moisture/rainfall) and blue (surface and groundwater) virtual water flows associated with seven strategic crops (banana, cocoa, pineapple, maize, rice, barley and potato) from 2000 to 2023 using the Hoekstra-Mekonnen accounting framework, and FAOSTAT production and bilateral trade data. Furthermore, Logarithmic Mean Divisia Index (LMDI) decomposition analysis was applied to identify the key drivers influencing virtual water trade, including economic growth, population, product structure, and water intensity. Results reveal that Ecuador operates as a persistent net exporter of virtual water, with export flows dominated by green water, reflecting the country's reliance on rainfall-supported production. Virtual water exports increased from 3000 to >15,000 Mm(3)<middle dot>yr(-1) over the study period, while imports remained substantially smaller, confirming Ecuador's structurally export-oriented agricultural economy. The LMDI outcomes show that export growth is driven primarily by economic expansion (8.28 x 10(8) m(3)) and shifts in the crop export mix, partially offset by improvements in water intensity. These findings highlight Ecuador's vulnerability to trade-related water pressures and demonstrate the value of virtual water indicators for guiding water governance and SDG-aligned trade strategies, thereby promoting the decoupling of economic growth from water resource consumption and connecting virtual water trade to domestic water scarcity."
WOS:001365600800001,2024,English,Article,Identifying the Complexity of the Food-Energy-Water Nexus Based on Emergy Analysis in Crop Production Systems of China,food-energy-water; crop production system; spatiotemporal changes; emergy analysis; China,TRADE-OFFS; SUSTAINABILITY; FOOTPRINT; SECURITY; LAND; CONSTRAINTS; MANAGEMENT; SERVICES; SUPPORT; POLICY,"To elucidate the food-energy-water (FEW) nexus, the paper proposes a framework for multifunctional development objectives within the context of CPSs, integrating emergy analysis and the coupled coordination model. The article's primary focus is on the utilization of blue and green water in the cultivation of a variety of food crops and the acquisition of purchased energy. The paper was evaluated according to three key indicators: stability, development, and sustainability. Furthermore, a quantitative evaluation of the trade-offs among the FEW nexus and its constituent sub-nexuses was conducted over the period from 2000 to 2022. The study revealed that China has witnessed an expansion in its total CPS inputs, with renewable inputs accounting for 32.89% and an average annual input-output ratio of 37.98%. The annual emergy values for food, energy, and water resources were 6.85 x 1023 Sej, 1.43 x 1023 Sej, and 7.91 x 1022 Sej, respectively. The annual growth rates were 2.16%, 2.11%, and 0.77%, respectively. The CPS exhibits an average proportion of green and blue water resources of 64.37% and 35.63%, respectively. The coupling coordination of the FEW nexus demonstrates a transition between years from mild dysfunctional recession to quality coordinated development, with the coordinated use of FEW resources increasing for maize, largely maintained for rice, and decreasing for wheat, soybean, and potato. The objective of this study is to provide differentiated strategies for regional food conservation and sustainable development worldwide."
WOS:001788155500001,2026,English,Article,Improving net carbon balance and irrigation water productivity of subtropical organic double-rice cropping through a near-saturation water-saving management,Organic rice farming; Near-saturation; Water-saving; CH4 mitigation; Net carbon balance; Irrigation water productivity,NITROUS-OXIDE EMISSIONS; N2O EMISSIONS; STRAW INCORPORATION; METHANE EMISSION; USE EFFICIENCY; PADDY FIELDS; SOIL; SYSTEMS; YIELD; CH4,"Organic rice farming sustains soil productivity but risks elevated greenhouse gas (GHG) emissions from organic inputs, which can be mitigated by optimizing water-saving irrigation and implementing regenerative practices like cover cropping. Compared to the most common water-saving irrigation (-15 cm water level threshold), a more conservative near-saturation approach (reflooding at 0 cm) offers a potential paradigm for stabilizing yields; however, its integrated impact on the net carbon (C) outcomes remains poorly understood. This study evaluated a near-saturation water-saving strategy and winter cover cropping [Tartary buckwheat (Fagopyrum tataricum)] to improve net C balance characteristic of subtropical organic double-rice systems in Taiwan (2023-2024). Compared to continuous flooding (CF), the near-saturation threshold significantly reduced cumulative CH4 emissions and net GHG intensity by approximately 29% (1.37 vs. 0.97 Mg CO2-eq Mg-1 grain) while maintaining stable grain yield (similar to 5.24 Mg ha(-1)). Irrigation water productivity improved by 16.5% (0.92 vs. 0.79 kg grain m(-3) irrigated water) under this near-saturation management. Furthermore, the near-saturation strategy resulted in a 17.3% reduction (CF: 23.32 Mg CO2-eq ha(-1) vs. water-saving: 19.28 Mg CO2-eq ha(-1)) in the net ecosystem C source strength (net GHG emissions minus soil organic C sequestration) through the substantial CH4 mitigation over the two-year period. Winter cover crop incorporation did not significantly influence GHG dynamics or crop productivity. These results demonstrate that a precision near-saturation threshold optimizes the environmental footprint of organic rice farming by significantly reducing net C source strength and improving water performance without compromising yield stability."
WOS:001148907900001,2024,English,Article,Assessment of Blue Water Migration and Efficiency in Water-Saving Irrigation Paddy Rice Fields Using the Water Flow Tracking Method,agricultural water management; irrigation and drainage patterns; water balance; field observation; fuzzy comprehensive evaluation,CROP PRODUCTION; FOOTPRINT REDUCTION; MANAGEMENT; SCARCITY; IMPACTS; YIELD; WHEAT,"Although irrigation systems largely sustain global agricultural production, their efficiency is often alarmingly low. While irrigation water (blue water) is critical for the water-saving irrigation of rice with a high water demand, the process and efficiency of irrigation water utilization need clarification. In this study, we examined the three commonly used irrigation and drainage patterns (frequent shallow irrigation (FSI), wet and shallow irrigation (WSI), and rain-catching and controlled irrigation (RCI)) in rice fields. We developed a tracking method for irrigation water flow decomposition, which includes irrigation water evapotranspiration (IET), irrigation water drainage (IDR), irrigation water leakage (IPC), and irrigation water field residual (IRE). Using this method, we established an irrigation water efficiency evaluation index system and a comprehensive evaluation method. Our tracking method is relevant to describing the irrigation water performance under varying irrigation and drainage patterns. The results revealed that the average irrigation water input for the three irrigation and drainage patterns between 2015 and 2018 was roughly 312.5 mm, wherein IET accounted for 148 mm. However, more than 50% of the irrigation water outflow, comprising IDR, IPC, and IRE, exceeded the total amount of irrigation water input. The mean values of the gross irrigation efficiency (GIE), net irrigation efficiency (NIE), and effective consumption ratio (ECR) for all treatments in the three-year period were 0.63, 0.47, and 0.75, respectively. Additionally, the irrigation water use efficiency was significantly higher in dry years compared to wet years. The fuzzy composite rating values of the three irrigation and drainage models from 2015 to 2018 were RCI, WSI, and FSI, in descending order, under varying precipitation conditions. The RCI patterns maintained a high composite rating value (greater than 3.0) under different precipitation conditions. Previous efficiency calculations disregarded the blue-green water migration process and did not differentiate the blue-green water flow direction in agricultural fields, creating significant biases in the outcomes. This study's method offers a new approach to evaluate the use of blue water resources in farmland."
WOS:001390953200004,2024,English,Article,Water and Future Markets in Pakistan: A Dynamic CGE-Water Framework,Water; Welfare; Agriculture; Industry; Trade; Climate change,CLIMATE-CHANGE; AGRICULTURE; ADAPTATION; FOOTPRINT; SCARCITY; IMPACTS,"The demand for freshwater is growing rapidly in Pakistan due to rising agricultural cultivation and its inten- sification. In addition, the fast-growing population in the country (almost 2% per annum) and industrial growth are also adding to the rising water demand in the country. This study specifically delves into how the rapid increas- ing population affect the water prices in Pakistan and discusses the resulting structural changes in the economy where the water supply remains the same. The simulation results of our dynamic CGE model reveal an 11% rise in water prices by 2040, influencing agricultural costs and diminishing outputs, notably in staple crops like rice and wheat. The burgeoning populace introduces surplus labor, impacting real wages and triggering a structural trans- formation in production, evidenced by declining agricultural sectors but a rise in meat and industrial production. Altering dietary patterns are anticipated, favoring meat over cereals. Trade dynamics exhibit declines in staple crop exports but significant rises in fishing and service sector exports. Escalating water costs drive up imports of water- intensive crops, aggravating strain on the agricultural sector. Despite an improved trade balance, the welfare loss of population growth exceeds $2 billion, signifying a need for urgent intervention."
WOS:001027591900001,2023,English,Article,"Effect of different rice planting methods on the water, energy and carbon footprints of subsequent wheat",direct-seeded rice; wheat; footprint; energy; production efficiency; net ecosystem economic benefits,GREENHOUSE-GAS EMISSIONS; CROP MANAGEMENT-PRACTICES; USE EFFICIENCY; OPTIMIZATION APPROACH; SENSITIVITY-ANALYSIS; ECONOMICAL ANALYSIS; PRODUCTION SYSTEMS; TILLAGE PRACTICES; USE PATTERN; CULTIVATION,"The rice-wheat rotation system is an important planting system in the middle and lower reaches of the Yangtze River. Studies on the effects of different rice planting methods on the water, energy, and carbon footprints of subsequent wheat have rarely been reported. In this study, the effects of different rice cultivation practices on the water, energy, and carbon footprints of subsequent wheat were investigated among different rice-wheat rotation systems including dry direct-seeded rice (DSR)-wheat rotation, wet direct-seeded rice (WSR)-wheat rotation and transplanted rice(TPR)-wheat rotation. Results showed that the yield of wheat after DSR was 8,552 kg ha(-1), which was 14.61 and 4.72% higher than the yields after WSR and TPR, respectively. In addition, the water and carbon footprints of wheat after DSR were lower than those after WSR and TPR, while its energy and carbon production efficiencies and net ecosystem economic benefits were higher than those after WSR and TPR. Notably, the use of fertilizers and fuel are the two major contributors to the high energy inputs and greenhouse gas emissions in wheat production. In summary, wheat after DSR has higher ecological and economic benefits, and we recommend that it be promoted as the preferred wheat planting model in rice-wheat rotation areas."
WOS:001133864900001,2023,English,Article,Land suitability class and implications to Land-Water-Food Nexus: A case of rice cultivation in Thailand,Nexus; Rice; Land suitability; Water scarcity footprint; Geographic information system (GIS),ENERGY-FOOD; AGRICULTURAL LAND; CONSUMPTION; CROPS; FLOWS,"Arable land and water resource scarcity for food production to fulfill the growing demand is a global challenge. Expansion of rice cultivation in Thailand without planning increases land and water depletion especially for the low-productivity rice cultivation areas. The Thai government has an agricultural zoning policy on promoting rice cultivation using land suitability classes for efficient use of land and costs; however, there is still some rice grown on land with low suitability. The study evaluated the land suitability class implications on major and second rice cultivation in view of the Land-Water-Food Nexus performance using Chainat, a key province of rice cultivation in Thailand, as the study area. The land and water intensity indicators were calculated using a normalized approach as the Land-Water-Food Nexus Index (LWFNI). The geographic information system (GIS) tool was used to analyze land-use classification, interpolate the rainfall, and overlay the land suitability classification with the Land-Water-Food Nexus of rice. Rice cultivation on highly suitable areas has a higher LWFNI score for resource efficiency and economic value. Scenarios were considered for changing rice cultivation in marginally and unsuitable areas to alternative crops to conserve water and reduce costs. The option for alternative crops to replace the base case with major rice and mungbean scenario was the most water-saving at about 3,601 m3/ha/year and made a profit increase of about 84,106 baht/ha. Additionally, the major rice and peanut scenario achieved the most profit increase of about 302,366 baht/ha and saved water at about 2,081 m3/ha/year."
WOS:001276798400042,2024,English,Article,"Designing a productive, profitable integrated farming system model with low water footprints for small and marginal farmers of Telangana",Small and marginal farmers; Integrated farming system; Telangana; Sustainable yield index; Water footprint,LIVELIHOOD; SECURITY,"In the years 2021-2022 and 2022-2023, an experiment was carried out at the IFS Unit, College of Agriculture, PJTSAU, Rajendranagar in order to determine the best one-acre integrated farming system model for Telangana's small and marginal farmers. Seven farm models among which six models were developed by combining the various components i.e., cropping systems, fruit cropfodder crops and livestock components, in different proportions, and compared with rice-groundnut system which is a major farming approach in Telangana using randomized block design. The seven models were as follows: M1: Rice-Groundnut; M2: Rice-Groundnut, Pigeonpea + Sweetcorn (1:3)-Bajra, Bt cotton + Greengram (1:2)-Maize; M3: Rice-Groundnut, Pigeonpea + Sweetcorn (1:3)-Bajra, Pigeonpea + Maize (1:3)-Sunhemp; Napier grass, Sheep (5 + 1); M4: Rice-Groundnut, Pigeonpea + Sweetcorn (1:3)-Bajra, Bt cotton + Greengram (1:2)-Maize, Pigeonpea + Maize (1:3)-Sunhemp, Poultry unit; M5: Guava, Hedge Lucerne, Napier grass, Bt cotton + Greengram (1:2)-Maize, Sheep (5 + 1); M6: Guava, Bt cotton + Greengram (1:2)-Maize, Rice-Groundnut, Poultry; M7: Rice-Groundnut, Pigeonpea + Sweetcorn (1:3)-Bajra, Pigeonpea + Maize (1:3)-Sunhemp; Napier grass, Hedge lucerne, Poultry (100), Sheep (5 + 1). Based on a 2-year average, the Model M7 system produced 9980 Rice Grain Equivalent Yield(RGEY)kg of output per acre, with gross and net returns of (sic)210,439 and (sic)124,953 respectively, and recovered a B:C ratio of 2.46. It has recorded highest sustainable yield index (SYI) of 0.673 and value index of 0.772 with the lowest water footprint of 259.0 L/kg. This study reveals that adopting an integrated farming system is the optimal approach for effectively combining productive, financially rewarding, and diversified enterprises within a single acre of land.d. This system should be recommended for maximum benefits to smallto small and marginal farmers in Telangana's southern hills and plateau."
WOS:001064941300001,2023,English,Article,Resilience assessment of blue and green water resources for staple crop production in China,Water footprint; Social-ecological system; Resistance; Absorptive capacity; Adaptive capacity; Transformative capacity,SUSTAINABLE DEVELOPMENT; CLIMATE-CHANGE; SYSTEM; TRANSFORMATION; PRINCIPLES; MANAGEMENT; FOOTPRINTS; FRAMEWORK; LAND,"Blue water (irrigation water) and green water (soil moisture), as natural bases in crop production, are vulnerable to natural and socioeconomic disturbances. However, quantitative resilience assessments of blue and green water for crop production are still lacking. Here we constructed a social-ecological based general water resilience assessment framework that distinguishes blue and green water for crop production in four dimensions, including resistance, absorptive capacity, adaptive capacity and transformative capacity. The framework was applied to quantify the spatiotemporal characteristics of water resource resilience for three staple crops (rice, wheat, and maize) at provincial level in mainland China over 2000-2017. Results indicate that water resilience related to crop production of China as a whole was at the lower-middle level over the study period. The green water resilience had higher initial performance, while the blue water resilience had a faster growth rate (>50%). The performance of adaptive and transformative capacity was 8.9 similar to 153.7% better than resistance and absorptive capacity. There were significant heterogeneities in the water resilience score among crops and in time and space. Wheat had the highest resilience of green water, while its blue water resilience was the lowest among the three crops. The water resilience for crop production varied by up to 2.4-fold across provinces. Synergies and trade-offs among the four dimensions of water resilience were further evaluated. The current study provides an effective approach for assessing the state and progress of resilience of regional water resources for crop production."
WOS:000416616100015,2018,English,Article,Can productivity and profitability be enhanced in intensively managed cereal systems while reducing the environmental footprint of production? Assessing sustainable intensification options in the breadbasket of India,Sustainable intensification; Zero-tillage; Global warming potential; Terminal heat stress; Direct-seeded rice; Sustainability,RICE-WHEAT ROTATION; DIRECT-SEEDED RICE; AEROBIC MONOCROPPING RESPONSES; CROP ESTABLISHMENT METHODS; CONSERVATION AGRICULTURE; GANGETIC PLAINS; SOUTH-ASIA; PHYSICAL-PROPERTIES; WEED MANAGEMENT; HAPPY SEEDER,"In the most productive area of the Indo-Gangetic Plains in Northwest India where high yields of rice and wheat are commonplace, a medium-term cropping system trial was conducted in Haryana State. The goal of the study was to identify integrated management options for further improving productivity and profitability while rationalizing resource use and reducing environmental externalities (i.e., ""sustainable intensification"", SI) by drawing on the principles of diversification, precision management, and conservation agriculture. Four scenarios were evaluated: Scenario 1 - ""business-as-usual"" [conventional puddled transplanted rice (PTR) followed by (fb) conventional-till wheat]; Scenario 2 - reduced tillage with opportunistic diversification and precision resource management [PTR fb zero-till (ZT) wheat fb ZT mungbean]; Scenario - ZT for all crops with opportunistic diversification and precision resource management [ZT direct-seeded rice (ZT-DSR) fb ZT wheat fb ZT mungbean]; and Scenario 4 - ZT for all crops with strategic diversification and precision resource management [ZT maize fb ZT wheat fb ZT mungbean]. Results of this five-year study strongly suggest that, compared with business-as-usual practices, SI strategies that incorporate multi-objective yield, economic, and environmental criteria can be more productive when used in these production environments. For Scenarios 2,3, and 4, system level increases in productivity (10-17%) and profitability (24-50%) were observed while using less irrigation water (15-71% reduction) and energy (17-47% reduction), leading to 15-30% lower global warming potential (GWP), with the ranges reflecting the implications of specific innovations. Scenario 3, where early wheat sowing was combined with ZT along with no puddling during the rice phase, resulted in a 13% gain in wheat yield compared with Scenario 2. A similar gain in wheat yield was observed in Scenario 4 vis-a-vis Scenario 2. Compared to Scenario 1, wheat yields in Scenarios 3 and 4 were 15-17% higher, whereas, in Scenario 2, yield was either similar in normal years or higher in warmer years. During the rainy (kharif) season, ZT-DSR provided yields similar to or higher than those of PTR in the first three years and lower (11-30%) in Years 4 and 5, a result that provides a note of caution for interpreting technology performance through short-term trials or simply averaging results over several years. The resource use and economic and environmental advantages of DSR were more stable through time, including reductions in irrigation water (22-40%), production cost (11-17%), energy inputs (13-34%), and total GWP (14-32%). The integration of ""best practices"" in PTR in Scenario 2 resulted in reductions of 24% in irrigation water and 21% in GWP, with a positive impact on yield (0:9 t/ha) and profitability compared to conventional PTR, demonstrating the power of simple management changes to generate improved SI outcomes. When ZT maize was used as a diversification option instead of rice in Scenario 4, reductions in resource use jumped to 82-89% for irrigation water and 49-66% for energy inputs, with 13-40% lower GWP, similar or higher rice equivalent yield, and higher profitability (27-73%) in comparison to the rice based scenarios. Despite these advantages, maize value chains are not robust in this part of India and public procurement is absent. Results do demonstrate that transformative opportunities exist to break the cycle of stagnating yields and inefficient resource use in the most productive cereal-based cropping systems of South Asia. However, these SI entry points need to be placed in the context of the major drivers of change in the region, including market conditions, risks, and declining labor availability, and matching with the needs and interests of different types of farmers."
WOS:001149690700001,2024,English,Article,Blue-green water migration and utilization efficiency under various irrigation-drainage measures applied to a paddy field,Agro-hydrology; Blue-green water; Water use efficiency; Irrigation-drainage measure; Paddy rice,FOOTPRINT; PRODUCTIVITY; CLIMATE; MAIZE,"Study region: The study area was Nanjing, Jiangsu Province, eastern China.Study focus: Blue-green water utility assessment in crop cultivation is profound to better sustainability of regional resources, agriculture and ecosystems. The aim of current study is to establish a blue-green water differentiation and efficiency evaluation methods for paddy fields, based on daily water migration observation under four irrigation-drainage protocols. The bluegreen water use performance under different irrigation-drainage protocols and precipitation patterns in paddy fields and the advantage of the water resources analysis model proposed in the current study were analyzed and discussed.New hydrological insights for the region: The green and blue water efficiency indices (GWE and BWE) were significantly affected by precipitation. GWE (0.495) was 35.1% higher in dry years than in wet years, and BWE was mainly affected by precipitation distribution during the crop growth season. The green and blue water productivity indices (GWP and BWP) showed pronounced differences among various irrigation-drainage measures, and the controlled irrigation (COI) performs the best. BWE and GWP obtained by previous method were 48.9% and 38.9% greater than those reported here, showing that the neglect of interactive blue-green water migration process would overestimate the field irrigation efficiency. The methods employed and results obtained in the present study suggest that it is important to assess the water footprint and blue-green performance for crop cultivation systems."
WOS:001132078200001,2023,English,Article,Balancing water use and nutrition for crop production in a highly dense population - Bangladesh,Crop water consumption; Carrying capacities of freshwater; Nutrient density score; Sustainable crop production and consumption,ENVIRONMENTAL IMPACTS; CLIMATE-CHANGE; CONSUMPTION; FOOTPRINT; BIODIVERSITY,"The challenge of sustainably feeding billions of people, particularly in highly populated emerging economies, such as Bangladesh, requires addressing the environmental consequences of crop production, such as sustainable water use in agriculture. Here, we assessed the sustainability of crop water use and analyzed the balance of water use and nutrient density by integrating the crop water use and nutritional provision data with a hydrological model, WaterGAP 2.2d. Findings revealed that Bangladesh overconsumed approximately 20 billion m3 of freshwater (19 % of total water consumption) owing to crop production during 2000-2016, with rice being a key crop. Shifting crop consumption from rice to alternative crops, such as potatoes, sweet potatoes, and maize, can improve both nutritional adequacy and sustainable water use. The analytical framework supports sustainable crop production by identifying key crops and watersheds that can contribute to sustainability, considering both sustainable water use and nutritional adequacy."
WOS:000826826300002,2022,English,Article,Inputs for staple crop production in China drive burden shifting of water and carbon footprints transgressing part of provincial planetary boundaries,Crop production; Agricultural inputs; Water footprint; Carbon footprint; Planetary boundary; China,GREENHOUSE-GAS EMISSIONS; USE EFFICIENCY; CLIMATE-CHANGE; WHEAT; BLUE; CONSUMPTION; TRANSFERS; IMPACT,"Crop production is the biggest water user and key contributor to anthropogenic greenhouse gas emissions. Increasing crop yields to ensure adequate food supply under water and land scarcity is excessively dependents on intensive agricultural inputs (such as fertilizers, pesticides, agri-films, or energy), resulting in unintended environmental consequences. Supply chains bringing environmental-intensive inputs from their place of production to the croplands. However, most food-related environmental assessments ignore the environmental burden of agricultural input production, trade, and consumption. Here, we estimate spatially-detailed water (WF) and carbon footprints (CF) of wheat, maize, and rice production in China with extended system boundary from upstream raw material mining to the field. The agricultural inputs account for up to 24% and 89% of a crop's WF and CF, respectively, at the provincial level. The total local generated WF in Chinese northern provinces and CF in Shanxi and Inner Mongolia provinces for producing crops and agricultural inputs transgresses the corresponding downscaled blue water and carbon planetary boundaries. The study broadens the scope of traditional environmental impact assessments in agricultural production and sheds light on the significances to manage the linkages between the crop production and the agricultural inputs' upstream supply chains towards more efficient water use and less greenhouse gas emissions in food system."
WOS:000869916900001,2023,English,Article,Developing a new water-energy-food-greenhouse gases nexus tool for sustainable agricultural landscape management,crop pattern; economic productivity; energy; food nexus; greenhouse gas; index development; optimization; sustainable development; water,CARBON FOOTPRINT; CROP PRODUCTION; EMISSIONS; SYSTEMS; INPUTS,"A new comprehensive water, energy, food, greenhouse gas (WEFG) nexus index was developed to capture the interrelationships between them. A total of 11 indicators were applied to consider the interplay of resources consumption, productivity, economic issues, and carbon emission as one of the most critical issues regarding sustainable agricultural development. The proposed WEFG index was evaluated for crop pattern optimization. The results showed that the WEFG ranged from 0.162 to 0.658, which were calculated respectively for almonds and rice due to their energy consumption and carbon emission levels. The optimal cultivation pattern based on WEFG leads to 11% and 15.8% reductions in water and energy consumption, even with a 2.3% increase in cultivation area. The estimated profit for optimal pattern based on WEFG decreased by 13.67% due to lower cultivation levels of high-yield crops such as onion and potatoes. However, the optimal cultivation pattern based on the WEFG index has decreased greenhouse gas emissions by 2%, leading to sustainable agricultural management. Therefore, the presented WEFG nexus index can be a practical metric for sustainable planning and management in the agriculture sector."
WOS:000829575800001,2022,English,Article,Climate change impacts on water sustainability of South African crop production,water sustainability; water debt indicator; South African crop production; water resources; food security; water footprint; climate change,FOOTPRINT ASSESSMENT; YIELD; DROUGHT; SORGHUM,"Agricultural production in arid and semi-arid regions is particularly vulnerable to climate change, which, combined with projected food requirements, makes the sustainable management of water resources critical to ensure national and global food security. Using South Africa as an example, we map the spatial distribution of water use by seventeen major crops under current and future climate scenarios, and assess their sustainability in terms of water resources, using the water debt repayment time indicator. We find high water debts, indicating unsustainable production, for potatoes, pulses, grapes, cotton, rice, and wheat due to irrigation in arid areas. Climate change scenarios suggest an intensification of such pressure on water resources, especially in regions already vulnerable, with a country-scale increase in irrigation demand of between 6.5% and 32% by 2090. Future land use planning and management should carefully consider the spatial distribution and local sustainability of crop water requirements to reduce water consumption in water risk hotspots and guarantee long-term food security."
WOS:000780533100001,2022,English,Article,"Savings and Losses of Scarce Virtual Water in the International Trade of Wheat, Maize, and Rice",international cereal trade; virtual water trade; water scarcity; water savings and losses; virtual scarce water,FOOD-CONSUMPTION; FOOTPRINT; RESOURCES; POLLUTION; IMPACTS; FLOWS,"The international cereal trade can mitigate global water stress by saving virtual scarce water (VSW). Based on bilateral trade data, this study assessed VSW savings and losses in the international trade of three major cereals (i.e., wheat, maize, and rice) from 2008 to 2017 by incorporating the water stress index (WSI) into a virtual water assessment. We found that the trade in wheat and maize saved a significant amount of VSW, while the rice trade led to increasingly severe losses of VSW. This study identified the top trades of VSW savings and losses for each cereal. Wheat and maize were primarily exported from the countries that are relatively abundant in water resources (e.g., United States, Brazil, Argentina, Russia) to water-scarce countries (e.g., Mexico and Egypt), whereas rice was exported mainly from India and Pakistan, two of the most water-stressed countries. We suggest that policy makers consider VSW savings and losses when making cereal trading decisions to alleviate global water stress."
WOS:000895695000006,2021,English,Article,"Synergies and tradeoffs among yield, resource use efficiency, and environmental footprint indicators in rice systems",Rice; Sustainability; Carbon footprint; Nitrogen use efficiency; Environmental impact; Tradeoffs,GREENHOUSE-GAS EMISSIONS; SUSTAINABLE INTENSIFICATION; MANAGEMENT-PRACTICES; NITROGEN-FIXATION; IMPACT ASSESSMENT; FARMING SYSTEMS; WHITE CLOVER; ENERGY; SOILS; WATER,"A major question facing global rice systems is the extent to which yield and resource use efficiency indicators can be simultaneously optimized to sustainably meet future food demand. However, research approaches for evaluating synergies and tradeoffs among multiple indicators have been limited to date. Using the case study of rice production in Uruguay, we quantified five cropping system performance indicators at the farm-level from 2012 to 2017, covering approximately 40% of national rice area. Results suggest that maximizing performance in one indicator is associated with tradeoffs for other indicators, with no farm simultaneously ranking as a topperformer (defined as top 10% of farms) across all indicators. The gaps between the average and topperforming farms were largest for agrochemical contamination risk (33%) and smallest for yield (11%). Comparing the groups of top-performing farms within each indicator revealed opportunities for improving system-level performance via synergistic effects between yield and resource use efficiencies, but not between carbon footprint, agrochemical contamination risk, and other indicators. Importantly, synergistic effects were more pronounced for farms at lower compared to higher productivity levels, suggesting less room for sustainability improvements at higher yield levels, unless yields can be further increased without elevated inputs. Important factors to improve the aggregated sustainability index included N fertilizer rate and seeding date. With potential application to rice production systems worldwide, this study highlights an integrated research approach for quantifying synergies and tradeoffs among multiple indicators to understand opportunities for increasing crop yields without negatively impacting resource use efficiency and environmental footprint."
WOS:000435188000032,2018,English,Article,Carbon Footprint and Driving Forces of Saline Agriculture in Coastally Reclaimed Areas of Eastern China: A Survey of Four Staple Crops,saline agriculture; coastally reclaimed area; staple crops; life cycle assessment; carbon footprint; Greenhouse Gas Emissions,GREENHOUSE-GAS EMISSIONS; ENERGY USE; CYCLE; SYSTEMS; FEEDS,"Carbon emissions have always been a key issue in agricultural production. Due to the specific natural factors in the soil of saline agriculture, there are distinctive characteristics in saline agricultural production as compared with traditional agricultural zones. Here, we have adopted the theory of life cycle assessment and employed the Intergovernmental Panel on Climate Change (IPCC) greenhouse gas (GHG) field calculation to estimate the GHG emissions, derived from the staple crop productions (i.e., barley, wheat, corn and rice). In addition, our study further analyzed the main driving forces of carbon emissions and proposed some effective measures to reduce them. Our results have showed that: (1) carbon footprint from the four crops in the study area varies from 0.63 to 0.77 kg CO2 eq.kg(-1), which is higher than that from traditional agriculture; (2) GHG emissions from Fertilizer-Nitrogen (N) manufacture and inorganic N application have contributed to the greatest percentage of carbon footprint. Compared with traditional agricultural zones, fertilizer-N application and paddy irrigation involved with crop productions have overall greater contributions to carbon footprint; (3) carbon emissions from saline agriculture can be reduced significantly by planting-breeding combination to reduce the amount of N fertilizer application, improving the traditional rotation system, and developing water-saving agriculture and ecological agriculture."
WOS:000642482900001,2021,English,Article,The Land-Water-Food-Environment nexus in the context of China's soybean import,Land-water-food-environment nexus; Nitrogen application; Soybean trade; Virtual water; Virtual land,ALTERNATIVE CROPPING SYSTEMS; VIRTUAL WATER; INTERNATIONAL-TRADE; DRIVING FACTORS; FOOTPRINT; ENERGY; CONSUMPTION; TRANSFERS; SECURITY; LOSSES,"Soybean import accounts for 90% of China's total domestic soybean supply. Such import has a substantial impact on how the country's resources are used as well as on its environment. In this study, we performed a national-scale assessment of the impact of soybean import on domestic cropland conversion, crop production, water use and nitrogen (N) fertilizer application. Results show that soybean production in China decreased by 26% (4.46 million tons) and sown areas were reduced by 25% (2.39 million ha) from the peak of 2004 to 2016. Of the areas taken out of the soybean production, 70% were converted to maize, 20% to rice, 3% to vegetables and 7% to fruits during this period. As a result of the cropland conversion, the production of maize, rice, vegetables and fruits increased by 10.42, 3.34, 2.49 and 3.26 million tons respectively. However, irrigation water use in the areas that were converted to the cultivation of the four types of crops increased by 96.42% (3.05 km(3)), with much of it coming from northern provinces where water is generally scarce. The application of N fertilizer increased by 256.65 thousand tons (almost 5 times) on the converted areas, partly due to the loss of the N-fixing soybean cultivation. Although a large quantity of virtual water and land were imported through soybean trade, the water use and N application were increased in reality. The analysis of the land-water-food-environment nexus in the context of soybean import provides comprehensive and useful information about the benefits and trade-offs associated with China's international soybean trade."
WOS:000747756400001,2022,English,Article,Planting Period Effects on Wheat Productivity and Water Footprints: Insights through Adaptive Trials and APSIM Simulations,adaptive trials; APSIM modelling; blue water; sowing time; water productivity,PHOSPHOGYPSUM-ENRICHED UREA; SUMMER FORAGE CROPS; TRITICUM-AESTIVUM; USE EFFICIENCY; CLIMATE-CHANGE; IRRIGATION REGIMES; SOIL QUALITY; YIELD; RICE; FERTILIZATION,"Scarcity of fresh water and climate change are the two main threats for wheat production in South Asia. Tweaking wheat planting period could be an effective cost-smart strategy to mitigate these stresses. To evaluate the performance of three leading wheat varieties under different planting periods in pragmatic on-farm environments, trials were carried out during 2019-2020 and 2020-2021. Further, to have greater insights on long-term temporal scale, 22 years (2000 to 2021) of crop simulation data were analyzed to identify the optimum planting period of wheat for higher yield and water productivity using the APSIM cropping systems simulation model. The result showed that first fortnight of November (PD1)-sown crop resulted in higher grain yield and more irrigation water use efficiency. Wheat sown during PD1 and in the second fortnight of November (PD2) had 20-25% lower blue water requirement than the second fortnight of December (PD4) crop in the long run. To produce one tonne of wheat grain required an additional 20, 60 and 83 m(3) irrigation water when the crop was sown at PD1, PD2, PD3 (first fortnight of December) and PD4, respectively. It was observed that PD4 reduced wheat yields by 20-22% compared to sowing on PD1 and PD2 and every 15 days' delay in wheat planting after 15 November reduced the length of the crop growing season by 4-5 days. Hence, the early wheat planting is proven superior in harnessing maximum yield with minimum burden on blue water resources."
WOS:000808595200001,2022,English,Article,An Analysis of Water Use Efficiency of Staple Grain Productions in China: Based on the Crop Water Footprints at Provincial Level,water footprint of grain production; green water footprint; blue water footprint; agricultural water productivity; water use efficiency; North-to-South Grain Transportation; sustainable water use,WINTER-WHEAT; GREEN; BLUE; PERSPECTIVE; MANAGEMENT; RESOURCES,"This article analyzed the water use efficiency of China's staple grain productions (maize, rice, and wheat). This research calculated the water footprints of crop production using the CROPWAT model based on reported water use in 2000 and during 2015-2019, and both green and blue water footprints were calculated. The results showed that compared to 2000 water use efficiency of crop production for maize, rice and wheat during 2015-2019 were increased by about 12.4%, 10.8%, and 2.5% respectively. The current spatial structure of the stable grain industry that makes up grain production regions are concentrated in northern China, then grains are distributed across China (North-to-South Grain Transportation). This has advantages in the increase of agricultural water productivity. This research indicated that agricultural policies should further consider an advance of regional grain production, along with the optimization of transportation channels for stable grains to increase irrigation water use efficiency. The establishment of staple grain production in designated areas not only ensures China's food security, but also promotes the sustainable use of irrigation water resources."
WOS:000861665900001,2022,English,Article,"The water-energy nexus in irrigated agriculture in South Asia: Critical hotspots of irrigation water use, related energy application, and greenhouse gas emissions for wheat, rice, sugarcane, and cotton in Pakistan",food-energy-water systems; energy footprint; carbon footprint; irrigation; Pakistan,REDUCING CARBON EMISSIONS; MANAGEMENT; FOOD,"Asia has a large water scarcity problem, especially in countries depending on irrigation, limiting agricultural production, and increasing food insecurity. When water becomes scarce, it needs conveyance over longer distances or pumping from deeper groundwater stocks, requiring pumping energy, often fossil energy, emitting greenhouse gasses. This causes a trade-off between irrigation water supply and fossil energy use contributing to global warming. This research focuses on the water-energy-food nexus in irrigated agriculture to improve resource management. It uses Pakistan as its case study area and assesses water consumption, energy (EFs), and carbon footprints (CFs) associated with irrigation water supply for the major crops (wheat, rice, sugarcane, and cotton) per district. The method first assesses irrigation water volumes (surface and groundwater) per crop per district and next the energy and CO2 emissions to provide this water. Data on allocated water volumes, crop areas and pumping types were taken from governmental reports. Groundwater tables and energy data were taken from scientific publication based also on actual measurements. The research identifies unfavorable hotspots and favorable areas from a water and energy perspective. Drivers determining water consumption, EFs, and CFs related to irrigation water supply show spatial and temporal differences and include crop types, temporal crop water requirements, fractions of gravity-fed and pumped water, groundwater tables, and energy sources (diesel, electric, and solar). In Pakistan, annual irrigation supply requires 103 PJ of energy generating a CF of 11 10(9) kg CO2 (6% of the national CF). Diesel pumps, pumping shallow groundwater, contribute most (73%), followed by electric pumps pumping deep groundwater. Energy for surface water pumping is negligible. Wheat contributes 31% to the EF, cotton 27%, and sugarcane and rice 21% each. CFs, caused by fossil energy use to pump irrigation water, are also dominated by wheat (32%) and cotton (31%), followed by rice and sugarcane (19% each). Ten hotspot districts contribute 42% to the EF of the major crops and increased by 21% in fourteen years. Wheat and cotton in Punjab and rice and cotton in Sindh are the most energy-intensive. EFs range between 3,500 and 5,000 TJ per district, with some districts in Punjab, the most important agricultural province, using even more. Large differences occur among EFs per unit of irrigation water, ranging between 7 and 2,260 KJ/m(3), CFs between 1 and 444 g CO2/m(3). The identification of hotspots may contribute to measures to minimize water consumption, EFs and CFs for agriculture in Pakistan. Other countries that also rely on irrigation could apply methods applied here to identify hotspots."
WOS:000443176100002,2018,English,Article,Alternative cereals can improve water use and nutrient supply in India,,FOOD-PRODUCTION; CLIMATE-CHANGE; FOOTPRINT; CROPS; AGRICULTURE; GREEN,"Humanity faces the grand challenge of feeding a growing, more affluent population in the coming decades while reducing the environmental burden of agriculture. Approaches that integrate food security and environmental goals offer promise for achieving a more sustainable global food system, yet little work has been done to link potential solutions with agricultural policies. Taking the case of cereal production in India, we use a process-based crop water model and government data on food production and nutrient content to assess the implications of various crop shifting scenarios on consumptive water demand and nutrient production. We find that historical growth in wheat production during the rabi (non-monsoon) season has been the main driver of the country's increased consumptive irrigation water demand and that rice is the least water-efficient cereal for the production of key nutrients, especially for iron, zinc, and fiber. By replacing rice areas in each district with the alternative cereal (maize, finger millet, pearl millet, or sorghum) with the lowest irrigation (blue) water footprint (WFP), we show that it is possible to reduce irrigation water demand by 33% and improve the production of protein (+1%), iron (+27%), and zinc (+13%) with only a modest reduction in calories. Replacing rice areas with the lowest total (rainfall + irrigation) WFP alternative cereal or the cereal with the highest nutritional yield (metric tons of protein per hectare or kilograms of iron per hectare) yielded similar benefits. By adopting a similar multidimensional framework, India and other nations can identify food security solutions that can achieve multiple sustainability goals simultaneously."
WOS:000839131900001,2022,English,Article,Changes in the Water-Energy Coupling Relationship in Grain Production: A Case Study of the North China Plain,water-energy relation; grain production; coupling index; FEW nexus; staple food,LIFE-CYCLE ASSESSMENT; WHEAT PRODUCTION; FOOD NEXUS; MODEL; IRRIGATION; YIELD; MANAGEMENT; FOOTPRINT; PATTERNS; IMPACTS,"Water consumption and energy consumption are inevitable in grain production, but few studies have focused on the integrated assessment of these two indicators and their relationships. To address the research deficiency, taking the North China Plain (NCP) as a case study, this paper quantifies the changes in grain crop planting structure and the accompanying changes in irrigation water consumption (IWC) and energy consumption (EC) in the NCP. On this basis, the water-energy coupling index (CI) is constructed to analyze the water-energy coupling relationship in the context of grain crop planting structure change. The results revealed that the sown area of three of the four main grain crops in the NCP, namely winter wheat, summer maize, and rice, roughly increased in the south and decreased in the north, while the sown area of spring maize increased in most counties where it was planted in the NCP from 2000 to 2015. With the change of grain crop planting structure, IWC and EC of winter wheat in the NCP decreased by 19.87 x 10(6) m(3) and 16.78 x 10(8) MJ, respectively, mainly distributed in the Beijing-Tianjin-Hebei region, while IWC and EC of other crops all increased. In terms of CI values, although that of spring maize increased, those of winter wheat, summer maize, and rice all decreased, and the overall CI values of grain production in the NCP decreased from 0.442 in 2000 to 0.438 in 2015, indicating that grain crop distribution has been optimized toward a less water- and energy-intensive and more sustainable layout in the NCP. This paper can add case and methodological support to the food-water-energy (FEW) nexus research and can also provide policy suggestions for regional crop optimization layout and conservation of both water and energy resources."
WOS:000410376100001,2017,English,Article,"An urban systems framework to assess the trans-boundary food-energy-water nexus: implementation in Delhi, India",food energy water nexus; urban system; trans-boundary infrastructure footprints; coupled water-energy-GHG footprints; supply-chain; risk; ground water vulnerability; sustainability,CARBON FOOTPRINT; CITIES; CITY,"This paper develops a generalizable systems framework to analyze the food-energy-water (FEW) nexus from an urban systems perspective, connecting in-and trans-boundary interactions, quantifying multiple environmental impacts of community-wide FEW provisioning to cities, and visualizing FEW supply-chain risks posed to cities by the environment. Delhi's community-wide food demand includes household consumption by socio-economic-strata, visitors-and industrial food-use. This demand depends 90%, 76%, and 86% on trans-boundary supply of FEW, respectively. Supply chain data reveal unique features of trans-boundary FEW production regions (e.g. irrigation-electricity needs and GHG intensities of power-plants), yielding supply chain-informed coupled energy-water-GHG footprints of FEW provisioning to Delhi. Agri-food supply contributes to both GHG (19%) and water-footprints (72%-82%) of Delhi's FEW provisioning, with milk, rice and wheat dominating these footprints. Analysis of FEW interactions within Delhi found > 75% in-boundary water-use for food is for urban agriculture and > 76% in-boundary energy-use for food is from cooking fuels. Food waste-to-energy and energy-intensity of commercial and industrial food preparation are key data gaps. Visualizing supply chains shows > 75% of water embodied in Delhi's FEW supply is extracted from locations over-drafting ground water. These baseline data enable evaluation of future urban FEW scenarios, comparing impacts of demand shifts, production shifts, and emerging technologies and policies, within and outside of cities."
WOS:000379032900005,2016,English,Article,CARBON FOOTPRINT OF THE COLOMBIAN COCOA PRODUCTION,Carbon footprint; climate changes; global warming potential; Theobroma cacao L.,LIFE-CYCLE ASSESSMENT; GREENHOUSE-GAS EMISSIONS; ENVIRONMENTAL IMPACTS; WATER FOOTPRINT; RICE PRODUCTION; CROP PRODUCTION; ENERGY; VARIABILITY; PROVINCE; NATIONS,"Cocoa is an important commercial crop in the tropics; and estimating the carbon emissions in the producing-areas is a worthwhile effort. The main goal of the current paper was to evaluate the carbon footprint (CF) per kilogram of Colombian cocoa bean produced under conventional and agroforestry managements, following the methods proposed by PAS 2050. In this research, we compared our results to other worldwide researches, showing an overview of the current limitations and challenges involving the CF researches. Our results showed that all calculated environmental burdens were lower for the conventional management. In the agroforestry practice, composting of cocoa pod husks contributed with approximately 34.00E+00 g methane and 2.55E+00 g nitrous oxide emissions per kilogram of cocoa grain produced. Therefore, such practice could reduce CF by 6.00E+00 kg CO2 Eq kg(-1), which is certainly a significant amount. These cocoa residues left on the ground have a strong impact on CF of both studied managements due to the anaerobic decomposition of organic matter, which represents more than 85% of emissions. We concluded that both evaluated production processes can emit environmental burdens at the same magnitude. Definitely, there is a widespread need to improve cocoa production system by changing old and less productive plants to the so called clones to ensure cocoa yield and quality worldwide."
WOS:000699867100001,2022,English,Article,Virtual water trade and its implications on water sustainability,virtual water export; virtual water import; virtual water trade; water footprint; water sustainability,FOOD; FOOTPRINT; SCARCITY; DEMAND; FLOWS; NEED,"Limited and declining water resources, increasing demand of water resources from different sectors has posed a major challenge for maintaining water sustainability and thus overall sustainability for a populous and water scarce country like India. Over extraction and changing climate have put additional pressure to maintain water sustainability. Therefore, there is a need of proper planning of utilization and management of water resource. Recently, virtual water trade has received much attention and become important tool for balancing the water budget. On the other hand, virtual water trade may also adversely effects on water balance of exporter's country as well as economy. Analysis of virtual water trade with its implications on water resources are missing, hence, there is a need of such analysis that will help in management of water resources. In this study an attempt is made to present a quantitative analysis of virtual water trade and its implications on water sustainability. For this study rice crop is considered only due to its characteristics as rice is major water consumer crop and water exporter crop from India."
WOS:000781277100001,2022,English,Article,Environmental Valorization of Rice Waste as Adsorbent Material for the Removal of Nitrates from Water,nitrate removal; life-cycle assessment; waste valorization; rice straw,LIFE-CYCLE ASSESSMENT; LOW-COST ADSORBENTS; STRAW; POLLUTANTS; ADSORPTION,"An innovative water-treatment process consisting in reducing the nitrate concentration by using an active silica filter obtained from ashes produced during rice-straw thermal treatment has been developed by the LIFE LIBERNITRATE project. A life-cycle assessment (LCA) was carried out to evaluate the environmental impacts of this innovative process, from the production of ashes and extraction and activation of silica to the water treatment. These results were compared to the environmental impact derived from the use of bottled water, instead of tap water, where traditional water treatments (i.e., reverse osmosis) may not be available due to the high installation and operating costs. The comparison showed that the proposed innovative process could contribute to reducing the environmental impact in almost all analyzed impact categories (from 20% for photochemical oxidation to 90% for abiotic depletion) with respect to the use of bottled water. In addition, if conveniently optimized (for example reducing the amount of active silica used per day), the innovative process could further reduce the ecological footprint and be more eco-friendly than the use of bottled water and could be applied to treating water in small towns where reverse osmosis may not be installed. The LCA proved that the innovative process could contribute to reducing the environmental impact of water-treatment technologies resulting in lower environmental indicators with respect to the use of bottled water."
WOS:000462105700028,2019,English,Article,International trade of global scarce water use in agriculture: Modeling on watershed level with monthly resolution,Water scarcity; International trade; Water footprint; Multi-regional input-output analysis; MRIO; WF; Displacement,ENVIRONMENTAL IMPACTS; VIRTUAL WATER; FOOTPRINT; INPUT; CONSUMPTION; CRITIQUE; CARBON,"Fresh water is a renewable yet limited natural resource. While abundant in some areas, fresh water is scarce in others where its consumption in agriculture leads to negative impacts on humanity, ecosystems and biodiversity. International trade in water intensive products can help to reduce water stress or may increase water consumption in water stressed regions. We attribute the share of global scarce water use by the agricultural production to individual countries and regions. We convert the volume of blue water use to cubic meters of scarce water equivalent by reflecting local and temporal water scarcity on a watershed and monthly level and allocate to final consumers, who pull the production chains. Our results indicate that international trade ""helps"" to limit water stress in arid regions, such as the Middle East region, Portugal and Mexico. However, the Middle East and Mexico still embody high scarce water use in exported products, which counter-acts stress mitigation. From the global perspective, the role of international trade in water stress mitigation is ambiguous as it enables humanity to thrive in inhospitable areas of the Middle East region; and consumption of products which are not available under domestic climatic conditions, e.g. cotton, sugar cane and rice."
WOS:000464660000036,2019,English,Article,Water Debt Indicator Reveals Where Agricultural Water Use Exceeds Sustainable Levels,sustainability; water footprint; water depletion; food production; groundwater; irrigation demand,SURFACE-WATER; GROUNDWATER; FOOD; LAND; SCARCITY; AQUIFERS; IMPACTS,"Agriculture overexploits water resources in many regions, as water stress metrics highlight. Tracing back the causes of water overuses and separately accounting for soil water, surface water and groundwater resources is an open challenge to monitor the sustainability of agricultural water use. We introduce the water debt repayment time indicator, measuring the time required to replenish water resources used for annual crop production. This indicator disentangles source- and crop-specific water overuses at a high spatial resolution. Globally, we find that wheat and rice production critically overuses groundwater resources and cotton production overuses both surface water and groundwater. Locally, unsustainable production is found over the Sabarmati Basin and in the Chao Phraya Basin, where the repayment time exceeds 5years in many cultivated areas. Critical overuses are also found over the High Plain and Indo-Gangetic Plains, where the repayment times reach 50years. Unsustainable irrigation is often a consequence of growing crops during local dry seasons."
WOS:000474419000006,2019,English,Article,Do alternative irrigation strategies for rice cultivation decrease water footprints at the cost of long-term soil health?,alternate wetting and drying; mid-season drainage; soil organic carbon; rice; carbon dioxide; methane; nitrous oxide,GREENHOUSE-GAS EMISSIONS; ORGANIC-MATTER; DRYING IRRIGATION; SAVING IRRIGATION; CARBON STOCKS; PADDY FIELDS; MANAGEMENT; YIELD; FERTILIZATION; INCREASE,"The availability of water is a growing concern for flooded rice production. As such, several water-saving irrigation practices have been developed to reduce water requirements. Alternate wetting and drying and mid-season drainage have been shown to potentially reduce water requirements while maintaining rice yields when compared to continuous flooding. With the removal of permanently anaerobic conditions during the growing season, water-saving irrigation can also reduce CO2 equivalent (CO2eq) emissions, helping reduce the impact of greenhouse gas (GHG) emissions. However, the long-term impact of water-saving irrigation on soil organic carbon (SOC)-used here as an indicator of soil health and fertility-has not been explored. We therefore conducted a meta-analysis to assess the effects of common water-saving irrigation practices (alternate wetting and drying and mid-season drainage) on (i) SOC, and (ii) GHG emissions. Despite an extensive literature search, only 12 studies were found containing data to constrain the soil C balance in both continuous flooding and water-saving irrigation plots, highlighting the still limited understanding of long-term impacts of water-saving irrigation on soil health and GHG emissions. Water-saving irrigation was found to reduce emissions of CH4 by 52.3% and increased those of CO2 by 44.8%. CO2eq emissions were thereby reduced by 18.6% but the soil-to-atmosphere carbon (C) flux increased by 25% when compared to continuous flooding. Water-saving irrigation was also found to have a negative effect on both SOC-reducing concentrations by 5.2%-and soil organic nitrogen-potentially depleting stocks by more than 100 kgN/ha per year. While negative effects of water-saving irrigation on rice yield may not be visible in short-term experiments, care should be taken when assessing the long-term sustainability of these irrigation practices because they can decrease soil fertility. Strategies need to be developed for assessing the more long-term effects of these irrigation practices by considering trade-offs between water savings and other ecosystem services."
WOS:000606742400003,2021,English,Article,Closing yield and harvest area gaps to mitigate water scarcity related to China's rice production,Yield gap; Cropping intensity; Water footprint; Cropping redistribution; Sustainable agriculture; Freshwater use,SOURCE GEOSPATIAL TOOL; FAO CROP MODEL; FOOD-PRODUCTION; IMPACTS,"Over the past decades, China's rice production area has experienced a substantial change in spatial distribution that has exacerbated national freshwater scarcity. To support the development of guidelines for sustainable water use in rice cropping, this study explores the potential for achieving a downscaled freshwater use boundary with high spatial resolution while maintaining China's current production levels. We found that, to operate within the boundary, which was defined using a water scarcity index, national irrigation water use for rice cropping should reduce by 10% in water-scarce regions, implying a 10% loss in national rice production without further intervention. However, using scenario analysis, we found that the production losses can be reduced to approximately 7% by closing yield gaps, and fully compensated by closing harvest area gaps in water-rich regions. The closing of both the yield and harvest area gaps allows an increase of 6.9 million metric tons of rice (3% of the national production). The water-rich regions which are suitable for double-rice systems show a high potential to increase rice production. The spatial redistribution of rice production under these scenarios resulted in a reduction in the national water-scarcity footprint related to rice cropping of 52-55%. These results demonstrate that, to reach the downscaled water use boundary, national redistribution of rice production is necessary and urgent. Our study provides detailed spatial information to support water and land use decisions."
WOS:000508610900002,2020,English,Article,Assessment of potential implications of agricultural irrigation policy on surface water scarcity in Brazil,,FOOTPRINT; REQUIREMENTS; GREEN; LAND; BLUE; CROPLAND; IMPACTS; SYSTEMS; SAVINGS; DEMAND,"Expanding irrigated cropping areas is one of Brazil's strategies to increase agricultural production. This expansion is constrained by water policy goals to restrict water scarcity to acceptable levels. We therefore analysed the trade-off between levels of acceptable water scarcity and feasible expansion of irrigation. The appropriateness of water use in agricultural production was assessed in categories ranging from acceptable to very critical based on the river flow that is equalled or exceeded 95 % of the time (Q(95)) as an indicator for physical water availability. The crop water balance components were determined for 166 842 subcatchments covering all of Brazil. The crops considered were cotton, rice, sugarcane, bean, cassava, corn, soybean and wheat, together accounting for 96 % of the harvested area of irrigated and rain-fed agriculture. On currently irrigated land irrigation must be discontinued on 54 % (2.3 Mha) for an acceptable water scarcity level, on 45 % (1.9 Mha) for a comfortable water scarcity level and on 35 % (1.5 Mha) for a worrying water scarcity level, in order to avoid critical water scarcity. An expansion of irrigated areas by irrigating all 45.6 Mha of the rain-fed area would strongly impact surface water resources, resulting in 26.0 Mha experiencing critical and very critical water scarcity. The results show in a spatially differentiated manner that potential future decisions regarding expanding irrigated cropping areas in Brazil must, while pursuing to intensify production practices, consider the likely regional effects on water scarcity levels, in order to reach sustainable agricultural production."
WOS:000531558100294,2020,English,Article,How High-Quality Urbanization Affects Utilization Efficiency of Agricultural Water Resources in the Yellow River Basin under Double Control Action?,water utilization efficiency; high-quality urbanization; double control action; the Yellow River Basin,PANEL-DATA; ECONOMIC-GROWTH; CHINA; PRODUCTIVITY; FOOTPRINT; SCARCITY; NORTH,"To promote the high-quality development of the Yellow River Basin, the total amount and intensity of agricultural water must be controlled. Further speaking, an urbanization development system should be established that is compatible with water resources and the water environment. We adopted the stochastic frontier analysis model to measure the agricultural water utilization efficiency of the Yellow River Basin from 2007 to 2017. We also adopted the dynamic panel difference generalized method of moments (GMM) and system GMM models to verify the driving factors, in which population urbanization, economic urbanization, and equilibrium urbanization levels were selected as the key variables. The results show that the overall efficiency of agricultural water utilization maintained a steady upward trend during the research period. The spatial differentiation was generally characterized by higher efficiency levels in the eastern region and lower levels in the western region. The variation coefficient of water utilization efficiency showed a downward trend in general, which indicates a space spillover effect. Agricultural water utilization efficiency continued to converge from 2007 to 2017, and the upper reaches area converged relatively more quickly. Regarding the influencing factors, the population urbanization, economic urbanization, balanced urbanization, crop planting ratio, and rice planting ratio had negative effects on agricultural water utilization efficiency. Urbanization did not positively affect agricultural water use efficiency as the related theories, so urbanization quality and urban-rural integration should be paid more attention. However, technology innovation was significantly positive in agricultural water utilization efficiency. The influencing factors of per capita water availability and annual precipitation did not pass the significance test. Therefore, the government should vigorously promote the development of high-quality new-type urbanization, scientifically formulate the scale and speed of urbanization, strengthen the urban, rural, and industrial integration, and promote the adjustment of planting structures and agricultural deep processing."
WOS:000391183600001,2017,English,Article,Improving rice production sustainability by reducing water demand and greenhouse gas emissions with biodegradable films,,NITROUS-OXIDE EMISSIONS; PRODUCTION SYSTEM; LOWLAND RICE; AMMONIA VOLATILIZATION; METHANE EMISSION; USE EFFICIENCY; N2O EMISSIONS; PADDY FIELDS; SOIL; FLUXES,"In China, rice production is facing unprecedented challenges, including the increasing demand, looming water crisis and on-going climate change. Thus, producing more rice at lower environmental cost is required for future development, i.e., the use of less water and the production of fewer greenhouse gas (GHG) per unit of rice. Ground cover rice production systems (GCRPSs) could potentially address these concerns, although no studies have systematically and simultaneously evaluated the benefits of GCRPS regarding yields and considering water use and GHG emissions. This study reports the results of a 2-year study comparing conventional paddy and various GCRPS practices. Relative to conventional paddy, GCRPSs had greater rice yields and nitrogen use efficiencies (8.5% and 70%, respectively), required less irrigation (-64%) and resulted in less total CH4 and N2O emissions (-54%). On average, annual emission factors of N2O were 1.67% and 2.00% for conventional paddy and GCRPS, respectively. A cost-benefit analysis considering yields, GHG emissions, water demand and labor and mulching costs indicated GCRPSs are an environmentally and economically profitable technology. Furthermore, substituting the polyethylene film with a biodegradable film resulted in comparable benefits of yield and climate. Overall, GCRPSs, particularly with biodegradable films, provide a promising solution for farmers to secure or even increase yields while reducing the environmental footprint."
WOS:000432475300153,2018,English,Article,Water resources conservation and nitrogen pollution reduction under global food trade and agricultural intensification,Food trade; Water resources conservation; Nitrogen pollution reduction; Agricultural intensification; PEPIC; GTAP,VIRTUAL WATER; CROP PRODUCTION; INTERNATIONAL-TRADE; FOOTPRINT; MODEL; SECURITY; FLOWS; GLOBALIZATION; SCENARIOS; TRANSFERS,"Global food trade entails virtual flows of agricultural resources and pollution across countries. Here we performed a global-scale assessment of impacts of international food trade on blue water use, total water use, and nitrogen (N) inputs and on N losses in maize, rice, and wheat production. We simulated baseline conditions for the year 2000 and explored the impacts of an agricultural intensification scenario, in which low-input countries increase N and irrigation inputs to a greater extent than high-input countries. We combined a crop model with the Global Trade Analysis Project model. Results show that food exports generally occurred from regions with lower water and N use intensities, defined here as water and N uses in relation to crop yields, to regions with higher resources use intensities. Globally, food trade thus conserved a large amount of water resources and N applications, and also substantially reduced N losses. The trade-related conservation in blue water use reached 85 km(3) y(-1), accounting for more than half of total blue water use for producing the three crops. Food exported from the USA contributed the largest proportion of global water and N conservation as well as N loss reduction, but also led to substantial export-associated N losses in the country itself. Under the intensification scenario, the converging water and N use intensities across countries result in a more balanced world; crop trade will generally decrease, and global water resources conservation and N pollution reduction associated with the trade will reduce accordingly. The study provides useful information to understand the implications of agricultural intensification for international crop trade, crop water use and N pollution patterns in the world. (c) 2018 Elsevier B.V. All rights reserved."
WOS:000390432700006,2017,English,Article,Water limits to closing yield gaps,Irrigation water; Yield gap; Freshwater resources; Food production; Water scarcity,VIRTUAL WATER; FOOD DEMAND; LAND; PRODUCTIVITY; FOOTPRINT; DIETS; GREEN; BLUE,"Agricultural intensification is often seen as a suitable approach to meet the growing demand for agricultural products and improve food security. It typically entails the use of fertilizers, new cultivars, irrigation, and other modern technology. In regions of the world affected by seasonal or chronic water scarcity, yield gap closure is strongly dependent on irrigation (blue water). Global yield gap assessments have often ignored whether the water required to close the yield gap is locally available. Here we perform a gridded global analysis (10 km resolution) of the blue water consumption that is needed annually to close the yield gap worldwide and evaluate the associated pressure on renewable freshwater resources. We find that, to close the yield gap, human appropriation of freshwater resources for irrigation would have to increase at least by 146%. Most study countries would experience at least a doubling in blue water requirement, with 71% of the additional blue water being required by only four crops - maize, rice, soybeans, and wheat. Further, in some countries (e.g., Algeria, Morocco, Syria, Tunisia, and Yemen) the total volume of blue water required for yield gap closure would exceed sustainable levels of freshwater consumption (i.e., 40% of total renewable surface and groundwater resources). (C) 2016 Elsevier Ltd. All rights reserved."
WOS:000463025900026,2019,English,Article,Assessing water scarcity in Malaysia: a case study of rice production,Water consumption; Water footprint; Water stress index; Water resources; Water management; Water withdrawal; Malaysia,FRESH-WATER; CROPS PRODUCTION; FOOTPRINT; CONSUMPTION; GREEN; BLUE,"Recent years have seen a surge of interest in assessing water withdrawal in the agricultural sector which has been experiencing an increasing concern with sustainable environmental requirements. Like other highly water-intensive crops, rice production systems rely on an ample water supply, thus posing a serious threat to water availability. This study estimates the water use of rice cultivated in the off- and main seasons in Malaysia. The water withdrawal of rice was estimated based on the monthly climatic data of 30 y (1983-2013) and a 10-y (2002-2011) average annual crop yield. The water stress index (WSI) of the 16 major watersheds in Malaysia was also derived to assess the water deprivation. We found that the blue water use for rice cultivation in the off- and main seasons ranges between 619 and 1,421 m(3)/t and 504 and 1,031 m(3)/t, respectively. The results also showed that the average WSI for 11 states in Peninsular Malaysia is 0.08 with a total water deprivation of 97 million m (H2O)-H-3 eq/y. This study can serve as baseline information for the government in identifying the areas that need to be conserved and the recommendations that should be drawn toward sustainable management of water resources in Malaysia."
WOS:000691588400012,2021,English,Article,Biogas feedstock potentials and related water footprints from residues in China and the European Union,EU and Chinese biogas potentials; Agricultural residues; Forestry residues; Residue availability; Biogas water footprint; Comparative assessment,AVAILABILITY; AGRICULTURE; WASTE; SOIL,"China encounters heavy air pollution caused by coal consumption. China and the EU aim to decrease greenhouse gas emissions. Shifting to biogas from residues contributes to solving both problems. This study assesses China's biogas potentials and related water footprints (WFs) and compares results with potentials and WFs for the EU. Starting from a literature review on EU biogas potentials, it analyzes information resulting in a calculation meth-odology, its validation and application to China. Finally, it estimates WFs and makes a comparative assessment of biogas potentials of the EU and China. In the EU, biogas from agricultural, forestry and other residues might con-tribute 8% (5300 PJ) to primary energy consumption, in China 10% (13,275 PJ.) In the EU, agriculture contributes 41%, forestry 26%, other residues 23%, and manure 10%. The corresponding results for China are agriculture (67%), forestry (23%), manure (7%) and other residues (3%). In the EU, biogas might contribute 45% to total gas demand; in China more biogas can be produced than consumed in 2018 (185% of demand). The EU results fall in the range of residue potentials from earlier studies. Maize, wheat, barley and rapeseed contribute 78% to the EU agricultural biogas potential. In China, dominant crops are maize (49%), rice (18%), wheat (12%) and seed cotton (6%). For water, there are large differences among WFs of specific crop residues, but also between WFs for EU and Chinese crop residues. Most Chinese crop residues have larger WFs than the EU residues. Biogas from sugar beet residues has the smallest WFs, biogas from tobacco residues the largest. Although using residues for energy does not change total national WFs, it reallocates WFs over main products and residues. The comparative assessment sup -ports better use of biogas potentials from residues with lower WFs and is also applicable for other regions and countries. (c) 2021 The Author(s). Published by Elsevier B.V. This is an open access article under the CC BY license (http:// creativecommons.org/licenses/by/4.0/)."
WOS:000733777300005,2021,English,Article,Cropping pattern simulation-optimization model for water use efficiency and economic return,AquaCrop-OS; nonlinear optimization; profitability; spatial distribution; water availability,YIELD RESPONSE; AQUACROP; CALIBRATION; FOOTPRINT,"Sustainable agricultural development is one of the most important tools for the economic growth of a country. Therefore, water and land use management is considered a priority. This research aimed to develop a framework to optimize crops' spatial and temporal distribution in an irrigation district. The AquaCropOS (FAO) water productivity model was integrated with a non-linear optimization model to maximize the annual net profitability and minimize the water consumption of three crops (rice, corn, and forage). It was applied at a regional level to 905 simulation sub-units in the Zulia irrigation district (Colombia), in three typical climatic years' scenarios, and at a multi-period level (monthly). The results indicated that: i) crop simulation for the study area was applicable and feasible; ii) rice can be combined with forage and corn; iii) corn is a viable option under dry year conditions; iv) under a wet year, forage production is the best option. On average, in the dry year, profitability decreased by 14.5% compared to the normal year in half of the study area, and in some areas, economic losses of up to 53% were obtained. In the wet year, profitability remained at the same level as the normal year in 43.8% of the area. However, there were significant decreases in profitability in 23.1% of the district. In the normal year, the water demand of the crops in each simulated period allows savings of up to 50% of water compared to the current concession amount, which is 1000 mm. This study is useful for making decisions on sustainable resources management and optimal irrigation water and land use under different biophysical and economic conditions."
WOS:000369512800014,2016,English,Article,Anthropogenic Nitrogen and Phosphorus Emissions and Related Grey Water Footprints Caused by EU-27's Crop Production and Consumption,nitrogen and phosphorus emission; diffuse pollution; grey water footprint; consumption; multi-regional input-output analysis,HARMFUL ALGAL BLOOMS; CORN STOVER; LIVESTOCK; TRENDS; EUTROPHICATION; POLLUTION; FLOWS; LOADS; MODEL; WORLD,"Water is a prerequisite for life on our planet. Due to climate change and pollution, water availability for agricultural production, industry and households is increasingly put at risk. With agriculture being the largest water user as well as polluter worldwide, we estimate anthropogenic nitrogen and phosphorus emissions to fresh water related to global crop production at a spatial resolution level of 5 by 5 arc min and calculate the grey water footprints (GWF) related to EU-27s crop production. A multiregional input-output model is used to trace the the GWF embodied in the final consumption of crop products by the EU-27. The total GWF related to crop production in the EU-27 in 2007 was 1 x 10(12) m(3)/year. Spain contributed about 40% to this total. Production of cereals (wheat, rice and other cereals) take the largest share, accounting for 30% of the GWF, followed by fruits (17%), vegetables (14%), and oil crops (13%). The total agricultural GWF of the EU-27 related to crop consumption was 1830 billion m(3)/year, which is 3700 m(3)/year per capita on average. Overall, the EU-27 was able to externalize about 41% of the GWF to the rest of the world through imports of crop products."
WOS:000489768900006,2019,English,Article,Drought and conflicts at the local level: Establishing a water sharing mechanism for the summer-autumn rice production in Central Vietnam,Adaptation; Agriculture; Climate change; Governance; Rice production; Water sharing,CLIMATE-CHANGE; IMPACTS; VULNERABILITY; FOOTPRINT; MAIZE,"In recent years, water for agricultural production gradually became a significant challenge in the context of climate change in Vietnam. Sustainable solutions are required, which consider the use of resources for both human needs and ecology, and that account for the equitable distribution and the livelihood of the farmers now and in the future. In particular, the farmers in the province of Quang Nam facing water shortage in the cultivation of paddy in the summer-autumn season. Conflicts arise regarding the sharing of the water between the farmers, the drinking water company and the hydropower company. In the context of climate change, the water shortage is expected to increase in the future. The article presents the results of participatory action research (PAR) approach to develop a local level mechanism for water sharing, in which stakeholders actively participated. Water sharing mechanism was developed, envisioning a sustainable solution for inclusive water sharing. The mechanism was successfully implemented in two cases, one at commune level (Tho stream) and one at the district level (Mo stream). The participatory approach proved to be successful in setting up a broadly acceptable mechanism that will need to be further incorporated in the institutional set-up. (C) 2019 International Research and Training Center on Erosion and Sedimentation and China Water and Power Press. Production and Hosting by Elsevier B.V."
WOS:000644938800001,2021,English,Article,Trans-regional rice supply paradigm reveals unsustainable water use in China,Food trade; Rainwater use efficiency; Rice supply; Sustainability; Water footprint,FOOD SECURITY; FOOTPRINT; RESOURCES; SCARCITY; TRADE; YIELD,"Rice is an important staple food for more than half of the global population and one of the largest water consumers on earth. Improving the efficiency of water embedded in rice production and supply could have great implications for food and water security. This study starts from Yunnan, a traditional rice producing and consuming province in southwest China, and analyses its rice supply structure and dynamics, together with embedded water footprints (WFs) of three other regions: Northeast China, South and Southwest China and Southeast Asia. The results show that Yunnan has been under through drastic food change in the past decades, leading to increasing production and supply gap. Yunnan is found to have the least WF (778.2 m(3)/t) for rice production across the study regions, while Northeast China consumes the highest blue WF (364.6 m(3)/t) and blue to total WF ratio (97.7%). The study indicates that Northeast China is at risk of groundwater deficit due to rice production and export and the current rice production and consumption pattern is inefficient. The study suggests that policies for groundwater extraction, water resource price and international trade need to be in place to ensure sustainable food supply and water use at regional and national levels. Highlights"
WOS:000502264700078,2019,English,Article,Future Wheat Yield Variabilities and Water Footprints Based on the Yield Sensitivity to Past Climate Conditions,climate change; yield trend; water consumption; semiarid condition; Pakistan,FAO CROP MODEL; AGRICULTURAL PRODUCTION; INDUS BASIN; EVAPOTRANSPIRATION; IMPACTS; TRENDS; GREEN; RICE; BLUE; VULNERABILITY,"This article analyzed the wheat yield variabilities and water footprints under projected future climate based on wheat yield sensitivity to past (1980-2017) trends of maximum temperature (T-max), minimum temperature (T-min), solar radiation (R-n) and rainfall (P) for the semi-arid condition of Punjab, Pakistan. The past and projected future trends of the climate variables were identical featuring prominent T-min rise than T-max accompanied by R-n and P declines. Based on the past influences and the projected future trends of the climate variables, T-min was the principal driver of wheat yield decline followed by the T-max, P and R-n. Wheat evapotranspiration and net irrigation water requirement declined due to the influence of both decrease of growing season length and R-n for the first half of 21st-century, and this trend reversed during the second half of 21st-century. These phenomena were caused by different degree of climate warming between the two-time slices. Due to future wheat yield decline and a gradual rise in green water scarcity the blue and grey water footprints rise consistently particularly during 2nd-time slices. CO2 enrichment showed limited mitigation potential of nullifying the warming-induced threats on future wheat yield and water footprints."
WOS:000372300600004,2016,English,Article,Sustaining food self-sufficiency of a nation: The case of Sri Lankan rice production and related water and fertilizer demands,Self-sufficiency; Food security; Agricultural intensification; Water footprint; Nitrogen runoff; Water resources,CLIMATE-CHANGE; CROP PRODUCTION; RESOURCES; FOOTPRINT; IMPACTS; TRENDS; GREEN; BLUE,"Rising human demand and climatic variability have created greater uncertainty regarding global food trade and its effects on the food security of nations. To reduce reliance on imported food, many countries have focused on increasing their domestic food production in recent years. With clear goals for the complete self-sufficiency of rice production, Sri Lanka provides an ideal case study for examining the projected growth in domestic rice supply, how this compares to future national demand, and what the associated impacts from water and fertilizer demands may be. Using national rice statistics and estimates of intensification, this study finds that improvements in rice production can feed 25.3 million Sri Lankans (compared to a projected population of 23.8 million people) by 2050. However, to achieve this growth, consumptive water use and nitrogen fertilizer application may need to increase by as much as 69 and 23 %, respectively. This assessment demonstrates that targets for maintaining self-sufficiency should better incorporate avenues for improving resource use efficiency."
WOS:001050792600001,2018,English,Article,Replacing Imports of Crop Based Commodities by Domestic Production in Finland: Potential to Reduce Virtual Water Imports,dietary changes; displaced impacts; food consumption; international trade; local production; virtual water; water footprints,,"Global water scarcity is a severe threat facing humanity today and it is expected to become even more alarming in the future. Agriculture is the biggest user of freshwater and large volumes of embedded virtual water in food products are traded through the global food system annually. Although Finland has vast water resources, it imports large quantities of virtual water-partly from countries suffering from water scarcity. In this article, we present a novel combination of the virtual water study together with an analysis of the potential reallocation of the outsourced production of rice, soybeans and rapeseed, from the water resource-efficiency point of view. To assess how Finland could reduce the outsourced water consumption by these three crops, we evaluated Finland's potential to replace their imports with local comparable products: domestic barley and oats, field peas and faba beans, and rapeseed, respectively. This replacement would both potentially ease the global pressure on already stressed regions and increase the agricultural diversity of the local agricultural systems. We found that by replacing the imports of the selected crops, considering the realistic potential in Finland, up to 16% of the blue water and almost 30% of the green water embedded in crop imports could be reduced. Although Finland is a minor player in the global food markets, our study presents a highly relevant case of how an industrialized country, with a relatively small population, can contribute to the sustainability of food systems globally."
WOS:000677076300001,2021,English,Article,Decomposition Analysis of Global Water Supply-Demand Balances Focusing on Food Production and Consumption,water balance index; modified Laspeyres index method; water footprint; blue water; food supply-demand balances; global analysis,RESOURCES; ENERGY; FOOTPRINT; PERFECT; MODEL,"Food production and consumption require large amounts of freshwater. There is no literature on the decomposition analysis of the intensities of water supply-demand balances (water balance intensities) for each country worldwide. The aim of this study is to evaluate the water balance intensities and elucidate the promoting factors and offset factors of water balance intensities for each country worldwide, focusing on food supply-demand balances and considering food trade balances on a global scale. The modified Laspeyres index method is applied to both a production-based water balance index (WBIPB) and a consumption-based water balance index (WBICB). The major promoting factor for the WBIPB is the renewable freshwater resources, whereas the major offset factor is the produced item preference. The major promoting factor for the WBICB is the consumed item preference, whereas the major offset factor is the producing area preference. Improving irrigation efficiencies of rice and cereals is effective because rice requires the largest blue water footprint intensities, considering irrigation efficiency on a calorie content basis in all of the items, whereas cereals are the largest share of calorie-based production quantities in all of the items worldwide. This study provides the foundation for decreasing water balance intensities regarding food production and consumption."
WOS:000502264500061,2019,English,Article,Sustainable Water Use for International Agricultural Trade: The Case of Pakistan,sustainability; agriculture; virtual water trade; blue; green,VIRTUAL-WATER; CONSUMPTION; FOOTPRINT; EVOLUTION; SCARCITY; SOUTHERN; PATTERNS; CROPS; FLOWS; MODEL,"Sustainable use of resources is critical, not only for people but for the whole planet. This is especially so for freshwater, which in many ways determines the food security and long-term development of nations. Here, we use virtual water trade to analyze the sustainability of water used by Pakistan in the international trade of 15 major agricultural commodities between 1990 and 2016 and in 2030. Most of the existing country-level studies on virtual water trade focused on net virtual water importers, which are usually water-scarce countries as well. This is the first study to concentrate on a water-stressed net virtual water-exporting country. Our results show that Pakistan has been trading large and ever-increasing volumes of virtual water through agricultural commodities. Despite the overall small net export of total virtual water per year, Pakistan has been a net-exporter of large quantities of blue (fresh) virtual water through its trade, even by fetching a lower value for each unit of blue water exported. Given Pakistan's looming water scarcity, exporting large volumes of blue virtual water may constrain the country's food security and long-term economic development. Improving water use efficiency for the current export commodities, for example, rice and exploring less water-intensive commodities, for example, fruits and vegetables, for export purposes can help Pakistan achieve sustainable water use in the future."
WOS:000449009400003,2015,English,Article,Environmental sustainability issues in the food-energy-water nexus: Breakfast cereals and snacks,Breakfast cereals; Global warming potential; Water footprint; Energy consumption; Life cycle assessment; Food-energy-water nexus,LIFE-CYCLE ASSESSMENT; CORN,"Understanding environmental impacts of complete food supply chains is important for the food industry to help devise strategies for reducing the impacts of current and future products. Breakfast cereals are one of the most important foods consumed in many countries, but their environmental impacts are currently unknown. Therefore, this study explores the environmental sustainability issues in the food-energy-water nexus by considering breakfast cereals manufactured by one of the world's largest producers, Kellogg Europe. A life cycle assessment has been carried out for these purposes with the aim of helping the Company to integrate environmental sustainability considerations into the design of their products and packaging. The results indicate that the average global warming potential (GWP) of Kellogg's breakfast cereals is 2.64 kg CO2 eq. per kg of product. The main GWP hotspots are the ingredients (48%) and energy used in the manufacturing process (23%); packaging and transport contribute 15% each. Rice is the single largest contributor to the GWP of the ingredients (38%). The manufacturing stage is the main contributor of primary energy demand (34%), while the ingredients are responsible for more than 90% of the water footprint. The ingredients are also the main contributors to most other environmental impacts, including land use (97%), depletion of elements (61%), eutrophication (71%), human toxicity (54%) and photochemical smog (50%). The impacts from packaging are high for freshwater and marine toxicity. The contribution of transport is significant for depletion of elements and fossil resources (23%), acidification (32%), ozone depletion (28%) and photochemical smog (24%). Improvement opportunities explored in the paper include better agricultural practices, recipe modifications, improved energy efficiency of manufacturing processes and use of alternative packaging. Impacts from consumption are also discussed."
WOS:001385283700001,2025,English,Article,"Socio-economic, environmental and health impacts of dietary transformation in Bangladesh",food system transformation; Bangladesh; trade-offs; global economic model; sustainable and healthy diets; environmental footprints,EAT-LANCET DIET; CLIMATE-CHANGE; LAND-USE; RISK; SUSTAINABILITY; ADHERENCE; POLICY; MODEL,"The transition to healthier diets might be accompanied by trade-offs that occur in other parts of the food system. In this study the trade-offs between socio-economic, environmental, and health indicators were analyzed in different dietary scenarios for Bangladesh between 2022 and 2050. We used a global economic simulation model with updated national food consumption data, extended with a footprint module to track environmental impacts through the food value chain in Bangladesh and its trading partners. This study compares a business-as-usual (BAU) diet with the EAT-Lancet diet and the Bangladesh food-based dietary guidelines (FBDGs). The BAU diet has a higher intake of animal products and sugar, and a lower intake of vegetables, fruits, legumes, and nuts than the EAT-Lancet and FBDG diets. We found that promoting a diet with more plant-based proteins has a strong positive impact on dietary health and an overall positive impact on the environment compared to the BAU scenario. This is due to the reduced impact of animal protein production on greenhouse gas emissions and the reduced impact of rice production on water use and nitrogen application. In addition, the transition to sustainable and healthy diets had minor impacts on the wages of low-skilled workers, Bangladesh's self-sufficiency, and the affordability of food and cereals. In particular, the FDBG diet scenario scored best on diet and cereal affordability, as well as freshwater use compared to the other two scenarios. The decrease in the self-sufficiency ratio was comparable to the BAU diet scenario and smaller compared to the EAT-Lancet diet."
WOS:001512788100032,2025,English,Article,Enhancing greenhouse cucumber production and quality utilizing organic residues as potting media through various cultivation modes and assessing application economics,Substrate media culture; Cucumber; Growth; Irrigation water productivity; Fruit quality; Photosynthesis,WATER-USE EFFICIENCY; GROWTH; PHOTOSYNTHESIS; SAWDUST; COMPOST; WASTE; STRAW; SOIL,"Cocopeat is among the most frequently utilized substrates in soilless farming. Nonetheless, the extraction of Cocopeat generates a detrimental carbon footprint, highlighting the necessity for alternative, sustainable substrate options. To tackle this issue, we examined the effects of substituting Cocopeat with a blend of various Rice straw, Sawdust, and compost on cucumber growth and yield over two growing seasons, 2021-2022 and 2022-2023. The treatments included Cocopeat 100% (control), sawdust 100%, rice straw 100%, compost 100%, combinations of Cocopeat and sawdust (1:1, v/v), combinations of Cocopeat and sawdust (3:1, v/v), combinations of Cocopeat and rice straw (1:1, v/v), combinations of Cocopeat and rice straw (3:1, v/v), combinations of Cocopeat and compost (1:1, v/v), and combinations of Cocopeat and compost (3:1, v/v). The highest yield was recorded with rice straw at 100.55 ton ha- 1, followed by the Coco 50%: Compost 50% treatment yielding 74.32 ton ha-1 and 69.26 ton ha- 1, respectively, while the lowest yield was noted for sawdust at 22.23 ton ha- 1. Across both growth seasons, rice straw achieved the highest irrigation water productivity (IWP) of 51.56 and 51.91 kg m- 3, respectively, followed by Coco 50%: Rice straw 50% at 38.08 and 38.37 kg m- 3, whereas sawdust resulted in the lowest IWPs of 6.93 and 11.48 kg m- 3. In both growing seasons, the rice straw showed the greatest rate of photosynthesis, with readings of 23.34 mu mol m-2 s-1 and 22.14 mu mol m-2 s-1, respectively. Conversely, the lowest photosynthesis rates during both growing seasons were observed with the Coco 75%: Compost 25% treatment, at 3.23 mu mol m-2 s-1 and 3.03 mu mol m-2 s-1, respectively. The treated rice straw substrate media ranked as the most profitable and resilient option in terms of net present value (NPV) and benefit-cost (B/C) ratio metrics, followed closely by the compost treatment. It seems that treated rice straw-based media is a promising substrate in soilless culture systems as a viable alternative substrate for cucumber cultivation instead of Cocopeat substrate."
WOS:001497854400001,2025,English,Article,The Relationship between Anaerobic Germination Capacity and Submergence Tolerance in Rice Seedlings,Flood tolerance; Hydrophobicity; Leaf gas films; Non-structural carbohydrates; <italic>Oryza sativa</italic>; Photosynthetic parameters; Recovery; Underwater photosynthesis.,UNDERWATER PHOTOSYNTHESIS; GAS FILMS; FLOODING TOLERANCE; ORYZA-SATIVA; CO2; MECHANISMS; AERATION; GROWTH; O-2; LIGHT,"Direct-seeded rice offers multiple advantages, including lower labour costs and a reduced CO2 footprint. However, the risk of flooding during germination and at the early seedling and vegetative stages is high. Therefore, the capacity for anaerobic germination in waterlogged soils, as well as tolerance to partial and complete submergence, are both essential. It remains unclear whether anaerobic germination and flood tolerance are linked or if they act independently in the environment. Therefore, it is timely to investigate the relationship between these two traits in the context of progressing climate change. We investigated the submergence tolerance of 4-week-old plants of three African landraces, which had previously been shown to possess anaerobic germination capacity. Additionally, we included one submergence-sensitive check and two tolerant checks. These six genotypes were evaluated at three time points: initially (prior to submergence), after three days of submergence, and at the time of desubmergence following 29 days of submergence. We measured survival, key photosynthetic traits (leaf gas films, underwater net photosynthesis, chlorophyll concentration), and carbohydrate reserves. We found that the African landraces tolerant to anaerobic germination all outlived the submergence-sensitive check, 'IR42,' during 29 days of complete submergence. Moreover, all tested genotypes exhibited significant declines over the 29 days of submergence in gas film thickness, underwater net photosynthesis, leaf chlorophyll concentration, and leaf water-soluble carbohydrates and starch. However, no significant differences were observed among the genotypes. The underlying mechanisms of anaerobic germination tolerance in the three African landraces remain unknown, as they do not possess the gene Anaerobic Germination 1 (AG1). Furthermore, it is unclear whether the three genotypes contain the gene Submergence 1 (SUB1); however, SUB1 confers submergence tolerance only and does not provide tolerance to anaerobic germination. Based on the present study, we cannot rule out the possibility that the novel anaerobic germination tolerance observed in the three African landraces is somehow linked to submergence tolerance as well. A thorough bioinformatic analysis is therefore needed to further characterize these landraces."
WOS:001508538200001,2025,English,Article,Sustainable high-strength concrete: enhancing performance with sugarcane leaf and sugar beet ash,Sustainable eco-friendly concrete; Agricultural by-products; Supplementary cementitious waste materials; Sugar production wastes; SLA; SBA; FA,FLY-ASH; BAGASSE ASH; POZZOLANIC PROPERTIES; CHLORIDE DIFFUSIVITY; PORTLAND-CEMENT; RESISTANCE; RESIDUES,"The amount of agricultural waste has grown as agricultural output has expanded globally. Therefore, in order to protect the environment, agricultural waste needs to be disposed of appropriately. Many studies used various types of agricultural wastes in concrete production as a partial replacement of cement to reduce carbon footprint. In order to produce sustainable high-strength concrete (SHSC), this study focusses on employing two promising pozzolanic materials: rice sugarcane leaf ash (SLA) and sugar beetroot ash (SBA) in SHSC production with different replacement levels up to 20%. This research provides a wide-ranging assessment of the mechanical, physical, durability and microstructural characteristics of SHSC. With a focus on advancing eco-friendly construction, the study also includes fly ash (FA) to assess its combined effects on SHSC's mechanical and durability characteristics. SHSC mixtures were exposed to various tests to evaluate the influence of replacement from different aspects: slump test, compressive strength, splitting tensile strength, flexural strength, and modulus of elasticity, chloride penetration resistance, sorptivity, water permeability and scanning Electron Microscopy (SEM). According to the findings, replacing cement with SLA and FA up to 20% presented the optimum tests results, which led to significant enhancements in all physical, mechanical and durability properties of SHSC. Additionally, the inclusion of SBA with replacement level of 10% resulted significant enhancements to all SHCS characteristics whereas, compressive strength increased by 16%, tensile splitting strength increased by 10.8%, flexural strength increased by 12.4% and modulus of elasticity increased by 7.66% compared to the control specimens. With 20% FA replacement level, the optimum durability levels ware obtained; the lowest chloride permeability by 1342 Coulomb, the lowest sorptivity coefficient by 0.051 mm/root s and the lowest water permeability by 2.61 x 10-11 cm/sec. In addtion, these improvements extended to FA replacement level of 10% mixtures', including mechanical properties and also obtained lower durability terms results. Generally, cement replacement in all mixtures caused decrease in slump values comparing to control mixture. The SBA replacement level of 20% is technically useless, did not led to the expected improvement in all tested properties, and affected negatively SHSC mixtures. SEM images of new SHSC mixtures revealed that adding agricultural waste improved the SHSC's microstructure by decreasing pore size, forming a denser SHSC structure and increasing the production of C-S-H. This study confirms the potential of SLA, SBA and FA as valuable supplementary cementitious materials, offering a sustainable alternative for producing durable SHSC with significant minimizing environmental impact."
WOS:001389294300001,2025,English,Article; Early Access,Consumer preferences and valuation for sustainably produced rice in Ghana,Consumer preferences; Willingness to pay; Sustainable Rice Platform; Rice; Ghana,WILLINGNESS-TO-PAY; FOOD; SYSTEMS; WATER; DEMAND; CHOICE; TRADE,"Improving the sustainability of rice, a global food staple with a significant environmental footprint, is of utmost importance, given the growing population and increased depletion of natural resources. The Sustainable Rice Platform (SRP) standard is the first globally recognized certification standard for sustainable rice production. SRP comprises 41 requirements structured under 12 indicators and 8 themes, through which farmers can receive SRP certification and use the SRP label. This study assesses consumers' preferences for SRP-certified sustainable rice in Ghana. We surveyed 1168 consumers in Accra, Kumasi, and Tamale, the three largest cities in Ghana, to ascertain their preferences for each of the SRP sustainability themes and their willingness to pay (WTP) for SRP-certified sustainable rice using a choice experiment and double-bounded contingent valuation method. The results indicate that consumers' preferences for SRP themes and WTP for sustainably produced rice are heterogeneous across locations. Across the three cities, consumers are willing to pay a premium for SRP-certified imported and domestic rice, except for consumers in Accra. The findings of this study offer valuable insights for the development of policy aimed at enhancing the sustainability of rice production in Ghana, linking production practices with consumer demand."
WOS:001554139600001,2025,English,Article,Optimizing the rotation cycle of previous crops increases crop yield and environmental sustainability in paddy field rotation,Crop rotation; Rapeseed; Wheat; Environmental sustainability; Soil health,GREENHOUSE-GAS EMISSIONS; SOIL ORGANIC-CARBON; SYSTEM; MANAGEMENT; CHINA; PLANT; WATER; DIVERSIFICATION; FERTILITY; DIVERSITY,"Global food production faces enormous challenges in increasing yields while promoting environmental sustainability. A field experiments in the ecotone between the Yangtze River Basin and the HuangHuai-Hai Plain evaluated the effects of changing preceding crop rotation cycles (wheat and rapeseed) on long-term wheat-rice (W) and rapeseed-rice (R) rotation systems. A comprehensive evaluation of crop rotation systems was conducted using life cycle assessment, considering productivity, economic benefits, carbon footprint (CF), and soil health. Compared with fallow-rice rotation (F), alternating rapeseed and wheat rotations increased equivalent yield by 60.4%-82.2%, reduced CF by 0.3%-5.7%, and improved soil health by 0.3%-47.5%. Additionally, adding rapeseed to rotations increased soil nutrient content and raised soil organic carbon stocks by 31.3%-40.5%. The 3R rotation (3-year rapeseed-rice and 1-year wheat-rice) boosted rice yield by 82.2% and annual economic benefits by 84.4%, offering an effective model for optimizing long-term R rotations. Similarly, the 2W rotation (2-year wheat-rice and 1-year rapeseed rice) enhanced rice yield by 70.0% and annual economic benefits by 65.9%, providing a successful example for optimizing long-term W rotations. The 3R rapeseed-based rotation and the 2W wheatbased rotation demonstrated good environmental sustainability. These rotation systems have broad potential in sustainable intensive farming, especially in China and similar regions. (c) 2025 Crop Science Society of China and Institute of Crop Science, CAAS. Production and hosting by Elsevier B.V. on behalf of KeAi Communications Co., Ltd. This is an open access article under the CC BY-NCND license (http://creativecommons.org/licenses/by-nc-nd/4.0/)."
WOS:000365369600026,2015,English,Article,"Urbanization, agricultural water use, and regional and national crop production in China",Urbanization; Agricultural water use; Crop areas; Crop production; Regional and national level in China,NORTHERN CHINA; MANAGEMENT; FOOTPRINT; ECONOMY; POLICY; FOOD,"The overall goal of this paper is to analyze the impacts of the urbanization on regional and national agricultural production through its impact on water use in agriculture in China, Given the historical trend of water use in agriculture and its correlation with urbanization, the change in agricultural water use due to urbanization is estimated. Then the impacts of this change on regional crop production are simulated based on the China Water Simulation Model (CWSM). Within CWSM, a positive mathematical programming (PMP) optimizes water allocation among crops and between irrigated and rainfed areas within a crop in each of ten river basins in China. The results show that water use in China has an obvious increasing trend, particularly in the industrial and domestic sectors, while the share of water use in agricultural sector has been dropping. A 1-percentage-point increase in urbanization can result in a 0.47 percentage-point decline in share of water use. Based on the model simulation, this will lead to the further decrease of irrigated areas and the increase of rainfed areas at both the national and river basin levels, particularly for water intensive crops (such as rice and wheat). Accordingly, average yields and total production will also decrease. A river basin with large production of either rice or wheat (or both) decreases more in irrigated area as urban area expands. Adaptation measures are recommended for both authorities and farmers to ensure food security, such as providing incentive for farmers to adopt water saving technology, implementing appropriate institutional and policy innovations (e.g., water use association, water pricing and water use rights). (C) 2015 Elsevier B.V. All rights reserved."
WOS:001581169000039,2025,English,Article,An innovative approach to enhancing the strength and durability of recycled aggregate concrete through fly ash-silica fume coating and rice husk ash supplementation,Recycled aggregate concrete; Slurry coating; Rice husk ash; Mechanical and durability properties,ULTRASONIC PULSE VELOCITY; MECHANICAL-PROPERTIES; DEMOLITION WASTE; CONSTRUCTION; RESISTANCE; SURFACE,"The building industry responded to the growing imperative to reduce the global ecological footprint by developing new inventive methods of utilizing waste materials. Concrete waste is one of the leading contributors to global waste streams and a great opportunity for sustainable reuse. Recent research has demonstrated its potential for structural applications in concrete, although its use for nonstructural component construction has been well established. This study introduces an innovative approach, combining the impact of S-FA (silica fume-fly ash) slurry coated recycled aggregates (RCA) and supplementary cementitious material (Rice husk) simultaneously, for the first time to be evaluated for structural performance. These findings present a major improvement in the reuse of concrete waste for structural applications by overcoming the constraints recognized by the mechanical characteristics of RCA. The study is based on an extensive experimental program which evaluated critical parameters such as compressive and tensile strength, water absorption and acid resistance. The incorporation of 100% treated RCA aggregates improved compressive strength by 23% compared to the control mix of non-treated 100% RCA aggregates. Similarly for the same mix acid resistance strength demonstrated a 7% increase while the Non-destructive test results revealed that the treatment enhanced RCA performance by providing improved results through ultrasonic pulse velocity (UPV) readings that increased by 19% compared to the control mix of non-treated RCA aggregates (100%)."
WOS:001618385400001,2025,English,Article,Effects of mix design parameters on workability and compressive strength of teff straw ash-based geopolymer mortars: Experimental evaluation and machine learning prediction,Compressive strength; Geopolymer mortar; Machine learning; Portland cement; Sustainable construction materials; Teff straw ash,RICE HUSK ASH; CURING TEMPERATURE; CONCRETE; NAOH; INDUSTRIAL; SLAG,"Despite its high carbon footprint, Portland cement (PC) remains the dominant construction binder, prompting the search for sustainable alternatives. Geopolymers, formed by alkali activation of aluminosilicate-rich precursors, offer a low-carbon option with enhanced durability. While conventional precursors (like fly ash) are well studied, teff straw ash (TSA), a silica- and alumina-rich agricultural by-product, remains underexplored. Moreover, no previous study has systematically investigated the effects of key mix parameters on the fresh and hardened properties of TSA-based geopolymer mortar (TSA-GM) or applied machine learning (ML) for predictive modelling in this context. This study addresses these gaps through an experimental program that varied NaOH concentration (8-14 M), alkaline activator solution-to-TSA (AAS/TSA) ratio (0.6-0.9), Na2SiO3/NaOH ratio (1.5-3.0), and curing regime (ambient and heat curing at 65-80 degrees C), to evaluate workability and compressive strength. Four ML models (Random Forest (RF), Artificial Neural Network, Decision Tree, and Support Vector Regression) were trained to predict compressive strength and analyse parameter influence. Results show that an optimal mix (12 M NaOH, AAS/TSA = 0.7, Na2SiO3/NaOH = 2.5) achieved a compressive strength of 36.02 MPa at 90 days under heat curing, confirming its viability as a high-performance binder. Furthermore, ambient curing achieved a comparable long-term strength of 34.68 MPa, highlighting its potential as an energy-efficient alternative for non-time-sensitive applications. Among the models, RF demonstrated the best predictive performance (R2 = 0.95). SHapley Additive exPlanations (SHAP) analysis identified water, NaOH content, curing temperature, and age as the most influential factors. This study is among the first to establish TSA as a viable precursor in geopolymer technology. It introduces an integrated experimental-ML framework to accelerate the development of sustainable construction materials."
WOS:001513263300001,2025,English,Article,"Performance and microstructural optimization of sustainable geopolymer mortars using fly ash, ground granulated blast furnace slag, and rice husk ash",fly ash; geopolymer mortar; ground granulated blast-furnace slag; rice husk ash; sustainability,CONCRETE; STRENGTH,"The environmental consequences of conventional Portland cement production necessitate sustainable alternatives that reduce carbon emissions. This paper presents the development and optimization of geopolymer mortars using fly ash (FA), ground granulated blast-furnace slag (GGBFS), and rice husk ash (RHA) as binding materials. The effects of the RHA content (5%-25%), NaOH molarity (8, 12, 16 M), and water glass moduli (1.99, 2.92) on the mechanical and rheological properties were systematically investigated under ambient and oven curing conditions. Compressive strengths exceeding 73 MPa were achieved with an optimal mix containing 50% FA, 45% GGBFS, and 5% RHA, and cured under controlled conditions. Additionally, microstructural analysis using scanning electron microscopy (SEM) and energy-dispersive x-ray spectroscopy (EDAX) revealed dense geopolymer matrices with Si/Al ratios of similar to 2.0, contributing to superior mechanical strength and durability. Key findings showed that replacing GGBFS with RHA enhanced standard consistency and reduced permeability, whereas higher NaOH molarity significantly accelerated setting and strength development. This research highlights the transformative potential of geopolymer technology in valorizing industrial and agricultural by-products, achieving an 80% reduction in the carbon footprint compared to ordinary Portland cement, and promoting sustainable construction practices."
WOS:001780709100001,2026,English,Article,Reactive extrusion of reeds (Phragmites australis) and production of binder-less foam insulator,Common reeds; Hydrothermal treatment; Multi-screw reactive extrusion; Binder less; Bio-foam; Thermal insulator,COMMON REED; SURFACE CHARACTERIZATION; THERMAL INSULATOR; FIBERS; WASTE; XPS; US,"The construction and packaging industries are heavily dependent on petroleum-derived products such as polyurethane (PU) and polystyrene foams, as well as energy-intensive mineral and rock wool. Their low thermal conductivity, moisture resistance, long-term durability, low cost, and wide availability have made these materials difficult to substitute. However, in recent years, there has been growing demand for sustainable, renewable, and environmentally friendly alternatives to petroleum-derived products, driving considerable research and development in this area. Several natural materials, including wood fiber, hemp fiber, and rice and wheat straw fibrous panels, have been utilized for thermal insulation applications in the construction sector. These materials offer notable advantages such as low thermal conductivity, high porosity, and tuneable mechanical properties, alongside inherent biodegradability and a reduced carbon footprint. Nevertheless, significant challenges remain, particularly with respect to moisture resistance, thermal stability, and continued reliance on fossil-derived binders in their production. In the present work, binderless foams based on common reed (Phragmites australis) were produced using hydrothermally treated and reactive extrusion-processed reed fibers. The resulting foams demonstrated thermal conductivity comparable to that of PU and polystyrene foams, along with adjustable density. Moreover, the reed foams exhibited excellent dimensional stability under both water immersion and high humidity conditions. This work also provides a comprehensive characterization of the chemical composition of common reed before and after various treatments, as well as the process know-how required for binderless foam production."
WOS:001687533100001,2026,English,Article,Comparison of Selected Sensory and Physicochemical Indicators of Insect Powders and Flours During Storage,edible insects; cereal flours; storage; stability; proteins; amino acids; color; volatile compounds,EDIBLE INSECTS; ALPHITOBIUS-DIAPERINUS; FUNCTIONAL-PROPERTIES; ACHETA-DOMESTICUS; TENEBRIO-MOLITOR; HEAVY-METALS; AMINO-ACIDS; PROTEIN; CRICKET; FOOD,"The observed growth of the global population and concern for the natural environment require the supply of inexpensive food with a low-carbon footprint. These requirements can be met, among others, by insect-derived raw materials, such as insect powders commonly referred to as flours. The aim of this study was to compare and assess the effects of four-month storage of insect powders (cricket, mealworm) and cereal flours (millet, oat, rice) under conditions similar to household storage (room temperature, partially emptied packages) on selected quality characteristics. It was assumed that, due to their different protein-fat composition and high degree of comminution, insect powders may exhibit a different dynamic of changes compared to flours in which starch is the dominant matrix. The scope of the research included the assessment of moisture content, acidity, ash content and total protein content, analysis of the amino acid profile, color parameters in the CIE L*a*b* space, changes in volatile compounds, and determination of heavy metal content (Cd, Pb, Hg, As). The obtained results enabled a comprehensive characterization of the quality stability and nutritional value of the tested raw materials after the storage period. The analyses revealed clear differences between cereal flours and insect powders, resulting from differences in chemical composition and production technology. Insect powders were characterized by a higher protein content and a more favorable amino acid profile compared to cereal flours. In addition, they exhibited lower moisture content, different color, and a distinct aroma profile, which can be attributed both to their production technology and to a higher proportion of hydrophobic components. It was shown that during storage the amino acid composition of the tested flours remained relatively stable, as did color; however, mealworm powder exhibited the lowest color stability. It was also demonstrated that cereal flours are characterized by a greater capacity for water sorption, which is related to their starch matrix, whereas insect powders undergo processes related to lipid degradation, leading to increased acidity and changes in the profile of volatile compounds. Certain safety concerns may arise from the exceeded permissible cadmium content observed in mealworm powder."
WOS:001660951600001,2026,English,Article,Agro-food waste upcycling into mycelium insulation: Linking structure with mechanical and fire performance,Fungal biocomposite; Ganoderma lucidum; Agro-food waste; Thermal insulation; Mechanical properties; Sustainable construction,COMPOSITES; FUNGI,"This study presents a multiscale investigation of mycelium-based biocomposites produced via solid-state cultivation of Ganoderma lucidum on agro-food sidestreams. Three lignocellulosic residues, wheat bran (in two particle sizes), rice straw, and spent coffee grounds, were selected based on global availability and chemical diversity. The biocomposites were characterized to investigate how substrate composition and mycelial growth influence microstructure and macroscopic performance. Monosaccharide analysis and scanning electron microscopy (SEM) revealed that wheat bran supported enhanced mycelial growth. Fine wheat bran-based composites exhibited compressive strengths up to 449 kPa at 30 % strain and tensile moduli of 15-25 MPa, significantly higher than expanded polystyrene (EPS), a conventional insulator. All biocomposites showed intrinsic surface hydrophobicity (water contact angles of 106-120 degrees). Thermal analyses, including thermogravimetric analysis (TGA) and hot-plate conductivity measurement, confirmed their suitability as porous insulation. Cone calorimetry demonstrated improved fire safety in wheat bran-based composites, with reduced peak heat release rates (112-115 kW/m2). Embodied energy and carbon footprint assessments indicated up to 89 % lower energy demand and 72 % lower CO2 emissions compared with EPS. Through multiscale characterization and direct benchmarking, this study shows how substrate selection and fungal-substrate interactions can be utilized to tailor performance. The findings provide insights into converting low-value biomass into scalable, fire-safer, and environmentally responsible insulation materials."
WOS:001502154400001,2025,English,Article,"Enhancing sustainability in construction: Mechanical, carbon emission, and microstructural analysis of activated slag binders incorporating silica fume and nepheline syenite",Silica fume; Nepheline syenite; Sodium hydroxide; Microstructure; Slag; Binder,RICE HUSK ASH; HYDRATION PRODUCTS; DIATOMACEOUS-EARTH; WASTE GLASS; GEOPOLYMERIZATION; TEMPERATURE; CONCRETE,"This research presents the first comprehensive investigation into the development of binders utilizing activated slag, silica fume, and nepheline syenite, addressing the urgent need for sustainable alternatives to traditional Portland cement, which is known for its high carbon emissions. The performance of these manufactured binders was systematically compared to conventional cement binders to evaluate their mechanical and environmental properties. After 28 days of curing, tests assessed compressive, tensile, and bending strengths and water absorption and microstructural features via Scanning Electron Microscopy (SEM) and Energy Dispersive X-ray (EDX). The binder activated with silica fume (water-to-binder ratio of 0.45) achieved compressive, tensile, and bending strengths of 45 MPa, 4.7 MPa, and 4.9 MPa, while the binder activated with nepheline syenite showed lower strengths of 37 MPa, 3.3 MPa, and 3.5 MPa. The cement binder yielded strengths of 50 MPa, 4.9 MPa, and 5.2 MPa under the same conditions. Microstructural analysis indicated the highest density and calcium-to-silicon ratio in the cement binder, closely followed by the binder activated with silica fume. Binders activated with a 10 M sodium hydroxide solution exhibited superior performance compared to those with 15 M. Notably, the binder activated with nepheline syenite, formulated at a 1:2 ratio with sodium hydroxide, proved most sustainable, with a carbon footprint of 986 kg CO2 per unit, significantly lower than the cement binder's 1984 kg CO2. These findings underscore the urgent need for sustainable construction materials and contribute to addressing environmental concerns associated with cement production."
WOS:001634386500001,2025,English,Article,Geopolymerization of Kaolin Clay with Hemp Fibers for Sustainable Soil Stabilization,stabilization of soil; hemp fiber; geopolymer; freeze-thaw cycle; carbon index,RICE HUSK ASH; FLY-ASH; STRENGTH; CEMENT; LIME; CONCRETE; MICROSTRUCTURE; PERFORMANCE; MECHANISM; BEHAVIOR,"In this study, the aim was to improve the mechanical and durability properties of kaolin clay (KC)-based soil by stabilizing it with geopolymer and natural fiber. In the production of the geopolymer, rice husk ash (RHA) was used as a binder, sodium metasilicate (SMS) as an activator, and another hemp fiber (HF)was used for soil stabilization. Within the scope of the presented study, RHA and SMS were used at three different rates (5%, 7.5%, and 10%), while HF was used in six different volumes (0.5%, 1%, 1.5%, 2%, 2.5%, and 3%) and two different lengths (6 and 12 mm). The study also examined how much water was in the combinations, which was measured at the optimum level and at -5, +5, and +10 compared to the optimum level. The unconfined compressive strength (UCS) was used to check the mechanical qualities of the test specimens and 5- and 10-cycle freeze-thaw (F-T) tests to check the durability properties. The test results indicated that the mixed formulation with 5% RHA, 10% SMS, 2.5% HF, and the optimum water content resulted in the best results for both the UCS and F-T tests. The SEM investigation for this mix found that the microstructural properties for the specimen were directly related to the dense gel phases and the strong fiber-matrix bonding. According to the carbon emissions (CO2-e) and carbon index (CI) analysis from the mix component analyses, it was found that the HF-strengthened geopolymer is a sustainable solution for soil stabilization. The optimum mixture achieved a UCS of 1202 kPa (4.5 times higher than untreated soil), while the strength losses after 10 freeze-thaw cycles were reduced to below 10% in optimized compositions. The carbon index (CI) decreased by up to 65%, demonstrating the strong sustainability benefits of the proposed system. The novelty of this study lies in the combined use of hemp fiber (HF) and rice husk ash (RHA)-sodium metasilicate (SMS)-based geopolymer for kaolin clay stabilization, which has not been comprehensively investigated in previous research. Unlike traditional studies focusing on either geopolymer or natural fiber reinforcement alone, this work simultaneously evaluates the mechanical performance, freeze-thaw durability, microstructural evolution, and carbon footprint to develop a fully sustainable soil improvement framework."
WOS:001587931300001,2025,English,Article,"Long-term zero tillage with residue retention boosts yield, enhances energy efficiency, and mitigates greenhouse gas emissions in the western Indo-Gangetic rice-wheat systems",clean environment; conservation agriculture; energy budgeting; energy use efficiency; global warming potential; rice-wheat cropping system,AESTIVUM CROPPING SYSTEM; NITROUS-OXIDE EMISSION; CONSERVATION AGRICULTURE; MANAGEMENT-PRACTICES; CLIMATE-CHANGE; GHG EMISSIONS; MAIZE SYSTEMS; SOILS; TRENDS; ISSUES,"The rice-wheat cropping system (RWCS) in the Indo-Gangetic Plains (IGP) of India is a dominant food production model, but its conventional management practices, viz., puddled transplanted rice (PTR) and conventionally tilled wheat (CTW), are highly energy-intensive, leading to excessive greenhouse gas (GHG) emissions, lower energy use efficiency (EUE), and soil degradation. This 15-year field study, using a split-split plot design, evaluated the impact of various crop establishment methods on crop productivity, energy use, carbon indices, and GHG emissions under RWCS. Conservation agriculture (CA)-based practices such as zero-till direct-seeded rice (ZTDSR), dry-seeded rice (DSDSR), and zero-till wheat (ZTW) and wheat sown with a Turbo Happy Seeder with residue retention (THSW + R) were compared with conventional systems. The results showed that ZTDSR and THSW + R significantly reduced total input energy, fossil fuel use, and irrigation water demand, resulting in 14-21% energy savings compared to PTR-CTW systems. ZTDSR-THSW + R emerged as the most energy-efficient combination, recording the highest EUE (13.6) and the lowest system-specific grain energy (9.5 MJ kg-1), reducing global warming potential by over 50%. Despite slightly lower rice yields under ZTDSR, system productivity remained comparable due to superior wheat performance. Carbon output (8,907 kg C ha-1) and carbon efficiency ratio (11.43) were higher under CA-based treatments for wheat due to greater biomass returns and reduced carbon inputs (2,293 kg C ha-1). Integrating zero-till and residue management practices in RWCS enhances energy efficiency, improves sustainability metrics, and reduces environmental footprints. These findings support a transition from conventional to CA-based systems for climate-resilient, resource-efficient agriculture in the IGP and similar agroclimatic zones."
WOS:000360456000034,2015,English,Article,Water Resources and Food Security,,FOOTPRINT; IMPACT,"Agricultural water use includes a continuum from purely rainfed to fully irrigated systems. Growing pressures on limited water supplies from domestic, industrial, and environmental uses will likely lead to a decline in water availability for food production. Similarly, income growth and urbanization lead to dietary shifts that require more water resources per calorie consumed, putting further pressures on water supplies. As a result, semiarid and arid countries continue to increase net imports of food. Crop water use for sugarcane (Saccharum officinarum L.), maize (Zea mays L.), soybean [Glycine max (L.) Merr.], and fruits are expected to grow over time, whereas water use for wheat (Triticum aestivum L.) and rice (Oryza sativa L.) are expected to decline aft er 2030. These projections include substantial improvements in water use efficiency at the field, farm, and river basin scale over the coming decades in response to growing water scarcity. If these efficiency improvements are not achieved, future crop water demands would be even larger. Although water resources are a key limiting factor for future food security, policy and investment options to reduce agricultural water use exist on both the water supply and demand side; but political will and ingenuity are needed for their implementation."
WOS:001615622900012,2025,English,Article,Physiological indicators drive climate-smart and sustainable AWD irrigation in rice systems,Sustainable rice cultivation; Rice water stress physiology; Alternate wetting and drying; Greenhouse gas emission reduction; Central Thailand; SDG 6: Clean Water and Sanitation,DROUGHT STRESS; PHOTOSYNTHETIC PIGMENTS; STOMATAL CONDUCTANCE; DRYING IRRIGATION; OXIDATIVE STRESS; WATER FOOTPRINT; TOLERANCE; L.; MECHANISMS; EMISSIONS,"Efficient water management is crucial for modern rice cultivation, particularly in the context of climate change and limited water resources. To optimize irrigation, this study evaluated the physiological responses of rice to water stress. From January to April 2022, a randomized complete block design (RCBD) was employed to evaluate physiological traits associated with water regulation in rice plants. Key photosynthetic metrics, including stomatal conductance (g(sw)), leaf temperature (T-leaf), fluorescence (F-s), electron transport rate (ETR), and photosystem II efficiency (Phi(PSII)), as well as stress markers such as malondialdehyde (MDA) content and osmolality, were monitored. Results showed that g(sw) shifts preceded visible stress symptoms, making them reliable early indicators of irrigation need. In the second experiment, water-use efficiency, plant stress, and greenhouse gas (GHG) emissions were measured from October 2022 to February 2023 to refine alternative wetting and drying (AWD) methods for better water-use efficiency. Using g(sw) thresholds, the modified AWD (mAWD) outperformed conventional AWD (cAWD) in terms of irrigation water productivity (WPI) and consumptive water footprint (WFconsumption) without inducing stress conditions in rice. WPI for continuous flooding (CF), cAWD, mAWD was 1.16, 2.72 and 3.92 kg m(-3), while WFconsumption was 1,079.93, 584.90 and 517.57 m(3) t(-1), respectively. Additionally, mAWD reduced yield-scaled GHG emissions, enhancing environmental benefits. This study underscores the value of physiological monitoring, especially g(sw), to advance AWD irrigation for sustainable rice production."
WOS:001516366300001,2025,English,Article,Provincial-Level Carbon-Reduction Potential for Agricultural Irrigation in China,agricultural irrigation; carbon-reduction potential; water-saving; crop water requirement; provincial analysis in China,WATER; EMISSIONS; MANAGEMENT,"Globally, agricultural irrigation accounts for the majority of freshwater use and 15% of annual agricultural greenhouse gas emissions, highlighting its critical mitigation potential amid climate change. While localized Chinese studies have analyzed the water-energy-carbon nexus, nationwide assessments of irrigation carbon-reduction potential, integrating crop water requirements, water use, and energy consumption, remain limited due to scarce longitudinal panel data. This study fills this gap by evaluating provincial-level potentials in China (2004-2020) using national/provincial statistical data on crop areas, irrigation water, energy use, and climate parameters. Findings reveal pronounced spatial-temporal variations: Henan, Heilongjiang, and Shandong exhibit the highest crop water demands (driven by rice/maize/wheat), while Heilongjiang, Jiangsu, and Guangdong show substantial water-saving opportunities. Xinjiang has the largest amount of irrigation-related carbon emissions, whereas the northeastern provinces offer the greatest reduction potential. A positive correlation between irrigation-carbon efficiency and groundwater utilization underscores the need for improved groundwater management. By linking crop water requirements to emission reductions through a nationally representative dataset, this study provides empirical evidence for region-specific strategies to enhance water-use efficiency and reduce irrigation's environmental footprint. The findings inform policymakers on balancing agricultural productivity with sustainability goals, addressing both local water scarcity and global decarbonization imperatives."
WOS:001731976600001,2026,English,Article,Partial substitution of nitrogen fertilizer by Chinese milk vetch with different improvement measures achieves a win-win for rice productivity and environmental benefits,carbon footprint; emission reduction material; green manure; net ecosystem economic benefit; nitrogen fertilizer; water management,GREENHOUSE-GAS EMISSIONS; MANAGEMENT-PRACTICES; PADDY SOIL; TRANSPORT; BIOCHAR; SYSTEMS; YIELD; STRAW,"Introduction Green manuring has been proven to be a sustainable strategy for enhancing paddy soil fertility and reducing chemical fertilizer input. However, the anaerobic decomposition of green manure in flooded soils leads to substantial increase in methane (CH4) emissions. This study explored the coordinative effects of optimized water management and introduced emission reduction material on greenhouse gas (GHG) emissions in a Chinese milk vetch-rice rotation system.Methods A two-year (2022-2024) field experiment was conducted with four treatments: (T1, control) winter fallow + conventional nitrogen application; (T2) green manuring + 30% nitrogen reduction; (T3) green manuring + 30% nitrogen reduction + delayed flooding; and (T4) green manuring + 30% nitrogen reduction + ethephon application. Compared to T1, T2 treatment maintained rice yields while having no significant effect on annual cumulative CH4 emissions from the paddy field system. The global warming potential (GWP) slightly decreased under T2 treatment due to reduced nitrous oxide (N2O) emissions. T3 treatment lowered CH4 emissions in the stage between green manuring and rice transplanting (-80.2%), leading to noticeable reductions in annual GWP (-17.6%) and GHG intensity (-23.7%). Under T4 treatment, CH4 emissions were suppressed after green manuring until rice harvest (-33.6%), accounting for the lowest annual GWP (-29.9%) and GHG intensity (-37.1%) alongside the highest rice yields. All improvement measures reduced the carbon footprint and enhanced the net ecosystem economic benefit, with T4 treatment demonstrating the maximum economic and environmental benefits.Conclusion When applying Chinese milk vetch to substitute 30% of nitrogen fertilizer in the rice season, integration with delayed flooding or ethephon application leads to coordinated rice yield improvement and GHG emission reduction. This study provides a feasible agronomic strategy for green production in paddy fields and offers a technical solution for mitigating GHG emissions while safeguarding rice productivity."
WOS:001744983200001,2026,English,Article,Marker-assisted introgression of brown planthopper resistance and herbicide tolerance for integrated pest management in direct seeded rice,Resistance breeding; Hoppers; Imazethapyr tolerance; Weedy rice; Sustainability,NILAPARVATA-LUGENS STAL; ORYZA-SATIVA L.; TEMPERATURE; LOCUS,"Brown planthopper (BPH) is a major pest of rice. Growing direct seeded rice (DSR) without constant standing water or intermittent draining reduces its pop-ulation buildup. However, volunteer, wild and weedy rice create a major hurdle in adoption of DSR as conventional herbicides or manual weeding fail to control them. These invasive weeds from the same genus may attract BPH on the stand-ing crops of resistant rice varieties besides supporting pest overwintering. Forty-eight accessions of 22 Oryza species along with trait-specific checks were screened for BPH-resistance and imazethapyr-tolerance. Only IRGC 88828 (O. schweinfur-thiana) was BPH-resistant, and none were tolerant to imazethapyr indicating the scope of harnessing the complementary benefits through introgression of both the traits in a single genotype. Two epistatic BPH-resistance QTLs from a landrace Salkathi and novel Aceto Hydroxy Acid Synthase (AHAS) gene mutation confer-ring imazethapyr tolerance were separately introgressed in a popular rice variety Naveen. After blind multilocation trials, BPH resistant near isogenic lines (NILs) with qBph4.3 + qBph4.4 were notified for general cultivation in India. Introgression of AHAS gene through tightly linked marker RM6844 enabled efficient control of the weed complexes of rice through imazethapyr application. However, in compari-son to Naveen, significant reduction of grain yield (5.28-15.84%) and head rice re-covery (15.68-15.85%) were recorded in the NILs. While combining the two traits, recombinants between AHAS and RM6844 were identified, which circumvented the linkage drags. Cultivation of the dual improved NILs will enable integrated pest management besides reducing cultivation cost, grain admixtures, insecticide use and environmental footprint in rice cultivation."
WOS:001677691900001,2026,English,Article,Sequential hydrolysis-pyrolysis engineered biochar for highly dispersed MgO nanosheets doping and its superior phosphate adsorption performance,MgO-doped biochar; Sequential hydrolysis-pyrolysis; Phosphate; Life cycle assessment,RICE HUSK BIOCHAR; AQUEOUS-SOLUTIONS; REMOVAL; NANOCOMPOSITES; CORROSION; AMMONIUM; NITROGEN; ISOTHERM; BIOMASS; NITRATE,"Magnesium (Mg)-doped biochar (Mg-BC) has been thoroughly investigated and confirmed as promising adsorbent for low-level phosphate (P) removal from water/wastewater. However, traditional methods exhibited suboptimal performance due to MgO particles agglomeration during uncontrolled synthesis. This study proposed a sequential hydrolysis-pyrolysis method to tailor the doped MgO nanoparticles on biochar matrix. Results suggested that the 200 degrees C hydrothermal pretreatment provided a critical prerequisite for following in-situ growth of uniformly self-assembled MgO nanosheets on the biochar matrix, which boosted the specific surface area to 182.88 m2/g. The obtained biochar exhibited outstanding performance: maximum adsorption capacity reached 160.83 mg/g with initial adsorption rate nearly 43 times higher than control group. Furthermore, the optimal biochar exhibited high stability across a broad pH range (3-11) with strong resistance to sulfate interference. More importantly, the inherent elevation of pH after Mg based biochar treatment was significantly relieved: the effluent pH after adsorption was controlled below 8.5 while the control group exceeded 10. The uniformly doped MgO nanosheets exhibited enhanced mass transfer efficiency, owing to their high specific surface area and uniformly dispersed active sites. The life cycle assessment revealed a fundamental shift in the environmental footprint of the sequential hydrolysis-pyrolysis biochar: for global warming potential (GWP), the contribution from electricity consumption decreased from 66.79 % to 41.94 %, while its total GWP was reduced by 38.83 % compared to the control group. These findings highlighted the significance of sequential hydrolysis-pyrolysis on MgO nanosheets tailoring and its induced superior P removal performance, which deepened the understanding of relationship between biochar matrix and doped nanosheets."
WOS:001544990800003,2025,English,Article,Nano-architectural adaptations in roots: pyrogenic material for crop resilience and circularity,Biomass; Pyrogenic minerals; Silica; Nano-rhizosphere; Crop resilience; XHR FESEM; Circularity,,"Comparative effects of reputable growth media, organic compost (ORS), and rice husk biochar (RIFORB) on Chlorophytum comosum captured a distinctive factor engendering resilience to neglect. C. comosum grown in various blends of compost and biochar was vulnerable, except in the case of 100 % biochar and 100 % compost. C. comosum grown in biochar developed extended roots and remained green despite the water deficit, fortification-free, and soil-less conditions. A distinct nanoscale root system, characterized by arrays of 50 nmwidth strings, unreeled from 100 to 200 mu m-length 'flaps' as a high-precision navigator. Extra-high-resolution Field Emission Scanning Electron Microscopy revealed the nano strings weaving through the pyrogenic nanopores of the RIFORB, giving rise to mineral anchoring. The nanoscale response to the pyrolyzed structure marks a novel pyrogenic minero-tropism, reciprocating with the nanostructured material of dissolved minerals for survival. Not triggered by ORS, the adaptive phenomenon signals the potential of RIFORB for high-resilience and high-precision soil-less farming with a low water footprint."
WOS:001578587100001,2025,English,Article,Enhancing Spinach Growth and Soil Edaphic Factors Using Aquatic Weed-Derived Biochar,aquatic weeds; biochar; pyrolysis temperature; soil amelioration; valorization,PYROLYSIS TEMPERATURE; PHYSICOCHEMICAL PROPERTIES; FEEDSTOCK TYPE; RICE HUSK; WATER; WASTE; YIELD; AVAILABILITY; IMPACT,"Phragmites australis (Cav.) Trin. ex Steud and Lemna minor L. are non-native aquatic weeds. They disturb the habitat dynamics by competing with native flora for water and nutrition, deplete oxygen in water bodies, destroy water quality, and create habitat for mosquitoes and other parasites. Valorization of this huge biomass into biochar is a sustainable approach to address both environmental and agricultural challenges. It not only mitigates the climate issues by proper management but also sequesters carbon and improves soil quality. The current study manifests the utility of Phragmites australis and Lemna minor biomass as a feedstock for pyrolysis, at 400 degrees C, 500 degrees C, and 600 degrees C, to design Lemna minor biochar (LMBC400, LMBC500, and LMBC600) and Phragmites australis biochar (PABC400, PABC500, and PABC600). These biochars were added as a soil conditioner to estimate the productivity of test crops. The results demonstrate that ash content, pH, electrical conductivity (ECe), and fixed carbon are directly proportional to pyrolysis temperature, whereas oxygen, hydrogen, nitrogen, volatile contents, and bulk density (BD) are inversely proportional to pyrolysis temperature. Scanning electron microscopy (SEM) and Fourier transform infrared (FTIR) spectroscopy analyses proved that high pyrolysis temperature increases the porosity and phenolic compounds in biochar, which improves the surface quality. The percentage of nutrients such as Mg, Fe, N, Ca, N, P, K, and Zn increases by elevating pyrolysis temperature due to unlocking and release under the influence of heat. Soil quality parameters (viz. pH, BD, ECe, water holding capacity [WHC], total dissolved solids [TDS], and soil organic matter [SOC]) improved in favor of plant growth conditions, so the yield of test crops increased. So, LMBC600 and PABC600 had great potential to improve soil and productivity. It is a promising approach to manage this colossal volume of P. australis and L. minor through green technology by recycling this biowaste into a worthy product biochar, which is an alternative to chemical fertilizer in agronomical practices, which leave eco-toxic footprints and play havoc to the environment."
WOS:001655802300007,2025,English,Article,Towards Sustainable Concrete: Performance of Eco-Cement with Agricultural and Industrial Waste Materials,Supplementary cementitious materials; sustainable concrete; rice husk ash; waste glass powder; CO2 emission reduction,ASH,"The construction industry is a major contributor to global carbon dioxide (CO2) emissions, largely due to the widespread use of Ordinary Portland Cement (OPC). This study investigates the potential of eco-cement produced by replacing agricultural and industrial waste materials as a sustainable alternative to customary cement. The performance of eco-cement partially replaced by Rice Husk Ash (RHA) (agricultural waste) and waste glass particles (industrial waste) was evaluated in terms of compressive strength, water absorption, porosity, and environmental impact. The results highlighted that the control sample consistently achieved impressive compressive strength up to 21.88 MPa, particularly during the early age of curing. However, the involvement of Supplementary Cementitious Materials (SCMs) demonstrated slightly slow strength gain for most of the curing age. Among the SCMs, OPC/RHA evaluated samples demonstrate the most reliable and remarkable improvement for all assessed criteria, indicating an acceptable durability, followed by OPC/Waste Glass Powder (WGP) and OPC/All samples. For the sustainability assessment, the incorporation of RHA and WGP resulted in a decline in CO2 emissions, with OPC/WGP presenting a noticeable potential for CO2 savings of 4.4%. The study reveals that the combination of RHA and WGP in eco-cement is able to develop good compressive strength and minimising the environmental footprint of concrete production. Overall, this study supports the use of eco-cement as a sustainable construction material, offering both performance advantages and a major decrease in environmental impact compared to traditional cement production."
WOS:001343668700001,2024,English,Article,Appropriately delayed flooding before rice transplanting increases net ecosystem economic benefit in the winter green manure-rice rotation system,Flooding management; Green manure; Rice straw; Greenhouse gas; Carbon footprint; Net ecosystem economic benefit,NITROUS-OXIDE EMISSIONS; GAS EMISSIONS; CARBON SEQUESTRATION; MANAGEMENT-PRACTICES; METHANE PRODUCTION; EXTRACTION METHOD; PADDY SOIL; STRAW; BIOGEOCHEMISTRY; FERTILIZATION,"In southern China, co-incorporating winter green manure and rice straw has proven to be a practical and economically viable strategy that enhances soil carbon (C) sequestration and agricultural productivity in rice paddies. However, the issue of how to control the greenhouse gas (GHG) emissions in paddy fields owing to the incorporation of substantial organic matter remains a bottleneck. A 2-year field experiment was conducted, which included five treatments: conventional water management with no residue (CK) and with co-incorporation of green manure and rice straw (GM+Rs), delayed flooding by 5, 10, and 15 days after the co-incorporation of green manure and rice straw (GM+Rs-DW5, GM+Rs-DW10, and GM+Rs-DW15) before transplanting rice seedlings. The delayed flooding treatments reduced the 2-year average CH4 emissions by 40.9%-60.8% compared with GM+Rs. The delayed flooding inhibited the growth of methanogens and CH4 emissions, which was linked to a reduction of dissolved organic carbon (DOC) concentration in surface water. The lowest C footprint (4.05 t CO2-eq ha-1) as well as the yield-scaled C footprint (0.6 kg CO2-eq kg-1) were observed in the GM+Rs-DW10 treatment, both even lower than those in CK (15.11 t CO2-eq ha-1 and 2.1 kg CO2-eq kg-1). Moreover, the GM+Rs-DW10 treatment led to an increase in net ecosystem economic benefit (NEEB) of 3750 and 2870 CNY ha-1 than CK and GM+Rs over a 2-year period. Collectively, delayed flooding with green manure and rice straw incorporation is conducive to achieving high NEEB and low risk of GHG emissions. This finding provides important and novel insights for eco-efficient rice production."
WOS:001192621800001,2024,English,Article,Integrating IOTA's Tangle with the Internet of Things for Sustainable Agriculture: A Proof-of-Concept Study on Rice Cultivation,agrifood sector; internet of things (IoT); distributed ledger technologies (DLT); IOTA tangle; rice cultivation; sustainability; real-time data recording; environmental footprint,SYSTEM,"Addressing the critical challenges of resource inefficiency and environmental impact in the agrifood sector, this study explores the integration of Internet of Things (IoT) technologies with IOTA's Tangle, a Distributed Ledger Technology (DLT). This integration aims to enhance sustainable agricultural practices, using rice cultivation as a case study of high relevance and reapplicability given its importance in the food chain and the high irrigation requirement of its cultivation. The approach employs sensor-based intelligent irrigation systems to optimize water efficiency. These systems enable real-time monitoring of agricultural parameters through IoT sensors. Data management is facilitated by IOTA's Tangle, providing secure and efficient data handling, and integrated with MongoDB, a Database Management System (DBMS), for effective data storage and retrieval. The collaboration between IoT and IOTA led to significant reductions in resource consumption. Implementing sustainable agricultural practices resulted in a 50% reduction in water usage, 25% decrease in nitrogen consumption, and a 50% to 70% reduction in methane emissions. Additionally, the system contributed to lower electricity consumption for irrigation pumps and generated comprehensive historical water depth records, aiding future resource management decisions. This study concludes that the integration of IoT with IOTA's Tangle presents a highly promising solution for advancing sustainable agriculture. This approach significantly contributes to environmental conservation and food security. Furthermore, it establishes that DLTs like IOTA are not only viable but also effective for real-time monitoring and implementation of sustainable agricultural practices."
WOS:001366742500001,2024,English,Article,A Newly Bio-Based Material for the Construction Industry Using Gypsum Binder and Rice Straw Waste (Oryza sativa),gypsum; rice straw; natural based solutions; sustainability; agricultural waste,PLASTER; ELEMENTS; REED,"Construction is one of the economic sectors with the greatest influence on climate change. In addition to working procedures, the primary carbon footprint is attributed to the choice of materials and the energy required for their manufacturing. The underlying idea of this study is to minimize the effects and offer new solutions to emerging problems in the quest for materials that can be deemed as natural, such as gypsum (calcium sulphate dihydrate) and rice straw (Oryza sativa). The acquisition of these materials involves a lower carbon footprint compared to the conventional materials. It is well known since ancient times that gypsum and cereal straw can be used in construction, with numerous examples still available. Cereal straw is one of the oldest construction materials, traditionally combined with earth and occasionally with certain binders, with it continuing to be employed in construction in many countries to this day. This work showcases the feasibility of producing stable prefabricated elements from straw waste with construction gypsum, addressing a significant environmental concern posed by the alternative of having to burn such materials. In this study, for the proposed bio-based material, specific tests, such as thermal conductivity, flexural and compressive strength, and fire resistance, were carried out to evaluate the principal physical and mechanical characteristics for different compositions of water, gypsum, and straw fiber samples. The results highlighted the good performance of the proposed materials in order to spread their use in the green building industry. The addition of straw fibers improved, in different ways, some important physical characteristics of these components so as to diminish environmental pollution and to obtain better material performance. The tests highlighted the different behaviors of the proposed material with respect to the different cuts of the straw and as well as the water/gypsum ratio; this is not very well understood and probably depends on the micro structure of the straw fibers. The blocks with raw straw showed a significant improvement in the breaking mechanism (1775.42 N) compared to the blocks with cut straw (712.26 N) when subjected to bending tests, and their performance in compression tests was also acceptable. Additionally, a very interesting reduction in thermal conductivity was achieved by incorporating rice straw (0.233 W/mK), and high fire exposure times were obtained, with gypsum preventing the spread of ignition in any type of fiber."
WOS:000338763900007,2014,English,Article,Determination of virtual water content of rice and spatial characteristics analysis in China,,FOOTPRINT; CONSUMPTION; IRRIGATION,"China is a water-stressed country, and agriculture consumes the bulk of its water resources. Assessing the virtual water content (VWC) of crops is one important way to develop efficient water management measures to alleviate water resource conflicts among different sectors. In this research, the VWC of rice, a major crop in China, is taken as the research object. China covers a vast land area, and the VWC of rice varies widely between different regions. The VWC of rice in China is assessed and the spatial characteristics are also analysed. The total VWC is the total volume of freshwater both consumed and affected by pollution during the crop production process, including both direct and indirect water use. Prior calculation frameworks of the VWC of crops did not contain all of the virtual water content of crops. In addition to the calculation of green, blue and grey water - the direct water in VWC - the indirect water use of rice was also calculated, using an input-output model. The percentages of direct green, blue, grey and indirect water in the total VWC of rice in China were found to be 43.8, 28.2, 27.6, and 0.4 %. The total VWC of rice generally showed a roughly three-tiered distribution, and decreased from southeast to northwest. The higher values of direct green water usage were mainly concentrated in Southeast and Southwest China, while the values were relatively low in Northwest China and Inner Mongolia. The higher direct blue water values were mainly concentrated in the eastern and southern coastal regions and Northwest China, and low values were mainly concentrated in Southwest China. Grey water values were relatively high in Shanxi and Guangxi provinces and low in Northeast and Northwest China. The regions with high values for indirect water were randomly distributed but the regions with low values were mainly concentrated in Northwest and Southwest China. For the regions with relatively high total VWC the high values of blue water made the largest contribution, although for the country as a whole the direct green water is the most important contributor."
WOS:001107224400001,2024,English,Article,Greenhouse gas emissions from bio-based growing media: A life-cycle assessment,Life cycle assessment; Extruded willow wood fiber; Willow; based compost; Willow-based hydrochar; Degassed fiber from agricultural waste; Greenhouse gas emission,ANAEROBIC CO-DIGESTION; SOIL CARBON CHANGES; HYDROTHERMAL CARBONIZATION; WATER RECIRCULATION; WILLOW PLANTATIONS; AGRICULTURAL LAND; PARBOILED RICE; METHANE YIELD; ENERGY CROPS; PLANT-GROWTH,"In this study, using an LCA approach we explored how bio-based peat alternatives (wood fiber, compost, and hydrochar based on willow and degassed fiber from agricultural waste) and their mixtures (75 % peat with 25 % peat alternative) as growing media (GM) for plant production in Denmark may provide benefits for reducing greenhouse gas emissions compared to peat. To perform this, foreground data (collected via personal communication and literature) was used together with background data from Ecoinvent V3.8. The chosen functional unit was 1 m3 of GM and the system boundary was from cradle to use as GM. The global warming potential of all the peat alternatives showed significant reduction, varying between 89 and 109 % compared to peat. When incorporating 25 % of each alternative with peat, the climate footprint was reduced by 16 to 33 % compared to pure peat. Thus, there are large climate prospects in replacing peat with bio-based alternatives, and the results underlines the relevance of being able to increase the proportion of the bio-based components in their mixtures with peat beyond the 25 % and towards 100 % replacement. The effectiveness of peat substitutes in term of reducing the CO2 emissions is affected by choice of the feedstock, their processing method and emissions of their end-use."
WOS:001008793600001,2023,English,Article,Climate change-induced aridity is affecting agriculture in Northeast Italy,Climate change; Italy; Agriculture; Aridity; Remote sensing,DROUGHT IMPACT; ADRIATIC SEA; PO VALLEY; CHANGE SCENARIOS; WATER FOOTPRINT; CROP YIELD; TEMPERATURE; PRECIPITATION; VARIABILITY; REGION,"CONTEXT: The Mediterranean basin and specifically Northeast Italy are recognised as climate change hotspots. The latter is a key socio-economic area in Europe among the most agriculturally productive. However, increasingly frequent drought periods (typical of drier climates) are threatening agriculture. An extreme event occurred in the summer of 2022. It dramatically affected northern Italy, through high temperatures, water shortages and indirect processes (such as saltwater intrusion in the Po River Delta). OBJECTIVE: The objective is to map and quantify the agricultural areas in Northeast Italy at risk of climate zone shift due to human-induced climate change, providing a comprehensive overview of the main threatened agri-cultural systems and supporting the use of projections through historical data analysis. METHODS: We compared the distribution of current (1980 > 2016) and future (2071 > 2100; RCP8.5 scenario) climate zones for 8 main agricultural systems in 14 key provinces in Northeast Italy. Further analyses were performed on historical data to support future climate projections and to analyse agricultural drought during extreme events: (1) a multi-temporal Aridity Index (AI) to investigate aridification dynamics; (2) a focus on the 2022 event (drought and temperature extremes, a situation that is likely to occur more often in the future), combining a Vegetation Health Index (VHI) with a zonal investigation of high Land Surface Temperature (LST); (3) a climate focus for the Po River Delta cultural landscape. RESULTS AND CONCLUSIONS: The results show that the climate in Northeast Italy is evolving towards drier conditions, posing a challenge to agriculture. The Adriatic coast could become an Arid zone, a finding in line with historical observations. Rice fields will be most at risk (76% of their surface could become Arid in the future), as well as the irrigated lands that are essential for food security (around 20% expected in the Arid zone). Worthy iswhat is foreseen for crops on slopes (often not irrigated), which may experience drier summers (60% of the surface). SIGNIFICANCE: We identified the areas at risk of climate change at the farm scale in Northeast Italy, mapping where the threatened fields are located, what their extent is, and which agricultural systems are currently implemented. Such information would facilitate early action, guiding large-scale planning towards more resilient agriculture. Findings could promote sustainable water management plans, open the debate on which crops are worth growing based on future climate, and inspire more localised studies in the design of mitigation measures."
WOS:000292075100044,2011,English,Article,Environmental Impacts of Water Use in Global Crop Production: Hotspots and Trade-Offs with Land Use,,FOOTPRINT; CONSUMPTION,"Global crop production is causing pressure on water and land resources in many places. In addition to local resource management, the related environmental impacts of commodities traded along international supply chains need to be considered and managed accordingly. For this purpose, we calculate the specific water consumption and land use for the production of 160 crops and crop groups, covering most harvested mass on global cropland. We quantify indicators for land and water scarcity with high geospatial resolution. This facilitates spatially explicit crop-specific resource management and regionalized life cycle assessment of processed products. The vast cultivation of irrigated wheat, rice, cotton, maize, and sugar cane, which are major sources of food, bioenergy, and fiber, drives worldwide water scarcity. According to globally averaged production, substituting biofuel for crude oil would have a lower impact on water resources than substituting cotton for polyester. For some crops, water scarcity impacts are inversely related to land resource stress, illustrating that water consumption is often at odds with land use. On global average, maize performs better than rice and wheat in the combined land/water assessment. High spatial variability of water and land use related impacts underlines the importance of appropriate site selection for agricultural activities."
WOS:000991255400001,2023,English,Article,Dry direct-seeded rice has higher energy and carbon production efficiencies without reducing economic benefits,carbon footprint; energy; production efficiency; rice; water management,GREENHOUSE-GAS EMISSIONS; NITROGEN-FERTILIZATION; PRODUCTION SYSTEMS; ORYZA-SATIVA; USE PATTERN; AGRICULTURE; TILLAGE; CONSERVATION; FOOTPRINT; MAIZE,"BackgroundWater and energy shortages and food security challenges associated with global warming are essential issues affecting human survival and development. Rice is one of the world's top three staple food crops. In the present study, the energy footprint (EF), carbon footprint (CF), energy production efficiency (EPE), carbon production efficiency (CPE), and economic benefit (EB) of dry direct-seeded rice (DSR), wet direct-seeded rice (WSR), and transplanted rice (TPR), respectively, were integrated and assessed. ResultsThe yield of WSR and TPR was 9.64% and 13.76% higher than that of DSR, respectively. However, DSR has less irrigation and less intensive field tillage; therefore, its energy input, and CF, were 37.47% and 44.29%, and 29.35% and 34.77%, lower than those of WSR and TPR, respectively; the EPE and CPE were obviously improved; and the EB was not lower than that of WSR and TPR. Current rice production relies heavily on non-renewable energy inputs such as nitrogen fertilizer, diesel, and machinery. Therefore, the key to improving EPE, CPE, and EB in rice production at the same time as reducing CF was to improve water use efficiency and decrease the intensity of paddy tillage. ConclusionThe DSR has higher social, economic, and ecological benefits and can be the preferred rice planting method for rice production areas. (c) 2023 Society of Chemical Industry."
WOS:000526392900008,2020,English,Article,The global cropland-sparing potential of high-yield farming,,AGRICULTURAL INTENSIFICATION; CLIMATE-CHANGE; LAND-USE; FOOD; WATER; NITROGEN; SYSTEM; FLEXIBILITY; RESPONSES; NUTRIENT,"Agriculture has a massive and growing footprint. This study finds that optimizing fertilizer and major crops globally could reduce by 50% needed global cropland, allowing restored vegetation on spared land to sequester carbon. The global expansion of cropland exerts substantial pressure on natural ecosystems and is expected to continue with population growth and affluent demand. Yet earlier studies indicated that crop production could be more than doubled if attainable crop yields were achieved on present cropland. Here we show on the basis of crop modelling that closing current yield gaps by spatially optimizing fertilizer inputs and allocating 16 major crops across global cropland would allow reduction of the cropland area required to maintain present production volumes by nearly 50% of its current extent. Enforcing a scenario abandoning cropland in biodiversity hotspots and uniformly releasing 20% of cropland area for other landscape elements would still enable reducing the cropland requirement by almost 40%. As a co-benefit, greenhouse gas emissions from fertilizer and paddy rice, as well as irrigation water requirements, are likely to decrease with a reduced area of cultivated land, while global fertilizer input requirements remain unchanged. Spared cropland would provide space for substantial carbon sequestration in restored natural vegetation. Only targeted sparing of biodiversity hotspots supports species with small-range habitats, while biodiversity would hardly profit from a maximum land-sparing approach."
WOS:001270461400001,2024,English,Article,Mineralisation of CO2 in wood biomass ash for cement substitution in construction products,biomass residue/waste; biomass ash; CO2 mineralisation; construction materials; cement replacement; CO2 emission reduction,RICE HUSK ASH; FLY-ASH; BAGASSE ASH; CARBON FOOTPRINT; BOTTOM ASH; REPLACEMENT; COMBUSTION; CONCRETE; MORTARS; SEQUESTRATION,"This study extends our exploration of the potential of biomass ashes for their CO2-reactivity and self-cementing properties. The ability of three hardwood-based biomass ashes to mineralise CO2 gas and partially replace CEM I in mortars was investigated. The three hardwoods were English oak (Quercus rober), English lime (Tilia x europaea), and beech (Fagus sylvatica). The woody biomass wastes were incinerated at 800 degrees C to extract their key mineral phases, which are known to be reactive to CO2 gas to form carbonates. The selected biomass ashes were analysed for their CO2-reactivity, which was in the range of 32-43% (w/w). The ashes were used to replace CEM I at 7 and 15% w/w and this ""binder"" was mixed with sand and water to produce cylindrical monolithic samples. These monoliths were then carbonated and sealed cured over 28 days. The compressive strength, density and microstructure of the carbonate-hardened monoliths were examined. The ash-containing monoliths displayed mature strengths comparable to the cement-only reference samples. The CO2 uptake of oak containing monoliths was 7.37 and 8.29% w/w, for 7 and 15% ash substitutions, respectively. For beech and English lime they were 4.96 and 6.22% w/w and 6.43 and 7.15% w/w, respectively. The 28 day unconfined compressive strengths for the oak and beech ashes were within the range of similar to 80-94% of the control, whereas lime ash was 107% of the latter. A microstructural examination showed carbonate cemented sand grains together highlighting that biomass ash-derived minerals can be very CO2 reactive and have potential to be used as a binder to produce carbonated construction materials. The use of biomass to energy ash-derived minerals as a cement replacement may have significant potential benefits, including direct and indirect CO2 emission savings in addition to the avoidance of landfilling of these combustion residues."
WOS:001015892600001,2023,English,Article,Effects of Irrigation Regimes and Rice Varieties on Methane Emissions and Yield of Dry Season Rice in Bangladesh,methane; rice cultivars; alternate wetting and drying; emission factor; rice yield,NITROGEN USE EFFICIENCY; GREENHOUSE-GAS EMISSIONS; NITRIC-OXIDE EMISSIONS; WATER MANAGEMENT; CROPPING SYSTEMS; PADDY; FIELD; CH4; TRANSPORT; OXIDATION,"Adoption of the right rice variety and water-saving irrigation method could reduce greenhouse gas (GHG) emissions in lowland rice cultivation. A study was conducted at the research farm of Bangladesh Agricultural University, Mymensingh, Bangladesh, in 2019 during the Boro (dry) season to determine the impacts of different rice varieties (BRRI dhan29, BRRI dhan47, BRRI dhan69, Binadhan-8, Binadhan-10, and Binadhan-17) on methane (CH4) emissions under two irrigation methods, i.e., alternate wetting and drying (AWD) and continuous flooding (CF). The treatments were laid out in a split-plot design, considering water regime as the main plots and rice variety as the sub-plots. The emission rates of CH4 were determined by collecting air samples using the closed chamber technique and measuring the concentrations using a gas chromatograph. CH4 emission rates varied with the growth and development of the rice varieties. The lowest cumulative CH4 emission rate was observed in Binadhan-17, particularly under AWD irrigation. Across the rice varieties, AWD irrigation significantly reduced the cumulative CH4 emissions by about 35% compared with CF. No significant variation in rice yield was observed between AWD (5.38 t ha(-1)) and CF (5.16 t ha(-1)). This study suggests that the cultivation of Binadhan-17 under AWD irrigation could be effective at reducing the carbon footprint of lowland rice fields."
WOS:001327486600001,2024,English,Article,A hybrid variable flux irrigation model for mitigating agroecological impacts of straw incorporation and furrow ridge system in rice-wheat rotations,Hydrus 2D/3D; Soil anoxia; Runoff control; Furrow irrigation; Optimal loop models,NITROUS-OXIDE EMISSIONS; REDUCES METHANE EMISSION; SOIL-WATER DYNAMICS; HYDRAULIC CONDUCTIVITY; OPTIMIZATION MODEL; CROPPING SYSTEMS; PADDY FIELD; MANAGEMENT; YIELD; RUNOFF,"Shifting from traditional puddled transplanted rice to mechanized drilled-seeding, combined with rotary straw mixing and furrow irrigation, has proven to be a crucial strategy for reducing methane emissions while optimizing resource utilization and productivity. However, this technique introduces other challenges, such as furrow runoff and soil erosion, which contribute to the degradation of ridge/bed soil quality, fertilizer loss, and transport of agroecological pollutants. Therefore, this study explores a hybrid variable flux irrigation (VFI) model as a decision support tool to mitigate these limitations by controlling soil anoxia and runoff in furrow-irrigated rice after straw incorporation. The approach integrates the Hydrus 2D/3D with optimal loop controllers to adjust pump operations based on specific soil moisture levels, variable flux, and furrow water flow depths. Experimental validation and a field case study were conducted in Babaiqiao, Nanjing City, China, where rotary straw mixing and furrow-ridge layouts were applied alongside dry rice seeding and soil hydraulic experiments. The performance indicators of the Hydrus 2D/3D variable flux demonstrated reliable simulation of lateral wetting rates and soil moisture content with R-2 of 0.79 and 0.89, corresponding RMSE values of 7.90 % and 7.60 %, and MRE values of 1.85 m/day and 0.07 cm(3)/cm(3), respectively. The VFI model proved effective, indicating that the optimal irrigation schedule consisted of three distinct supply regimes. During each cycle, the pump operated intermittently, running for approximately 2.66 hours. VFI led to a 33 % reduction in pumping energy costs while simultaneously mitigating soil anoxia and furrow runoff, thus a potential to reduce the environmental footprint of rice-wheat rotations. Although rice yields under drilled seeding were reduced by 9.56 % compared to flood irrigation due to heavy weed infestation, the VFI model provides valuable insights for promoting straw incorporation and implementing practical solutions that support optimal water utilization and sustainable productivity."
WOS:001376124800001,2024,English,Article,Geographical Distribution Dynamics of Acorus calamus in China Under Climate Change,<italic>Acorus calamus</italic>; MaxEnt; ENMeval package; land use; human,COMPLEXITY; MAXIMUM; HABITAT; IMPACT,"Acorus calamus, a perennial emergent herb, is highly valued for its ornamental appeal, water purification ability, and medicinal properties. However, there is a significant contradiction between the rapidly increasing demand for A. calamus and the diminishing wild resources. Understanding its geographical distribution and the influence of global climate change on its geographical distribution is imperative for establishing a theoretical framework for the conservation of natural resources and the expansion of its cultivation. In this study, 266 distribution records of A. calamus and 18 selected key environmental factors were utilized to construct an optimal MaxEnt model via the ENMeval package. We simulated the potential geographical distributions under current conditions and under three different climate scenarios (SSP126, SSP370, and SSP585) in the 2050s, 2070s, and 2090s. Additionally, we employed the jackknife method and response curves to identify the environmental factors with the greatest influence on the distribution of A. calamus, and their response intervals. The results indicate that the regularization multiplier (RM) of 3.5 and the feature combinations (FC) of linear (L), quadratic (Q), hinge (H), and product (P) are the optimal model parameter combinations. With these parameters, the model predictions are highly accurate, and the consistency of the results is significant. The dominant environmental factors and their thresholds affecting the distribution of A. calamus are the precipitation of the wettest month (>= 109.87 mm), human footprint (>= 5.39), annual precipitation (>= 388.56 mm), and mean diurnal range (<= 12.83 degrees C). The primary land use types include rivers and channels, reservoirs and ponds, lakes, urban areas, marshes, other constructed lands, rice fields, forested areas, and shrublands. Under current climate conditions, the suitable geographical distribution of A. calamus in China is clearly located east of the 400 mm precipitation line, with high- and low-suitability areas covering 121.12 x 104 km2, and 164.20 x 104 km2, respectively. Under future climate conditions, both high- and low- suitability areas are projected to increase significantly, whereas unsuitable areas are expected to decrease, with the centroid of each suitability zone shifting northward. This study provides a theoretical foundation for sustainable utilization, future production planning, and the development of conservation strategies for wild germplasm resources of A. calamus."
WOS:000445981200024,2018,English,Article,Use of Vietnamese rice husk ash for the production of sodium silicate as the activator for alkali-activated binders,Alkali-activated binder; Alkaline activators; Rice Husk Ash; Fly ash; Ground granulated blast furnace slag; Simplified environmental analysis,WATER-TREATMENT SLUDGE; BLAST-FURNACE SLAG; FLY-ASH; WASTE GLASS; GEOPOLYMER; CEMENT; SUBSTITUTION; CONCRETE,"Geopolymer and Alkali-Activated Binders (AAB) has recently emerged as a new, green material with the potential to replace Portland cement in several applications. They can reduce the CO2 footprint of concrete by up to 80% and this is in addition to being more durable in certain aggressive environments. However, commercial alkaline activators contribute significantly to the cost and CO2 footprint of AAB concrete mixes. This research investigated the production of a low cost, low environmental impact sodium silicate solution (waterglass) from Rice Husk Ash (RHA) and more specifically RHA from Vietnam. A hydrothermal process for the dissolution of RHA in sodium hydroxide solution was developed. Sodium hydroxide solution concentration, process temperature and duration were studied. Optimised procedure parameters were found to be: NaOH concentration 3M, heating temperature 80 degrees C and heating duration 3 h. The obtained solution was used for the production of AAB mortar made with a blend of fly ash and ground granulated blast furnace slag. Obtained compressive strength of mortar was in the range of 60 MPa at 28 days, matching the strength obtained from control samples produced with commercially available activators. Microstructural investigation (isothermal calorimetry, infrared spectroscopy, X-ray diffraction and thermogravimetric analysis) on pastes confirmed the equivalence between the solution produced with the optimised method and commercially available options. Cost analysis indicated that the proposed method could allow a reduction of almost 55% of the cost for the activation of AAB. Results from a simplified preliminary environmental analysis suggested increased sustainability of the RHA-derived solution when compared with commercially available waterglass. (C) 2018 Elsevier Ltd. All rights reserved."
WOS:001257500900003,2024,English,Article,Response Surface Optimization of Rice and Guinea Corn Husk Ash Blended Concrete,Concrete; Guinea Corn Husk Ash; Rice Husk Ash; Compressive Strength; Split-Tensile Strength,MECHANICAL-PROPERTIES; CEMENT; STRENGTH; REPLACEMENT; DURABILITY,"Concrete, a fundamental construction material, consists of aggregates, water, cement, and additives. Unfortunately, the large-scale production of cement is a major contributor to carbon dioxide (CO 2 ) emissions, primarily from the manufacturing process and the consumption of fossil fuels. This not only incurs environmental costs associated with global warming but also depletes vital limestone deposits. To mitigate these issues, this study aims to explore the optimal utilization of Guinea Corn Husk Ash (GCHA) and Rice Husk Ash (RHA) in concrete. This research investigated the chemical properties of GCHA and RHA, and their impact on the compressive and split-tensile strengths of concrete when integrated in various proportions. The study reveals that both GCHA and RHA meet the minimum oxide content requirement of 70% set by ASTM C618, with silicon dioxide (SiO 2 ) as the predominant oxide. Increasing the content of RHA and GCHA from 5% to 10% improves the concrete's compressive and split-tensile strengths after curing for 56 days. Optimization results indicate that the ideal mix consists of 10% GCHA, 8.5% RHA, and 82.5% cement, yielding a compressive and split tensile strength of 31.34 N/mm 2 and 3.07 N/mm 2 respectively. This study thus offers a promising solution for sustainable concrete production by reducing the environmental footprint of cement while enhancing material properties and promoting an eco-friendlier approach to construction."
WOS:001089934300001,2023,English,Article,Environmentally friendly use of rice husk ash and recycled glass waste to produce ultra-high- performance concrete,Recycled glass UHPC; RHA; DoE; CCD; RSM; Carbon footprint,MECHANICAL-PROPERTIES; SILICA FUME; STRENGTH; POWDER; WATER,"The issue of environmental pollution is one of the most pressing concerns today. A number of measures need to be taken to reduce the effects of waste materials such as rice husks, glass, plastic, and other types of materials on the environment. A significant reduction in environmental pollution can be achieved by utilizing these waste materials in construc-tion. The purpose of this study was to investigate the use of rice husk ash (RHA) as a pozzolanic material to partially replace cement in a previously optimized mixture of recycled-glass-based Ultra-high-performance concrete (UHPC). Furthermore, this study included commercial mineral admixtures such as silica fume and limestone powder along with these components. Based on the results of the study, it can be concluded that the use of RHA in the optimized recycled glass UHPC renders the concrete much less workable and also leads to a marginal decrease in its compressive strength (by about 7%). Additionally, the study demonstrates a significant interaction between RHA and water content, attrib-uted to the water-absorbing capacity of RHA particles, which also provides an internal curing effect. Ultimately, incorporating RHA as a partial replacement for cement in the optimized recycled-glass-based UHPC enables a substantial decrease in the concrete's carbon footprint, without causing significant harm to its performance, thereby promoting an environmentally friendly approach to concrete production.(c) 2023 The Author(s). Published by Elsevier B.V.This is an open access article under the CC BY-NC-ND license (http://creativecommons.org/licenses/by-nc-nd/4.0/)."
WOS:001167965700001,2024,English,Article,Efficient agricultural monitoring: a methodology for assessing individual farmer adherence to rice-planting schedule for tertiary irrigation system under the Muda Irrigation Scheme using Earth observation datasets,Google Earth Engine; agricultural practices; irrigation; remote sensing; Sentinel-1,WATER FOOTPRINT; CLIMATE-CHANGE; CANAL LEVEL; SENTINEL-1; AREA,"The tertiary irrigation system (TIS) was designed for the Muda Irrigation Scheme (MIS) to distribute irrigation water to farmers' fields to ensure the reliability of water supply for cultivating rice paddies twice a year. Variability in farming practices, influenced by farmer autonomy along the tertiary canal adds complexity and uncertainty to adherence monitoring. Traditional on -site data collection methods are limited in scope and efficiency, whereas Earth observation (EO) enables continuous monitoring. In this study, we introduced a methodology that uses EO datasets to monitor individual field adherence to rice -planting schedules under TIS. These tools improve the monitoring of rice -planting schedule adherence by identifying non -adherent fields for further countermeasures. This study highlights the potential use of EO datasets and advanced data processing techniques for efficient agricultural monitoring."
WOS:001165326700001,2024,English,Article,"Starch-fibers composites, a study of all-polysaccharide foams from microwave foaming to biodegradation",Flax; Cellulose; Pulping; Microwave; Long fibers; Starch composites; Bio-based foams,CARBON FOOTPRINT; MECHANICAL-PROPERTIES; CASSAVA STARCH; FLAX; POLYMER,"Sustainable composite foams based on rice starch and cellulosic long fibers were successfully fabricated using microwave irradiation. They were presented as a promising method to recycle some of the textile industry waste. A deep study of the processability and functionality of the composites revealed the performance improvement of starch with the addition of long cellulosic fibers, especially with 6 wt% of Arbocel (R), in terms of foamability, water, and mechanical resistance features. Moreover, sodium bicarbonate, which acted as a blowing and pulping agent, led to a lower density and better fiber distribution that resulted in an improvement of the foams' functionalities. The range of the study is new in the domain of long fiber foam composites in terms of the foaming capability, and mechanical, thermal, and water resistance properties. Furthermore, all foams showed excellent biodegradability properties against a fungus commonly found in the environment; for example, values around 60 % weight loss after 33 days. Finally, the assessment of the CO2 emission during the process underlines the environmental benefits of the method employed."
WOS:001055990000001,2023,English,Article,Assessing performance of alkali-activated bricks incorporated with processed surgical masks,Alkali-activated; Bricks; Surgical masks; Strength; Durability,BLAST-FURNACE SLAG; GEOPOLYMER CONCRETE; WASTES; STRENGTH,"Since last few years the world is facing tremendous surge in the use of surgical masks due to the COVID19 pandemic. The uncontrolled disposal of surgical masks in the environment will pose serious threat to the living organisms due to plastic pollution. On the other hand, the construction industry is hugely dependent on natural resources, leading to increase in carbon footprint. Therefore, it necessary to investigate novel construction materials with sustainability perspective. In present study, alkali-activated bricks were synthesized with rice husk ash (RHA), ground granulated blast furnace slag (GGBFS), sand, and sodium silicate (SS). To this, processed surgical masks (PSM) were added in varying doses of 0%, 1%, 2%, 3%, and 4% by volume of the mix. The results revealed that addition of PSM significantly improved the strength properties of the bricks with a maximum compressive strength of 6.85 MPa at inclusion of 4% PSM. At the same time, it has reduced the density of bricks with a minimum value of 1.54 g/cm3 at inclusion of 4% PSM. The incorporation of PSM has slightly increased the water absorption and porosity of the bricks, with a maximum increase of 4.76% and 7.75% for bricks with 4% PSM, when compared to bricks with 0% PSM, respectively. The accelerated ageing test showed that after three cycles of wetting and drying the bricks exhibited loss in compressive strength in the range of 55.2% -58.6%. The microstructure results revealed the bridging effect of fibrous mask particles in improving the load transfer in polymer matrix, and thereby reducing the brittle tensile failure in bricks. The pushover analysis showed the benefit of PSM in improving the performance of the infill walls due to improvement in brick strength and reduction in its selfweight, and therefore, it can be considered as a potential material for use in construction of buildings in seismically vulnerable areas.& COPY; 2023 The Author(s). Published by Elsevier B.V. This is an open access article under the CC BY-NC-ND license (http://creativecommons.org/licenses/by-nc-nd/4.0/)."
WOS:000987732800001,2023,English,Article,"Sustainable Intensification of Cropping Systems under Conservation Agriculture Practices: Impact on Yield, Productivity and Profitability of Wheat",conservation agriculture (CA); sustainability; wheat; intensification and cropping systems,INDO-GANGETIC PLAINS; ESTABLISHMENT METHODS; TRITICUM-AESTIVUM; TILLAGE IMPACTS; HAPPY SEEDER; RICE; NITROGEN; WATER; MANAGEMENT; SOIL,"The continuous rice-wheat cropping system in South Asia has caused irreversible environmental damage, raising concerns about the long-term sustainability of the region's agricultural systems. To address this issue, farm experiments were conducted for two successive years (2019-20 and 2020-21) to assess the impact of different cropping systems under conservation agriculture (CA) practices on the yield, productivity, and profitability of wheat. Results showed that the highest grain yield of wheat was observed in scenarios Sc6, Sc4, and Sc2, which involved full CA permanent-bed soybean (PB)-permanent-bed wheat (PB)-permanent-bed summer moong (PB), full CA permanent-bed maize (PB)-permanent-bed wheat (PB)-permanent-bed summer moong (PB), and partial CA puddled transplanted rice-Happy Seeder wheat-zero-till summer moong (ZT). Additionally, the highest irrigation water productivity (IWP), wheat grain macronutrient uptake, net return, and benefit-cost ratio (B:C ratio) were recorded under Sc6, full CA permanent-bed soybean (PB)-permanent-bed wheat (PB)-permanent-bed summer moong (PB) compared to farmers' practice puddled transplanted rice (PTR)-conventional-till wheat-summer moong (Sc1) during both years. The system productivity also increased in scenarios Sc2, Sc4, and Sc6 (by 9.72%, 9.65%, and 14.14% in the first year and 10.68%, 14.14%, and 15.55% in the second year) compared to Sc1-farmers' practice puddled transplanted rice (PTR)-conventional-till wheat-summer moong, Sc3-farmers' practice fresh-bed maize (FB)-conventional-till wheat-summer moong, and Sc5-farmers' practice fresh-bed soybean (FB)-conventional-till wheat (CT)-summer moong. The findings suggest that the conservation agriculture soybean-wheat-summer moong (Sc6) on permanent-bed cropping systems with inclusion legumes can be a potential option to enhance yield attributes, productivity, and profitability, as well as the sustainability of natural resources in the region while decreasing environmental footprints."
WOS:000812740000001,2022,English,Article,Rice husk ash and fly ash geopolymer hollow block based on NaOH activated,Geopolymer; FA; RHA; Hollow non-load-bearing geopolymer blocks,COMPRESSIVE STRENGTH; CEMENT,"This research aimed to utilize rice husk ash (RHA) to produce rice husk ash and fly ash (FA) geopolymer hollow block based on NaOH activated. RHA was ground for 15, 30, 60, and 90 min. The RHA to FA ratios of 10:90, 20:80, 30:70, 40:60, and 50:50 by weight and 14 molar sodium hydroxide were used. The compressive strengths of geopolymer paste were tested at 7, 28, and 60 days. The compressive strengths and percentages of water absorption of the geopolymer blocks were tested at 7 and 28 days. The microstructure of block was also characterized using SEM and mapping techniques. The results showed that the increase in RHA content increased the compressive strength of the geopolymer. The RHA contained amorphous silica and increase the SiO2/Al2O3 ratio and strength. The compressive strength of geopolymer increased with the increase in RHA fineness. The mix with 50% RHA content, i.e. 50FA50RH-15 M mix with 28-days compressive strength of 8.5 MPa was chosen to produce rice husk ash and fly ash geopolymer hollow block. The microstructure of rice husk ash and fly ash geopolymer hollow block showed the presence of the geopolymerization reaction products with small amount of unreacted RHA and FA particles. The carbon footprint of rice husk ash and fly ash geopolymer hollow block was around two-third of that of the Portland cement system. The result confirms that the rice husk ash and fly ash geopolymer hollow block could be used with compressive strength and water absorption complied with standard."
WOS:001012854500033,2023,English,Article,LIFE CYCLE ASSESSMENT OF NPK FERTILIZERS IN RICE PRODUCTION IN NORTHERN IRAN,cumulative exergy demand; ecological footprint; eutrophication; global warming potential; heavy metal emission,ASSESSMENT LCA; ENERGY INPUTS; EMISSIONS; PROVINCE; SYSTEM,"Life cycle assessment is an appropriate method to study the environmental impacts of producing a crop product throughout its cycle in a production system. Therefore, this research was conducted with the aim of evaluating the life cycle of paddy rice production under the effects of NPK fertilizers in Mazandaran province in northern Iran during 2017-2018. The different doses of nitrogen (N), phosphorus (P) and potassium (K) fertilizers were N250P150K150; N200P100K100; N150P75K75; N100P50K50, and control (N0P0K0). The results displayed that an average amount of cumulative energy demand and cumulative exergy demand was 11549.78 and 13443.08 MJ, respectively, that with increase of NPK consumption, both indices showed increasing trend. The average ecological footprint was 1190.80 m2 a which CO2 emissions had shown the highest effect on the ecological footprint. The average of the impact categories of abiotic depletion was equals 12.44 kg Sb eq, acidification (3.15 kg SO2 eq), eutrophiction (2.33 kg PO4 eq), malodorous air (7295733 m3 air), freshwater sediment ecotoxicity (75.79 kg 1,4 DB eq), marine sediment ecotoxicity (116.11 kg 1,4 DB eq) that all of which enhanced with increasing NPK consumption. The average global warming potential (GWP) 20a and GWP 500a were 399.20 and 382.97 kg CO2 eq, respectively. Two indicators of human toxicity and terrestrial ecotoxicity in the three periods of 20, 100 and 500 years shows increasing amounts equal 0.42% and 140.70% during 20a to 500a, respectively. All pollutants released into the air and the water demonstrated enhancing trend with increasing NPK amounts. The emission of nitrate into soil, metals into the soil, and chemical oxygen demand showed enhancing trend with increasing NPK levels. Therefore, enhancing the emission of pollutants by increasing nitrogen consumption can be due to increase of yield."
WOS:000913156200006,2022,English,Article,Sustainable production of ethyl levulinate by levulinic acid esterification obtained from Colombian rice straw,Biomass; Biorefinery; Climate change; Economic analysis; Life cycle assessment; Water consumption,LIFE-CYCLE ASSESSMENT; BIOETHANOL; ENERGY; LCA; CONVERSION; BIOENERGY; UNCERTAINTY; MANAGEMENT; CASSAVA; IMPACT,"E-fuels are synthetic fuels produced from renewable sources that have garnered attention because of their po-tential to reduce environmental impacts in the transport sector. Ethyl levulinate is a fuel additive that can address issues associated with traditional fuels. This product can be obtained from agro-industrial wastes such as rice straw. Therefore, the aim of this study was to assess the technical, economic, and environmental feasibility of producing ethyl levulinate from Colombian rice straw. Aspen Plus v12 and life cycle assessment methodology were used for evaluating the process through the cultivation to the biorefinery stage. A base scenario was analyzed, with an overall yield of 0.115 kg ethyl levulinate/kg rice straw and a total energy consumption of 133.2 kWh/kg of ethyl levulinate produced. A carbon footprint of 2.71 kg CO2-eq/kg Ethyl levulinate was observed, which primarily ascribed to the use of steam derived from fossil fuels. An alternative scenario was proposed by implementing two changes to reduce the environmental impacts. First, steam was generated by the solid hydrolyzed residue combustion, and second, the paddy rice yield was increased to 5.7 t/ha. Reductions of 58.5% and 25.4% in the carbon footprint and ozone depletion were respectively obtained from these im-provements. A class V economic assessment is performed for the alternative scenario, yielding a net present value of 18.7 MUSD, payback period of 5 years, and return on investment of 19.6%. Hence, the production of Ethyl levulinate from rice straw is a feasible alternative to boost the e-fuel market while upgrading agro-industrial waste into valuable products."
WOS:000838898200001,2022,English,Article,"Seasonal Variations in Grain Yield, Greenhouse Gas Emissions and Carbon Sequestration for Maize Cultivation in Bangladesh",wet and dry seasons; net carbon emissions and sequestration; spatial variability,ENERGY; INTENSITY; SYSTEM; FIELDS; SOILS; CO2,"Rationale: Greenhouse gas (GHG) emissions from crop agriculture are of great concern in the context of changing climatic conditions; however, in most cases, data based on lifecycle assessments are not available for grain yield variations or the carbon footprint of maize. The current study aimed to determine net carbon emissions and sequestration for maize grown in Bangladesh. Methods: The static closed-chamber technique was used to determine total GHG emissions using data on GHG emissions from maize fields and secondary sources for inputs. A secondary source for regional yield data was used in the current study. GHG emission intensity is defined as the ratio of total emissions to grain yield. The net GHG emission/carbon sequestration was determined by subtracting total GHG emissions (CO2 eq.) from net primary production (NPP). Results: Grain yields varied from 1590 to 9300 kg ha(-1) in the wet season and from 680 to 11,820 kg ha(-1) in the dry season. GHG emission intensities were 0.53-2.21 and 0.37-1.70 kg CO2 eq. kg(-1) grain in the wet and dry seasons, respectively. In Bangladesh, the total estimated GHG emissions were 1.66-4.09 million tonnes (MT) CO2 eq. from 2015 to 2020, whereas the net total CO2 sequestration was 1.51-3.91 MT. The net CO2 sequestration rates were 984.3-5757.4 kg ha(-1) in the wet season and 1188.62-5757.39 kg ha(-1) in the dry season. This study observed spatial variations in carbon emissions and sequestration depending on growing seasons. In the rice-maize pattern, maize sequestered about 1.23 MT CO2 eq. per year(-1), but rice emitted about 0.16 MT CO2 eq. per year(-1). This study showed potential spatiotemporal variations in carbon footprints. Recommendation: Special care is needed to improve maize grain yields in the wet season. Fertiliser and water use efficiencies need to be improved to minimise GHG emissions under changing climatic conditions. Efforts to increase the area under cultivation with rice-maize or other non-rice crop-based cropping systems are needed to augment CO2 sequestration. The generation of a regional data bank on carbon footprints would be beneficial for combating the impact of climate change."
WOS:000938068500001,2023,English,Article,On the sustainability of paddy rice cultivation in the Paraiba do Sul river basin (Brazil) under a changing climate,Crop modeling; Water footprint; Intermittent flooding,CARBON-DIOXIDE; YIELD; IMPACTS; MODEL; NUTRITION,"Located in Southeast Brazil, the Paraiba do Sul River Basin is considered one of the most strategic in the country since it is the main source of fresh water for more than 14.3 million people. The population growth in recent decades, in combination with increased demand for water for industrial and agricultural activities, has generated concerns about how the combined effect of land uses and global climate change might affect water availability in the future. Once irrigation is one of the main water consumers, especially for paddy rice cultivation, in this study we used a crop simulation model to determine the water requirements of paddy rice under current and future climate conditions based on three different regionalized climate scenarios and for different land use and land cover change projections. In addition, we estimated water footprints for different irrigation and soil fertility strategies. Finally, we explored adaptation actions that can lead to more sustainable production. Projections indicate an increase in the productivity and efficiency of irrigated rice. Intermittent flooding proved to be an efficient alternative, rather than the traditional practice of continuous ponding. Most scenarios projected a gradual decrease in water footprint for rice cultivated using irrigation and soil fertility management. On the other hand, the water footprint under rainfed and non-optimum soil fertility resulted in higher water footprints. Due to changes in land use and land cover, mainly urban sprawl, the rice areas are expected to decrease in the future reducing the production in the region, which is expected to decrease by almost 10% in the period 2016-2035 and up to 38% in the period 2036-2055. This trend can be compensated by adopting sustainable practices in rice cultivation, such as rational soil fertility and water management, which can boost the current level of produc-tivity by 50% and reduce water use by up to 15%."
WOS:000636259900009,2021,English,Article,Wastewater reuse for livestock feed irrigation as a sustainable practice: A socio-environmental-economic review,Wastewater; Livestock feed; Fertigation; Triple bottom line; Circular economy,GREENHOUSE-GAS EMISSIONS; RECLAIMED WATER; CIRCULATED IRRIGATION; PUBLIC PERCEPTION; NITROGEN REMOVAL; RECYCLED WATER; ANIMAL FEED; RICE; ACCEPTABILITY; MANAGEMENT,"Rapid population growth will engender an intensification in agricultural activities which currently utilise most of global freshwater withdrawals, stressing not only the water sector, but also the energy sector due to the increase in demand for energy intensive commercial fertilisers. The global production of fertilisers, in addition to declining worldwide phosphorus reserves may find it difficult to sustain this rising demand at current capacities. As part of sustainable development, farmers will have to adopt alternative resources that balance the environment, economy and society. Wastewater reuse represents an opportunity for this challenge as it can alleviate the stress on scarce water resources and contribute to circular economies. In addition, it contains relatively high amounts of nutrients that can substitute for part of the fertilisation requirements. In the literature, reusing wastewater for agricultural purposes obtained relatively high acceptance rates amongst populations, especially for growing forage crops. This review gathers all the studies that have investigated the reuse of wastewater in growing animal feed. It details the findings based on the social, environmental, and eonomic dimensions of sustainability. This review provides a basis for future fertigation systems as it gathers all the tools required to make a comprehensive assessment of the practice. Interesting research directions include the need to investigate farmers? concern about consumers? attitude, which apparently obstructs them from adopting new technologies despite their improved harvests. In addition, it is worth investigating the overall environmental benefits associated with wastewater fertigation on the water-soil and on the water-energy nexus, in terms of global warming potential as reported carbon footprint savings in the literature are undervalued. Finally, there is a strong economic potential associated with the practice in terms of industrial symbiosis that requires further exploration. ? 2021 The Author(s). Published by Elsevier Ltd. This is an open access article under the CC BY license (http://creativecommons.org/licenses/by/4.0/)."
WOS:000785091800001,2022,English,Article,"Effects of Organic Amendments on Soil Aggregate Stability, Carbon Sequestration, and Energy Use Efficiency in Wetland Paddy Cultivation",organic amendments; soil aggregates; integrated nutrient management; energy use efficiency; carbon sequestration,CROPPING SYSTEMS; RICE; MANAGEMENT; NITROGEN; MATTER; CONSERVATION; FRACTIONS; FOOTPRINT; BACTERIA; TILLAGE,"A study was conducted to assess the effects of organic amendments on soil aggregates, carbon (C) sequestration, and energy use efficiency (EUE) during five consecutive Boro and Transplanted Aman rice seasons in Bangladesh during 2018-2020. Five treatments (viz., control (only inorganic fertilizers), cow dung (CD), vermicompost (VC), rice straw (RS), and poultry manure (PM)) were used. The organic materials were applied at 2 t C ha(-1) season(-1) to all the plots, except in the control treatment. Inorganic fertilizers were applied in all treatments in both seasons following integrated nutrient management (INM). The data reveal that PM was found to be more efficient at increasing the water-stable soil aggregates (WSA), followed by the RS, CD, and VC. The WSA in smaller-sized soil aggregates were found to be higher than those in larger-sized soil aggregates. VC was found to be the most effective in terms of C sequestration (29%), followed by PM (26%), CD (22%), and RS (20%). The highest EUE was attributed to the control treatment (9.77), followed by the CD (8.67), VC (8.04), RS (2.10), and PM (1.18), which showed energy wastage in the organic treatments. The system productivity (SP) followed the opposite trend of the EUE. The INM is a better approach to improve the soil health, the C sequestration, and the SP, but it appeared as an energy-inefficient strategy, which suggests that a balanced application of organic and inorganic nutrients is needed in order to achieve yield sustainability and EUE."
WOS:001023360200001,2023,English,Article,Varietal effects on methane intensity of paddy fields under different irrigation management,AWD; carbon footprint; farmers compensation; greenhouse gases; lowland rice,RICE FIELDS; EMISSION; PATTERNS; CULTIVATION,"Alternate wetting and drying irrigation (AWD) has been shown to decrease water use and trace gas emissions from paddy fields. Whereas genotypic water use shows little variation, it has been shown that rice varieties differ in the magnitude of their methane emissions. Management and variety-related emission factors have been proposed for modelling the impact of paddy production on climate change; however, the magnitude of a potential reduction in greenhouse gas emissions by changing varieties has not yet been fully assessed. AWD has been shown to affect genotypic yields and high-yielding varieties suffer the greatest loss when grown under AWD. The highest yielding varieties may not have the highest methane emissions; thus, a potential yield loss could be compensated by a larger reduction in methane emissions. However, AWD can only be implemented under full control of irrigation water, leaving the rainy seasons with little scope to reduce methane emissions from paddy fields. Employing low-emitting varieties during the rainy season may be an option to reduce methane emissions but may compromise farmers' income if such varieties perform less well than the current standard. Methane emissions and rice yields were determined in field trials over two consecutive winter/spring seasons with continuously flooded and AWD irrigation treatments for 20 lowland rice varieties in the Mekong Delta of Vietnam. Based on the results, this paper investigates the magnitude of methane savings through varietal choice for both AWD and continuous flooding in relation to genotypic yields and explores potential options for compensating farmers' mitigation efforts."
WOS:000785459800001,2022,English,Article,"Hybrid Lime-Pozzolan Geopolymer Systems: Microstructural, Mechanical and Durability Studies",hydrated lime; pozzolan; geopolymer; mortar; freeze-thaw cycles; water absorption,ALKALINE ACTIVATION; MORTARS; METAKAOLIN; STRENGTH; RESIDUE,"This work studies the possibility of using geopolymer materials to enhance the mechanical and durability properties of hydrated lime-pozzolan mixtures, which gave rise to the so-called ""hybrid systems"". Two different waste types were used as pozzolan in the lime-pozzolan system: rice husk ash (RHA) and spent fluid catalytic cracking (FCC). The geopolymer fabricated with FCC was activated with commercial reagents (NaOH and Na2SiO3), and also with alternative sources of silica to obtain a lower carbon footprint in these mixtures. The alternative silica sources were RHA and residual diatomaceous earth (RDE) from the beer industry. The geopolymer mixture substituted the lime-pozzolan mixture for 30% replacement in weight. The hybrid systems showed better mechanical strengths for the short and medium curing ages in relation to the lime-pozzolan mixtures. Thermogravimetric analyses were performed to characterise the types of products formed in these mixtures. In the durability studies, hybrid systems better performed in freeze-thaw cycles and obtained lower capillarity water absorption values."
WOS:000370070200012,2016,English,Article,Global guidance on environmental life cycle impact assessment indicators: progress and case study,Footprint; Guidance; Impact indicators; LCIA; Life cycle impact assessment; Rice cultivation,LAND-USE IMPACTS; BIODIVERSITY; FOOTPRINT,"The life cycle impact assessment (LCIA) guidance flagship project of the United Nations Environment Programme (UNEP)/Society of Environmental Toxicology and Chemistry (SETAC) Life Cycle Initiative aims at providing global guidance and building scientific consensus on environmental LCIA indicators. This paper presents the progress made since 2013, preliminary results obtained for each impact category and the description of a rice life cycle assessment (LCA) case study designed to test and compare LCIA indicators. The effort has been focused in a first stage on impacts of global warming, fine particulate matter emissions, water use and land use, plus cross-cutting issues and LCA-based footprints. The paper reports the process and progress and specific results obtained in the different task forces (TFs). Additionally, a rice LCA case study common to all TF has been developed. Three distinctly different scenarios of producing and cooking rice have been defined and underlined with life cycle inventory data. These LCAs help testing impact category indicators which are being developed and/or selected in the harmonisation process. The rice LCA case study further helps to ensure the practicality of the finally recommended impact category indicators. The global warming TF concludes that analysts should explore the sensitivity of LCA results to metrics other than GWP. The particulate matter TF attained initial guidance of how to include health effects from PM2.5 exposures consistently into LCIA. The biodiversity impacts of land use TF suggests to consider complementary metrics besides species richness for assessing biodiversity loss. The water use TF is evaluating two stress-based metrics, AWaRe and an alternative indicator by a stakeholder consultation. The cross-cutting issues TF agreed upon maintaining disability-adjusted life years (DALY) as endpoint unit for the safeguard subject ""human health"". The footprint TF defined main attributes that should characterise all footprint indicators. ""Rice cultivation"" and ""cooking"" stages of the rice LCA case study contribute most to the environmental impacts assessed. The results of the TF will be documented in white papers and some published in scientific journals. These white papers represent the input for the Pellston workshop((TM)), taking place in Valencia, Spain, from 24 to 29 January 2016, where best practice, harmonised LCIA indicators and an update on the general LCIA framework will be discussed and agreed on. With the diversity in results and the multi-tier supply chains, the rice LCA case study is well suited to test candidate recommended indicators and to ensure their applicability in common LCA case studies."
WOS:000367807600001,2016,English,Article,Global cropland and greenhouse gas impacts of UK food supply are increasingly located overseas,global environmental impacts; food supply; land use; international trade; self-sufficiency,LAND-USE CHANGE; INTERNATIONAL-TRADE; CARBON FOOTPRINTS; WATER FOOTPRINT; CONSUMPTION; SUSTAINABILITY; GLOBALIZATION; DISPLACEMENT; HUMANITY; DIETS,"Producing sufficient, healthy food for a growing world population amid a changing climate is a major challenge for the twenty-first century. Agricultural trade could help alleviate this challenge by using comparative productivity advantages between countries. However, agricultural trade has implications for national food security and could displace environmental impacts from developed to developing countries. This study illustrates the global effects resulting from the agricultural trade of a single country, by analysing the global cropland and greenhouse gas impacts of the UK's food and feed supply. The global cropland footprint associated with the UK food and feed supply increased by 2022 kha (+23%) from 1986 to 2009. Greenhouse gas emissions (GHGE) associated with fertilizer and manure application, and rice cultivation remained relatively constant at 7.9 Mt CO(2)e between 1987 and 2008. Including GHGE from land-use change, however, leads to an increase from 19.1 in 1987 to 21.9 Mt CO(2)e in 2008. TheUK is currently importing over 50% of its food and feed, whereas 70% and 64% of the associated cropland and GHGE impacts, respectively, are located abroad. These results imply that the UK is increasingly reliant on external resources and that the environmental impact of its food supply is increasingly displaced overseas."
WOS:000847405100001,2023,English,Article,Preceding crops changed greenhouse gases emission and carbon neutrality under maize-rice and double rice cropping systems,Double cropping; carbon uptake; carbon footprint; global warming potential,NITROUS-OXIDE EMISSIONS; NET ECOSYSTEM CARBON; 3-YEAR FIELD MEASUREMENT; METHANE EMISSIONS; WATER REGIME; SOIL RESPIRATION; ECONOMIC BUDGET; CHINA; INTENSITY; MANAGEMENT,"Conversion from double rice cropping (RR) to maize-rice cropping (MR) have been occurring in recent years in Asia. However, effects on the environment by introducing maize into paddy still need more examination. The objective of this study was to assess differences in greenhouse gases emissions, carbon footprint and carbon neutrality between MR and RR cropping systems from 2016 to 2018. Results showed that the global warming potential (GWP) under MR cropping was 13.0 t CO2 eq ha(-1), which was 20.0% higher than that of RR (10.8 t CO2 eq ha(-1)) due to its higher N2O emission. Although the GWP of MR increased, it significantly decreased carbon footprint by 17.3% in comparison with RR due to its higher gain yield. Simultaneously, MR had a substantial increase in net ecosystem economic efficiency by 62.5%. Nevertheless, carbon uptake was significantly higher in MR system, its carbon neutrality was lower than that of RR by 69.3% average. In conclusion, MR could be an effective sustainable cropping system with high yield and low carbon footprint in the subtropical regions. Considering the higher GWP of MR, further research is needed on appropriate agronomic practice to reduce carbon loss to realize higher carbon neutral potential."
WOS:000448137500031,2018,English,Article,Comparison of Closed Chamber and Eddy Covariance Methods to Improve the Understanding of Methane Fluxes from Rice Paddy Fields in Japan,methane flux; rice paddy field; eddy covariance technique; footprint analysis,CARBON-DIOXIDE EXCHANGE; ENVIRONMENTAL CONTROLS; DIURNAL-VARIATION; IRRIGATED RICE; CH4 EMISSION; CO2 FLUX; SOIL; PLANTS; WATER; BIOGEOCHEMISTRY,"Greenhouse gas flux monitoring in ecosystems is mostly conducted by closed chamber and eddy covariance techniques. To determine the relevance of the two methods in rice paddy fields at different growing stages, closed chamber (CC) and eddy covariance (EC) methods were used to measure the methane (CH4) fluxes in a flooded rice paddy field. Intensive monitoring using the CC method was conducted at 30, 60 and 90 days after transplanting (DAT) and after harvest (AHV). An EC tower was installed at the centre of the experimental site to provide continuous measurements during the rice cropping season. The CC method resulted in CH4 flux averages that were 58%, 81%, 94% and 57% higher than those measured by the EC method at 30, 60 and 90 DAT and after harvest (AHV), respectively. A footprint analysis showed that the area covered by the EC method in this study included non-homogeneous land use types. The different strengths and weaknesses of the CC and EC methods can complement each other, and the use of both methods together leads to a better understanding of CH4 emissions from paddy fields."
WOS:000408784900009,2017,English,Article,The birth of a new cropping system: towards sustainability in the subtropical lowland agriculture,Crop rotation; Farming system; Sustainability indicators; Soil management; Wetland,LIFE-CYCLE ASSESSMENT; ECOSYSTEM SERVICES; MANAGEMENT-SYSTEMS; LIVESTOCK SYSTEM; BEEF-PRODUCTION; ENERGY-BALANCE; COVER CROPS; RICE; EMISSIONS; FRAMEWORK,"Developing cropping systems that meet multiple demands of high production, resource-use efficiency and low ecological footprint is a major global challenge. In Southern Brazilian lowlands, irrigated rice (Otyza sativa L.) in combination with fallow for beef production is the dominant cropping system. This system is key to Brazilian food security but faces problems of resource use efficiency, soil preservation and greenhouse gas emissions typically associated to rice irrigation. In this research, a multi-criteria analysis of the usual rice-fallow system, and a number of alternative production Schemes - i.e., the more recent rice-soybean (Glycine max (L.) Merr.) rotations and the newly developed systems based on large ridges, was made. The latter is based on the construction of large ridges (8 m width) on which rainfed maize (Zea mays L.) and soybean, conducted in no-tillage, are integrated with either beef-livestock production or cover crops in winter. This study was done in an experiment that lasted for nine years. The five cropping systems were managed as independent fields and a range of indicators related to crop management, productivity and sustainability was measured. The Rice-Fallow system required the lowest amount of energy, but it had the lowest energy use efficiency and highest carbon-based environmental footprints, when expressed as greenhouse gasses emitted per kg of food produced. The rice soybean rotation system presented an improved performance for the carbon-based footprints in comparison to the rice-fallow system. Within rice-soybean rotation, using minimum-tillage instead conventional tillage increased the overall carbon balance and the carbon sequestered into the soil as organic matter. Most strikingly, the new ridge-based systems exhibited the most favourable values for many of the indicators. The more diverse rotation system, and particularly the extension of the growing season to winter, resulted in improvements in soil quality, biomass production and carbon sequestration into the soil. Water- and light- use efficiency were increased, whereas greenhouse gas emissions reduced. The ridge-based crop-livestock integration offered the best balance between food production and environmental preservation. This cropping system is potentially one of best alternatives to increase agricultural diversification and sustainability in the sub-tropical lowlands such as in southern Brazil. This shows that modifications of cropping systems can result in major simultaneous improvements in yield, resource-use efficiency and ecological sustainability."
WOS:000739392700014,2021,English,Article,"Balancing a sustained pursuit of nutrition, health, affordability and climate goals: exploring the case of Indonesia",Indonesia; diet and climate; sustainable healthy diets; greenhouse gas emissions; climate change; nutritional value; food expenditure; affordability; water footprint; EAT-Lancet diet,FOOD; QUALITY; INSECTS; DIETS; COST,"Background: To guide the transformation of food systems to provide for healthy and sustainable diets, countries need to assess their current diet and food supply in comparison to nutrition, health, affordability, and environmental goals. Objectives: We sought to compare Indonesia's food utilization to diets optimized for nutritional value and cost and to diets that are increasingly plant-based in order to meet further health and environmental goals, including the EAT-Lancet planetary health diet, to explore whether multiple goals could be achieved simultaneously. Methods: We compared 13 dietary scenarios (2 current. 7 optimized. 3 increasingly plant-based. 1 EAT-Lancet) for nutrient content. cost, greenhouse gas emissions (GHGe), and water footprints, using the FAO food balance sheet, Indonesia Household Income and Expenditure Survey household food expenditure, food composition, life cycle assessment, food losses, and trade data. Results: The diversity of modeled scenarios was higher than that of current consumption, reflecting nutritional deficiencies underlying Indonesia's burden of different forms of malnutrition. Nutrient intake targets were met best by nutrient- and cost-optimized diets, followed by the EAT-Lancet diet. Those diets also had high GHGe, although less than 40% of a scenario in which Indonesia would adopt a typical high-income country's diet. Only the low food chain diet had a GHGe below the 2050 target set by the EAT-Lancet commission. Its nutrient content was comparable to that of a no-dairy diet, slightly above those of fish-and-poultry and current diets, and somewhat below those of the EAT-Lancet diets. To meet nutrient needs, some animal-source foods had to be included. Costs of all except the optimized diets were above the current national average food expenditure. No scenario met all goals simultaneously. Conclusions: Indonesia's consumption of rice and unhealthy foods should decrease; food production, trade, and processing should prioritize diversification, (bio)fortification, and limiting environmental impacts; and consumer and institutional demands for healthy, nutritious, and sustainable foods should be stimulated. More granular data and tools are required to develop and assess more detailed scenarios to achieve multiple goals simultaneously."
WOS:000870735200004,2022,English,Article,Towards sustainable productivity enhancement of rice-based farming systems in sub-Saharan Africa,Agronomy; Oryza spp; Sub-Saharan Africa; Sustainability; Yield gap,COUNTRIES; FEED,"In the past 50 years, rice has become an important crop for food security in sub-Saharan Africa. However, rice yields remain relatively low, and large yield gaps exist. This Special Issue brings together agronomy research on rice-based farming systems in sub-Saharan Africa and addresses three main, overarching questions: (1) what has been achieved in the past decades in terms of rice agronomy in sub-Saharan Africa, (2) what is the state-of-the-art regarding development of technologies and (3) what will be likely or required future directions? The broad topics included in this Special Issue are (1) yield trends and yield gap analyses, (2) soil & nutrient, water, weed and integrated crop management practices, (3) cropping systems, (4) genetic improvements, (5) crop simulation modeling, and (6) assessment of farmers' rice cultivation practices and the sustainability of these practices. The papers cover different sub-regions, from the Sahel to the highlands of Madagascar and three major rice growing environments (irrigated lowlands, rainfed lowlands, and rainfed uplands). In this paper we describe the major challenges in the rice production sector in sub-Saharan Africa and historical efforts on agronomy research, and we provide a short introduction and discussion on the papers presented in this Special Issue. This Special Issue arrives at six main recommendations. 1. There is a need to increase research and development efforts focusing on rainfed rice-based systems. 2. More attention needs to be paid to research on the farming system or landscape level, aimed at development of integrated cropping and farming systems and integrated agronomic solutions. 3. Current and future agronomic rice research should thematically center around sustainability, including judicious natural resources management, climate change adaptation and mitigation, and conservation of biodiversity and environments. 4. To operationalize this, sustainability performance indicators need to be developed and used. 5. There is broad consensus regarding the need for more labor-saving technologies, including mechanization op-tions, provided these do not increase the ecological footprint of production systems. 6. Future rice agronomy research work should be interdisciplinary and transdisciplinary, to better address the myriad of challenges of smallholder farmers in Africa. Papers presented in this Special Issue should inform on the state-of-the art in rice agronomy in SSA, and on ways to sustainably enhance rice production and self-sufficiency in this region."
WOS:000737722600001,2022,English,Article,Diversification of rice growing areas in Eastern India with integrated soil-crop system management for GHGs mitigation and higher productivity,Integrated soil-crop system; rice-mustard-jute cropping system; carbon footprint; carbon sequestration; nitrogen and water productivity,GREENHOUSE-GAS EMISSIONS; NITROGEN-USE EFFICIENCY; LIFE-CYCLE ASSESSMENT; ORGANIC-CARBON; CONSERVATION AGRICULTURE; FERTILIZER NITROGEN; NUTRIENT MANAGEMENT; FARM MACHINERY; N2O EMISSIONS; WINTER-WHEAT,"Mono-cropping, burning of crop residues, imbalanced fertilization and limited use of farm manure are resulting in loss of soil organic carbon (SOC). In this study, integrated soil-crop management (ILMsoil), improved management (IMsoil) and conventional management (CMsoil) was studied to enhance the soil carbon sequestration for mitigation of greenhouse gas (GHG) emissions. The life cycle assessment (LCA) approach was used to estimate carbon footprint from successive crops of rice, mustard and jute with or without intercrops or mixed crops. The adoption of ILMsoil helped in reducing the carbon footprint by 78%. The overall economic yield increased by 25% over IMsoil as well. Net CO2-eq emission was 68% less under ILMsoil as compared to other systems. The reduction in net LCA-GHG emission was mainly due to high SOC sequestration by jute crop and leguminous intercrops and mixed crops. Improved crop diversification and agronomic productivity as used in ILMsoil system may decrease the inputs of non-renewable energy and consequently reduce the emission of GHGs from agroecosystems. Improvement of soil health, minimization in nutrient and water losses, and application of the increased amount of organic fertilizers were found helpful in reducing the carbon footprint. ILMsoil method of cultivation in 0.70 million hectare of jute growing area may reduce about 0.40 million tonnes of CO2-eq from atmosphere every year and provide carbon credit of 1.22 million US$to the farmers of eastern India."
WOS:000414003600004,2017,English,Article,Root Traits Enhancing Rice Grain Yield under Alternate Wetting and Drying Condition,alternate wetting and drying; rice; root; water; yield,WATER-SAVING IRRIGATION; LOWLAND RICE; PRODUCTIVITY; MANAGEMENT; SYSTEM; ACCUMULATION; REGIME; GROWTH; CHINA; ASIA,"Reducing water requirements and lowering environmental footprints require attention to minimize risks to food security. The present study was conducted with the aim to identify appropriate root traits enhancing rice grain yield under alternate wetting and drying conditions (AWD) and identify stable, high-yielding genotypes better suited to the AWD across variable ecosystems. Advanced breeding lines, popular rice varieties and drought-tolerant lines were evaluated in a series of 23 experiments conducted in the Philippines, India, Bangladesh, Nepal and Cambodia in 2015 and 2016. A large variation in grain yield under AWD conditions enabled the selection of high-yielding and stable genotypes across locations, seasons and years. Water savings of 5.7-23.4% were achieved without significant yield penalty across different ecosystems. The mean grain yield of genotypes across locations ranged from 3.5 to 5.6 t/ha and the mean environment grain yields ranged from 3.7 (Cambodia) to 6.6 (India) t/ha. The best-fitting Finlay-Wilkinson regression model identified eight stable genotypes with mean grain yield of more than 5.0 t/ha across locations. Multidimensional preference analysis represented the strong association of root traits (nodal root number, root dry weight at 22 and 30 days after transplanting) with grain yield. The genotype IR14L253 outperformed in terms of root traits and high mean grain yield across seasons and six locations. The 1.0 t/ha yield advantage of IR14L253 over the popular cultivar IR64 under AWD shall encourage farmers to cultivate IR14L253 and also adopt AWD. The results suggest an important role of root architectural traits in term of more number of nodal roots and root dry weight at 10-20 cm depth on 22-30 days after transplanting (DAT) in providing yield stability and preventing yield reduction under AWD compared to continuous flooded conditions. Genotypes possessing increased number of nodal roots provided higher yield over IR64 as well as no yield reduction under AWD compared to flooded irrigation. The identification of appropriate root architecture traits at specific depth and specific growth stage shall help breeding programs develop better rice varieties for AWD conditions."
WOS:000904226800001,2022,English,Article,Effects of Combined Use of Olive Mill Waste Compost and Sprinkler Irrigation on GHG Emissions and Net Ecosystem Carbon Budget under Different Tillage Systems,methane; nitrous oxide; carbon balance; sprinkler; organic amendment; direct seeding,GREENHOUSE-GAS EMISSIONS; NITROUS-OXIDE EMISSIONS; NO-TILLAGE; WATER MANAGEMENT; END-PRODUCTS; RICE FIELDS; SOIL; YIELD; WHEAT; FERTILIZATION,"Traditional rice (Oryza sativa L.) production by flooding is a source of greenhouse gases (GHG), especially methane. The high consumption of water, as well as the chemical and physical degradation caused by these traditional practices in rice soils, is promoting a decrease in rice production in the Mediterranean area. The aim of this study was to monitor GHG emissions and the net ecosystem carbon balance (NECB) from rice produced with sprinkler irrigation techniques and also assess the impact of olive mill waste compost (C-OW) application and tillage on GHG emissions and the NECB. A field experiment for irrigated rice production was implemented by considering four different treatments: (1) tillage (T); (2) no tillage-direct seeding techniques (DS); (3) application of C-OW followed by tillage (TC); and (4) application of C-OW followed by direct seeding (DSC). The C-OW was only applied in the first year at a dose of 80 Mg ha(-1). GHG emissions were monitored over three years in these four treatments in order to estimate the direct (first year) and residual (third year) effects of such practices. The application of C-OW caused an increase of 1.85 times the emission of CO2-C in the TC-DSC compared to the T-DS in the first year. It is noteworthy that the TC treatment was the only one that maintained an emission of CO2-C that was 42% higher than T in the third year. Regardless of the treatments and year of the study, negative values for the cumulative CH4 were found, suggesting that under sprinkler irrigation, CH4 oxidation was the dominant process. A decrease in N2O emissions was observed under direct seeding relative to the tillage treatments, although without significant differences. Tillage resulted in an increase in the global warming potential (GWP) of up to 31% with respect to direct seeding management in the third year, as a consequence of the greater carbon oxidation caused by intensive tillage. DS presented a positive NECB in the accumulation of C in the soil; therefore, it provided a greater ecological benefit to the environment. Thus, under Mediterranean conditions, rice production through a sprinkler irrigation system in combination with direct seeding techniques may be a sustainable alternative for rice crops, reducing their GWP and resulting in a lower carbon footprint. However, the use of C-OW as an organic amendment could increase the GHG emissions from rice fields irrigated by sprinklers, especially under tillage conditions."
WOS:000876450800001,2022,English,Article,Genomic footprints of selection in early-and late-flowering pearl millet landraces,adaptation; flowering; GWAS; genomic scan; yield; PhyC; far-red light FRS12; HAC1,L. R. BR.; PENNISETUM-GLAUCUM; PHYTOCHROME-C; ASSOCIATION; DROUGHT; PACKAGE; RICE; TIME; PERFORMANCE; ADAPTATION,"Pearl millet is among the top three-cereal production in one of the most climate vulnerable regions, sub-Saharan Africa. Its Sahelian origin makes it adapted to grow in poor sandy soils under low soil water regimes. Pearl millet is thus considered today as one of the most interesting crops to face the global warming. Flowering time, a trait highly correlated with latitude, is one of the key traits that could be modulated to face future global changes. West African pearl millet landraces, can be grouped into early- (EF) and late-flowering (LF) varieties, each flowering group playing a specific role in the functioning and resilience of Sahelian smallholders. The aim of this study was thus to detect genes linked to flowering but also linked to relevant traits within each flowering group. We thus investigated genomic and phenotypic diversity in 109 pearl millet landrace accessions, i.e., 66 early-flowering and 43 late-flowering, grown in the groundnut basin, the first area of rainfed agriculture in Senegal dominated by dry cereals (millet, maize, and sorghum) and legumes (groundnuts, cowpeas). We were able to confirm the role of PhyC gene in pearl millet flowering and identify several other genes that appear to be as much as important, such as FSR12 and HAC1. HAC1 and two other genes appear to be part of QTLs previously identified and deserve further investigation. At the same time, we were able to highlight a several genes and variants that could contribute to the improvement of pearl millet yield, especially since their impact was demonstrated across flowering cycles."
WOS:000739790900021,2021,Portuguese,Article,Neural network-based prediction of 7-days compressive strength of UHPC incorporating SCM,K-fold validation; ANN; UHPC; supplementary cementitious materials; 7-day compressive strength,HIGH-PERFORMANCE CONCRETE; QUARTZ SAND; SILICA FUME; POWDER; MODEL; OPTIMIZATION; DURABILITY; METAKAOLIN; BEHAVIOR; WATER,"Ultra-high-performance concrete (UHPC) is a high-tech kind of concrete which exhibits superb mechanical properties and improved durability. Over the last years the use of supplementary cementitious materials (SCM) as partial substitution of cement and silica fume has been the object of great interest by the scientific community in order to reduce the high costs and carbon footprint of UHPC. Some of the more promising applications of this type of special concrete, such as the seismic retrofitting of non-ductile existing structures, require the development of high or ultra-high early strength. However, the replacement of cement and silica fume can result in the modification of some properties such as the early strength of UHPC, which usually needs great amounts of cement and silica fume. On the other hand, the use of several SCM has as outcome a highly complex material, which makes it more difficult to understand the effect of each component and their interactions on early strength. This study is aimed to develop an artificial neural networks (ANN) approach to predict the seven-day compressive strength of UHPC, being able to incorporate several SCM such as silica fume, fly ash, ground granulated blast furnace slag, recycled glass powder, rice husk ash, fluid catalytic cracking catalyst residue, metakaolin, limestone powder, in addition to mineral filler such as quartz powder. A total of 523 data from previous published works was used to train the one-hidden-layer ANN model. The model was also validated by performing experimental works. Besides, Connection-Weight-Approach algorithm (CWA) was used to analyse the relationships between the UHPC.s components and the seven-day compressive strength. The results pointed out that the ANN is an efficient model for predicting the early strength (7-day compressive strength) of UHPC even when SCM are incorporated."
WOS:000301093300016,2012,English,Article,The challenges of measuring methane fluxes and concentrations over a peatland pasture,Eddy covariance; Peatland; Wetland; Cattle; Rice; Methane; Laser spectrometer; Biogeochemistry,ATMOSPHERIC METHANE; PRIMARY PRODUCTIVITY; CARBON-DIOXIDE; NITROUS-OXIDE; FRESH-WATER; EXCHANGE; EMISSION; CO2; CALIFORNIA; OXIDATION,"We report on methane (CH4) concentrations and efflux densities that were measured over a drained and grazed, peatland pasture in the Sacramento-San Joaquin River Delta of California over a three year period. The site was ideal for micrometeorological flux measurements due to its very flat topography, its exposure to vigorous winds and its extended fetch along the predominant wind direction. Nevertheless, the interpretation of methane fluxes with eddy covariance proved to be extremely complicated by a number of geographical, biophysical, biogeochemical and site management factors. Initial inspection of the data revealed unexpected results methane concentrations and efflux densities were greatest during the night rather than during the day. To explain this odd diurnal behavior in methane efflux densities and concentration, we tested two hypotheses. The prime hypothesis presupposed that the stable stratification of the nocturnal boundary layer elongated the flux footprint and enabled the flux tower to sense wetter fields at the western edge of the pasture, flooded drainage ditches, and/or a tidal marsh upwind of the pasture these land forms emitted methane at rates 10-100 times greater than the drained portion of the peatland. And, this methane was emitted into a shallower volume of the atmosphere due to the collapse of the nocturnal boundary layer, causing methane concentrations to rise faster. The alternative hypothesis attributed the higher nocturnal methane fluxes to cattle, as they may have congregated near the tower at night. We investigated these hypotheses with: (1) a series of micrometeorological field measurements at companion sites upwind and downwind of the pasture; (2) a series of chamber-based flux measurements on the representative land classes; (3) through the lens of a one-dimensional planetary boundary layer (pbl), box model; and (4) via inspection of digital camera images for the presence or absence of cattle. Together, these pieces of data suggest that elevated methane fluxes and concentrations at night were due to the combined correlation between: (1) the collapse of the nocturnal boundary layer; (2) the elongation of the flux and concentration footprints; and (3) the preferential sampling of an elevated methane source, be it the cattle, wet proportions of the field or some combination. On the other hand, our flux measurements were not perturbed by methane emanating from the tidal marsh that was several kilometers upwind of the peatland pasture site. (C) 2011 Elsevier B.V. All rights reserved."
WOS:000484561500041,2019,English,Article,"Long-Term Perspective Changes in Crop Irrigation Requirement Caused by Climate and Agriculture Land Use Changes in Rechna Doab, Pakistan",climate change; GCM; SDSM; crop irrigation requirement; effective precipitation; reference ET; CROPWAT,WATER REQUIREMENTS; REFERENCE EVAPOTRANSPIRATION; FUTURE CLIMATE; IMPACTS; MODEL; SIMULATION; PRECIPITATION; VARIABILITY; ADAPTATION; FOOTPRINT,"Climate change and agriculture land use changes in the form of cropping patterns are closely linked with crop water use. In this study the SDSM (statistical downscaling model) was used to downscale and simulate changes in meteorological parameters from 1961 to 2099 using HadCM3 General Circulation Model (GCM) data under two selected scenarios i.e., H3A2 and H3B2. Results indicated that T-max, T-min, and wind speed may increase while relative humidity and precipitation may decrease in the future under both H3A2 and H3B2 scenarios. Downscaled meteorological parameters were used as input in the CROPWAT model to simulate crop irrigation requirement (CIR) in the baseline (1961-1990) and the future (2020s, 2050s and 2080s). Data related to agriculture crop sown area of five major crops were collected from Punjab statistical reports for the period of 1981-2015 and forecasted using linear exponential smoothing based on the historical rate. Results indicated that the cropping patterns in the study area will vary with time and proportion of area of which sugarcane, wheat, and rice, may exhibit increasing trend, while decreasing trend with respect to the baseline scenario was found in maize and cotton. Crop sown area is then multiplied with CIR of individual crops derived from CROPWAT to simulate Net-CIR (m(3)) in three sub-scenarios S1, S2, and S3. Under the H3A2 scenario, total CIR in S1, S2, and S3 may increase by 3.26 BCM, 12.13 BCM, and 17.20 BCM in the 2080s compared to the baseline, while under the H3B2 scenario, Net-CIR in S1, S2, and S3 may increase by 2.98 BCM, 12.04 BCM, and 16.62 BCM in the 2080s with respect to the baseline. It was observed that under the S2 sub-scenario (with changing agriculture land-use), total CIR may increase by 12.13 BCM (H3A2) and 12.04 BCM (H3B2) in the 2080s with respect to the baseline (1961-1990) which is greater as compared to S1 (with changing climate). This study might be valuable in describing the negative effects of climate and agriculture land use changes on annual crop water supply in Rechna Doab."
WOS:000588680900001,2020,English,Article,Balancing Economic and Environmental Performance for Small-Scale Rice Farmers in Peru,rice; environmental performance; Peru; small-scale; economics; sustainability; SRP; perceptions,GREENHOUSE-GAS EMISSIONS; YIELD GAPS; IRRIGATED RICE; MANAGEMENT; ADOPTION; PRODUCTIVITY; FERTILIZER; POVERTY; SYSTEMS; IMPACT,"Integrated research efforts are needed to provide insights for simultaneously achieving food production and environmental goals in rice production systems. In this study we evaluated eight Sustainable Rice Platform performance indicators (net profit, labor productivity, grain yield, water use efficiency, nitrogen use efficiency, phosphorus use efficiency, pesticide use efficiency, and greenhouse gas emissions) for 65 rice farmers in Peru. The aim was to (1) identify the major management factors influencing profitability, (2) evaluate potential tradeoffs between economic and environmental sustainability, and (3) understand farmer perceptions and decision-making processes related to profitability. For data analysis, farmers were grouped into profitability categories based on net profit: top (top 20%), middle (middle 60%), and bottom (bottom 20%). Our results indicate that rice yields, grain sale price, and total spending drive profitability in this region of Peru. An important finding is that the top profitability group achieved higher yields while using lower inputs of labor, pesticides, elemental P, and irrigation hours, resulting in improved environmental performance (e.g., higher nutrient and water use efficiency and lower greenhouse gas emissions). Results from focus group discussions highlighted that rice production has changed in recent decades, and there is a need for improved extension support to cope with increasing pests, disease, and water scarcity. Moreover, farmers indicated they are vulnerable to exploitation from vendors along the rice supply chain, with limited access to credit facilities and market channels and little negotiating power over the cost of inputs and rice sale price. Our results suggest that rice productivity and profitability can be improved in this region without negatively influencing environmental footprint per unit production, yet this is unlikely to occur unless key agronomic and socio-economic challenges are addressed, such as improved access to crop management recommendations, alternative financing and credit options, and technologies that decrease the costs of production."
WOS:000498267500031,2019,English,Article,Vulnerabilities of the European Union's Economy to Hydrological Extremes Outside its Borders,remote vulnerabilities to hydrological extremes; virtual water trade; water footprints; drought severity; water scarcity,VIRTUAL WATER TRADE; FOOTPRINT; CONSUMPTION; RESOURCES,"Climate change is leading to increased water scarcity and drought in many parts of the world. This has implications for the European Union (EU) because a lot of the water intensive goods consumed or used there are produced abroad. This makes the EU's economy dependent on water resources well beyond its borders since when a country imports water intensive goods, indirectly it also imports virtual water (water needed to produce the imported goods). This study maps the EU's global dependency on water resources outside its borders in terms of virtual water imports and assesses how water scarcity and drought may disrupt supplies of key food crops that it imports. The EU uses approximately 668 km(3) of water for all of the goods it produces, consumes and exports, annually. Around 38% of that water comes from outside its borders, which means that the EU's economy is highly dependent on the availability of water in other parts of the world. In the near future, supplies of certain crops to the EU could be disrupted due to water scarcity in other parts of the world; a large portion of the water used in producing soybeans, rice, sugarcane, cotton, almonds, pistachios and grapes for import to the EU comes from areas with significant or severe levels of water scarcity. Although the immediate risks to the EU's economy are due to current water scarcity levels, any disruption to rainfall patterns that occur in the future, due to the effects of climate change in the countries of origin of key crops, could have a far greater impact. This is because as much as 92% of the EU's total external water demand from agriculture is attributed to green water use, availability of which has relatively higher vulnerability to drought."
WOS:000404133200155,2017,English,Article,"Decoupling Agricultural Nonpoint Source Pollution from Crop Production: A Case Study of Heilongjiang Land Reclamation Area, China",decoupling analysis; agricultural nonpoint source pollution; crop production; export coefficient model,GREY WATER FOOTPRINT; ECONOMIC-GROWTH; ENVIRONMENTAL PRESSURE; DECOMPOSITION ANALYSIS; CO2 EMISSIONS; DRIVERS; REGION; IMPACT; MODEL; BLUE,"Modern agriculture often leads to nonpoint source pollution. From the perspective of a decoupling analysis, this research evaluates the relationship between crop production and agricultural nonpoint source pollution (via fertilizer application), using the Heilongjiang land reclamation area as a case study. As it is the largest commodity grain base and green food base in China, more than 80% of water pollution in this area comes from fertilizer application. This study adopts an export coefficient model to hindcast nitrogen loss delivered to surface water via fertilizer application and conduct a further analysis of decoupling agricultural nonpoint source pollution from crop production. The results indicated that weak decoupling frequently occurred. However, this tendency was not steady in the period 2001-2012, and weak decoupling was typical in each branch based on the average value. Regarding the example of decoupling agricultural nonpoint source pollution from rice production, weak decoupling occurred more often, but this tendency was not steady over time. In addition, expansive coupling occurred in 2006, 2010 and 2012, and there were no definite signs of it improving. All branches, except for the Suihua branch, reached the degree of weak decoupling. A basic fact is that a decoupling tendency and environmental deterioration coexist in both the past and present. The decoupling analysis will contribute to localized strategies for sustainable agricultural development."
WOS:000691092100002,2021,English,Article,Adaptation measures (AMs) and mitigation policies (MPs) to climate change and sustainable blue economy: a global perspective,adaptations and mitigations; blue economy; carbon balance; climate change impact; water and industry,PLANT-BASED COAGULANTS; HYDROGEN-PRODUCTION; RICE FIELDS; WATER; EMISSIONS; METHANE; CO2; SULFUR; NANOMATERIALS; STRATEGIES,"Erratic patterns in climate have been forcing people to develop new adaptation and mitigation tools. Although world leaders have agreed to control greenhouse gases' (GHGs) emission, the current rate of emission may not stop global climate change (GCC). Scientists have been working to scientifically explain the effects of GHG emission on GCC, however, all climate changing phenomena may not be fully understandable now and more research is necessary to comprehend those knowledge gaps. Climate change has been severely affecting the ecological and socio-economic development but these effects can be mitigated by supporting sustainable technological and economic development as AMs and MPs. MPs to climate change may trade off the negative impacts of GCC and exploring and employing lucrative opportunities in blue economy can help in developing those AMs and MPs. Moreover, it is not possible to rapidly divert all global manufacturing processes into benign technological and economic perfection. For this reason, Bangladesh and other coastal countries are very aware of the need to introduce cost-effective AMs and MPs and society and environment oriented blue economy. Some worthwhile adaptation and mitigation strategies are discussed to minimize the carbon footprint, as remedies to curtail GCC impacts. Scientific relations of GCC with GHG emission and opportunities of blue economy are also explored."
WOS:000296963300001,2011,English,Article,In search of the genetic footprints of Sumerians: a survey of Y-chromosome and mtDNA variation in the Marsh Arabs of Iraq,,HUMAN MITOCHONDRIAL-DNA; ASIAN CORRIDOR; HAPLOGROUP-H; NEAR-EASTERN; POPULATIONS; DIVERSITY; TREE; RESOLUTION; DIFFUSION; EURASIA,"Background: For millennia, the southern part of the Mesopotamia has been a wetland region generated by the Tigris and Euphrates rivers before flowing into the Gulf. This area has been occupied by human communities since ancient times and the present-day inhabitants, the Marsh Arabs, are considered the population with the strongest link to ancient Sumerians. Popular tradition, however, considers the Marsh Arabs as a foreign group, of unknown origin, which arrived in the marshlands when the rearing of water buffalo was introduced to the region. Results: To shed some light on the paternal and maternal origin of this population, Y chromosome and mitochondrial DNA (mtDNA) variation was surveyed in 143 Marsh Arabs and in a large sample of Iraqi controls. Analyses of the haplogroups and sub-haplogroups observed in the Marsh Arabs revealed a prevalent autochthonous Middle Eastern component for both male and female gene pools, with weak South-West Asian and African contributions, more evident in mtDNA. A higher male than female homogeneity is characteristic of the Marsh Arab gene pool, likely due to a strong male genetic drift determined by socio-cultural factors (patrilocality, polygamy, unequal male and female migration rates). Conclusions: Evidence of genetic stratification ascribable to the Sumerian development was provided by the Y-chromosome data where the J1-Page08 branch reveals a local expansion, almost contemporary with the Sumerian City State period that characterized Southern Mesopotamia. On the other hand, a more ancient background shared with Northern Mesopotamia is revealed by the less represented Y-chromosome lineage J1-M267*. Overall our results indicate that the introduction of water buffalo breeding and rice farming, most likely from the Indian subcontinent, only marginally affected the gene pool of autochthonous people of the region. Furthermore, a prevalent Middle Eastern ancestry of the modern population of the marshes of southern Iraq implies that if the Marsh Arabs are descendants of the ancient Sumerians, also the Sumerians were most likely autochthonous and not of Indian or South Asian ancestry."
WOS:001459213000001,2025,English,Article,Characterizing dam fragmentation impacts on freshwater fish within life cycle impact assessment,Freshwater fish; Fragmentation; Characterization factors; Life cycle impact assessment; Hydropower; Irrigation,HYDROPOWER RESERVOIRS; BIODIVERSITY; FOOTPRINT; CONNECTIVITY; CONSUMPTION,"Damming-induced fragmentation hinders crucial fish migration for feeding and spawning and alters habitat quality. However, the Life Cycle Assessment (LCA) framework lacks a model to quantify the impacts of freshwater habitat fragmentation. Our proposed methodology addresses this gap by developing characterization factors (CFs) with global coverage for the isolation risk of 7369 freshwater fish species. We use a macroecological range size-body size relationship to determine species' Minimum Viable Range Size (MVRS) and apply it to assess range fragmentation caused by 31,870 dams. To consider multipurpose reservoirs, we allocate the quantified impact in Potentially Disappeared Fraction of species (PDF) based on a ranking approach. The CFs express global quantified impact and range from 0 to 2.39 center dot 10- 12 PDF center dot yr center dot m-3 for hydropower for 524 basins, and from 0 to 3.17 center dot 10- 07 PDF center dot yr center dot m- 3 for irrigation for 1355 basins worldwide. We calculate a weighted mean from the CFs per basin to obtain a global CF. This CF is 3.89 center dot 10- 15 PDF center dot yr center dot m-3 (+/- 2.01 center dot 10- 14 weighted standard deviation) for hydropower and 7.66 center dot 10- 14 PDF center dot yr center dot m- 3 (+/- 2.27 center dot 10- 12 weighted standard deviation) for irrigation. Applying the hydropower and irrigation CFs to a global case study for the operation of a hydropower plant and the production of basmati rice shows that the impact scores for fragmentation exceed those for land inundation and global warming but not for water consumption. In the case of Norway, the hydropower-induced fragmentation impact scores are the highest. This shows the importance of including freshwater fragmentation in decision-making tools such as LCA."
WOS:001474436400001,2025,English,Article,Improvement of Malagasy Traditional Earth Bricks by Using a Derivative of CNSL as a Binding Agent,traditional brick; red soil; CNSL; oxyacetic acid; binding agent; waste management and energy saving,SHELL LIQUID CNSL; GAS EMISSIONS; CLAY BRICKS; MADAGASCAR,"Traditional bricks are still the most widely used building material in Madagascar. Bricks are made from clay that is fired for weeks in open-air kilns (600-750 degrees C) by using rice husks, peat, charcoal, coal, and wood as fuels. This process contributes significantly to environmental pollution by emitting CO2 and particles. In addition, the intensive use of wood and charcoal is partly responsible for the deforestation that still taking place on the ""Red Island"". The development of sustainable building materials is therefore of global interest. This research provided a solution by implementing the oxyacetic acid derivative of cashew nut shell liquid (CNSL) as a binder to reduce energy consumption in the preparation of earthen materials. This product was obtained from cashew nut waste and was used in a proportion of 5 to 15% with the red soil of Madagascar. The materials were formulated at a much lower temperature (60 degrees C) compared to the traditional process for 24 to 48 hours in a custom-designed mold. The material with 10% oxyacetic binder from CNSL was a compact, hard solid with higher mechanical properties, including a twice higher compressive strength (5.6 MPa compared to 2.2 MPa) and a higher tensile strength (2.2 MPa compared to 1.6 MPa). This material also had better water resistance after 2 months of immersion; traditional clay bricks absorbed 36.65% of the water, and the material with binder only absorbed 12.62%. This research demonstrates that the utilization of local agricultural waste as a binder is a viable strategy for reducing the carbon footprint of traditional building materials while significantly improving their physico-mechanical properties."
WOS:001582001500001,2025,English,Article,"Designing an ecologically sustainable and resource-efficient rice-wheat system in the Western Indo-Gangetic Plains of India: Integrating practices of pressurized irrigation, tillage and residue management",Tillage; Residue mulch; Micro irrigation; Rice-wheat system; Crop simulation modelling,WATER-USE EFFICIENCY; CONSERVATION AGRICULTURE; PERFORMANCE EVALUATION; CROPPING SYSTEM; SOIL PROPERTIES; AQUACROP MODEL; ORGANIC-CARBON; YIELD; PRODUCTIVITY; MAIZE,"Intensive tillage and on-field residue burning have gained significant traction in South Asia's rice-wheat system (RWS), often with little attention for their economic, soil health, and environmental impacts. This study seeks to identify the resource smart agri-food systems while promoting conservational tillage and residue management practices with pressurized (drip/mini-sprinkler) irrigation systems. A two-years field experiment was executed in RWS to assess the crop establishment [(puddled transplanted rice (PTR) and direct-seeded rice (DSR); conventional tillage wheat (CTW) and zero tillage wheat (ZTW)], conservation tillage (reduced/zero) and residue management (with and without mulching) practices with surface, drip, and mini-sprinkler (MSIS) irrigation techniques. The results indicated that the greater availability of soil moisture in PTR led to notable improvements in both morphological (DMA: 10.8%) and physiological traits (RWC: 5%; Pn: 7.9%, gS: 3.8% and E: 7.4%), ultimately resulting in enhanced yield components [(filled grains per panicle (17%) and 1000-grain weight (8%)] and an overall yield increase of 11% compared to DSR. Furthermore, the yield penalty of 10% associated with DSR was compensated by a 14% enhancement in crop performance in ZTW. The favorable alterations in soil moisture conditions and the more effective utilization of available resources in the pressurized irrigation residue mulched ZTW system (DRIP/MSIS-ZTW+RM) facilitated superior crop growth and enhanced yield metrics, achieving a 17% increase in wheat yields and a 53% improvement in irrigation water use efficiency relative to CTW. Residue mulching increased wheat yield by 7%, with gains of 6.3% in SIS, 7.1% in MSIS, and 7.7% in DRIP-irrigated ZTW. The AquaCrop model performance was deemed adequate to validate and simulate rice and wheat yield and water footprint (WF) for various treatments applied to both the crops. Notably, the DRIP-DSR treatment recorded a 14.2% lower blue WF in comparison to PTR, and a 42.7% reduction when compared to SIS-DSR. For wheat, the DRIP-ZTW treatment demonstrated a 29.4% decrease in blue WF compared to CTW, with residue mulch leading to an additional 32.8% reduction. On average, retaining surface residue as mulch (+RM) resulted in a 10.5% lower blue WF than without mulch (-RM). Transitioning from conventional RWS to a drip-irrigated DSR-ZTW system, complemented by rice residue mulching (DRIP-DSR/ZTW+RM), offers a resource-efficient sustainable alternative for ecological sustainability and food security in the western Indo-Gangetic Plains (IGP) and similar regions."
WOS:001788232200001,2026,English,Article,"Rice and beans: the nutritious, sustainable and affordable staple of the Brazilian diet",Diet; Environment; Nutritional epidemiology; Brazil,WATER FOOTPRINT,"Objective: This study evaluated the consumption of rice and beans in Brazil, two staples of the Brazilian diet, by describing their consumption according to sociodemographic characteristics and assessing its association with nutritional quality, environmental impact and affordability of the diet.Design: Cross-sectional study.Setting: Brazil.Participants: We analysed food consumption data from 46 164 individuals aged 10 years and older, based on the most recent Household Budget Survey (2017-2018) in Brazil. The survey used a two-stage cluster sampling design and provides nationally representative data, covering all regions, states, metropolitan areas, capitals and urban and rural zones in Brazil.Results: In Brazil, rice and beans accounted for 10 & centerdot;75 % and 6 & centerdot;33 % of total daily energy intake, respectively. Their consumption was important across all sociodemographic groups analysed. Rice and beans intake was associated with higher nutritional quality, reduced environmental impact and lower diet costs. Higher combined consumption of rice and beans was associated with a 44 & centerdot;49 % reduction in nutritional inadequacies in the diet, a 17 & centerdot;64 % decrease in carbon footprint, a 21 & centerdot;05 % decrease in water footprint and a 38 & centerdot;03 % reduction in total diet cost, compared to lower consumption.Conclusions: Promoting increased consumption of rice and beans in Brazil offers a culturally appropriate solution in response to the global call for healthier and more sustainable diets, and is the most effective approach to improve human health and environmental sustainability in an affordable way in Brazil."
WOS:001663359400001,2026,English,Article; Early Access,"Ecological and Technological Insights to Enhance Rice Production: A Machine Learning Approach for Sustainable Agriculture in Granma, Cuba",ecological footprints; forecasting; greenhouse gas; machine learning; renewable energy; rice production; sustainable development,PRODUCTION SYSTEMS; CLIMATE-CHANGE; ENERGY; YIELD; BIOMASS; BANGLADESH; ADOPTION; FARMERS; IMPACT; INDIA,"Amid the quest for sustainable agriculture, this study explores key ecological and technological factors influencing crop production under climate change. We conduct a comprehensive assessment of temperature, biomass, farmer education, renewable energy devices, greenhouse gas emissions and their effects on rice yields in Granma, Cuba, from 1989 to 2022. The novelty of this study lies in developing precise forecasting models via machine learning techniques, including Bayesian neural network, support vector machines, and pattern recognition neural network that integrate multi-variable historical data for highly accurate predictions. Furthermore, farmer education plays a vital role in adopting these technologies, enhancing overall productivity. Quantile autoregressive distributed lag analysis reveals that biomass boosts long-run rice production by 1.54%, while a 1% increase in greenhouse gases reduces it by 0.2%. Rising temperature significantly lowers short-term yields by 0.48% per 1% increase, which is positively offset by renewable energy devices. This approach not only reduces environmental impact but also ensures long-term food security in the region. The study's contributions include policy recommendations that align sustainable development goals with strategies to cut emissions through enhanced water management, low-emission techniques, and low-energy sources. The adoption of machine learning and smart practices like heat-tolerant cultivars and controlled fertilization is recommended to mitigate ecological risks. Additionally, investing in education and extension services can empower farmers to implement these practices effectively. For policymakers, key strategies encompass improved water management, low-emission practices, renewable energy adoption, education investments, and climate-smart farming practices to foster sustainable rice production. The study highlights the importance of integrating technology with ecological considerations for sustainable agriculture. Overall, our findings provide a roadmap for other regions facing similar challenges."
WOS:001726368600001,2026,English,Article,An Analysis of the Structural Traits and Drivers of Virtual Land Trade Networks Within the G20 Countries,virtual land use; crop trade; social network analysis; exponential random graph model,FOOTPRINT; DISPLACEMENT,"With the deepening of international trade and the increasing shortage of land resources, the importance of virtual soil trade in grain has become increasingly prominent. Based on FAO data, this study constructs the virtual soil trade network of wheat, rice, corn and soybean in the major G20 grain trading countries in 2013 and 2023, measures its network characteristics, and uses the exponential random graph model to explore its influencing factors from three dimensions of economic scale, geographical characteristics and resource endowment. The results show that: (1) virtual land trade is essentially a redistribution mechanism of land use pressure, rather than a simple grain flow; (2) the formation of network is driven by exogenous economic factors and endogenous relations; and (3) the role of each country in the network varies with the grain and food category and the development stage, showing a systematic differentiation. It is suggested that the allocation of land resources should be optimized according to the differences in virtual land flows in different countries and food categories. Since the export of virtual land is accompanied by ecological costs (such as deforestation, soil degradation, and water consumption), sustainability must be integrated into trade policies. Rations involve national security strategy, and it is necessary to strengthen domestic productivity and strategic reserves. Feed grain can use the market mechanism to promote trade liberalization and diversification, and reduce the risk of supply chain concentration while giving full play to the global comparative advantage."
WOS:001004038700001,2023,English,Article,Dairy and Plant-Based Milks: Implications for Nutrition and Planetary Health,Dairy; Dairy alternatives; Health; Nutrition; Environment; Retail,ENVIRONMENTAL IMPACTS; FOODS; ALTERNATIVES; PRODUCTS; METAANALYSIS; ASSOCIATION; CONSUMPTION; CHILDREN; ADULTS; RISK,"Purpose of ReviewDairy milk products are dominant in the market; however, plant-based milks are gaining prominence among USA consumers. Many questions remain about how plant-based milk products compare to dairy milk from a nutrition, public health, and planetary health perspective. Here, we compare the retail sales, nutrient profiles, and known health and environmental impacts of the production and consumption of dairy and plant-based milks and identify knowledge gaps for future studies. For our plant-based milk comparisons, we reviewed almond, soy, oat, coconut, rice, pea, cashew, and other plant-based milks as data were available.Recent FindingsThe retail unit price of plant-based milks was generally higher than that of cow's milk, making it less accessible to lower-income groups. Many plant-based milks are fortified to match the micronutrient profile of dairy milk more closely. Notable differences remained, especially in protein, zinc, and potassium, depending on the base ingredient and individual product. Some plant-based milks contain added sugar to improve flavor. Plant-based milks were generally associated with lower environmental impacts (e.g., greenhouse gas emissions, water use) than cow's milk, with the notable exception of the higher water footprint of almond milk.This review of recent studies and consumer purchases confirmed that retail sales of plant-based milks are increasing and shifting among products. Further research is needed to better characterize the environmental impacts of newer plant-based milks, such as cashew, hemp, and pea milks; consumer attitudes and behavior towards plant-based milks; and the safety and potential health effects related to their long-term and more frequent consumption."
WOS:001039001400003,2023,English,Article,Mapping potential conflicts between global agriculture and terrestrial conservation,conservation risk hotspots; agricultural trade; biodiversity footprint,INPUT-OUTPUT-ANALYSIS; BIODIVERSITY IMPACTS; SUPPLY-CHAIN; CONSUMPTION; WATER; DEFORESTATION; FOOTPRINTS; EXPANSION; DRIVERS; DEMAND,"Demand for food products, often from international trade, has brought agricultural land use into direct competition with biodiversity. Where these potential conflicts occur and which consumers are responsible is poorly understood. By combining conservation priority (CP) maps with agricultural trade data, we estimate current potential conservation risk hotspots driven by 197 countries across 48 agricultural products. Globally, a third of agricultural production occurs in sites of high CP (CP > 0.75, max = 1.0). While cattle, maize, rice, and soybean pose the greatest threat to very high-CP sites, other low-conservation risk products (e.g., sugar beet, pearl millet, and sunflower) currently are less likely to be grown in sites of agriculture-conservation conflict. Our analysis suggests that a commodity can cause dissimilar conservation threats in different production regions. Accordingly, some of the conservation risks posed by different countries depend on their demand and sourcing patterns of agricultural commodities. Our spatial analyses identify potential hotspots of competition between agriculture and high-conservation value sites (i.e., 0.5 degrees resolution, or similar to 367 to 3,077km(2), grid cells containing both agriculture and high-biodiversity priority habitat), thereby providing additional information that could help prioritize conservation activities and safeguard biodiversity in individual countries and globally. A web-based GIS tool at https://agriculture.spatialfootprint. com/biodiversity/ systematically visualizes the results of our analyses."
WOS:001386875200001,2024,English,Article,Preparation of Low Carbon Silicomanganese Slag-Based Alkali-Activated Materials Using Alkali-Activated Silica Waste,water glass; silicon waste; silicomanganese slag; alkali-activated materials; carbon footprint,RICE HUSK ASH; FLY-ASH; REACTION-KINETICS; SODIUM-SILICATE; BORON MUD; MANGANESE; CEMENT; STRENGTH; GLASS; GEL,"The utilization of silicomanganese slag (SiMnS) as a precursor for alkali-activated materials (AAMs) is considered as an efficient approach for sustainable and eco-friendly large-scale resource utilization. However, sodium silicate solutions account for more than 50% of the production costs and carbon emissions of AAMs. In this study, AAM activators were prepared by silica-containing waste (acid leaching residue of boron mud, BM-AR) and NaOH as raw materials, and were successfully substituted for commercial sodium silicate-NaOH activators. Results indicated that the NaOH dosage had a great effect on the concentration and modulus of the activator. With the appropriate dosage of NaOH (NaOH: BM-AR = 0.4-0.7), suitable moduli of AAM activators can be produced at a wide range of solid/liquid ratios (L/S = 3-4.5) under mild conditions (80-100 degrees C). The compressive strength of the SiMnS AAM specimens prepared by this activator can reach 68.58 MPa, and its hydration products were mainly hydrated calcium silicate and amorphous silica-alumina gel, indicating the successful preparation of AAM. Calculation showed that the carbon emission of the AAMs prepared in this study was 12.4% and 37.6% of that of OPC and commercial water glass/NaOH-activated AAMs, and the cost was only 67.14% and 60.78% of them. The process achieves the use of waste materials to replace commercial activators, and is expected to be extended to a variety of AAMs raw materials and silica-containing waste. This makes it a highly promising alternative method for the production of AAMs, particularly the 'just add water' AAMs."
WOS:001258443600001,2024,English,Article,Advanced technological adaptations can improve the energy-cum-carbon-efficiency of diverse rice production systems,Carbon footprint; Economic profitability; Energy use efficiency; Rice production systems; Sustainability,EASTERN HIMALAYAN REGION; GREENHOUSE-GAS EMISSIONS; CROPPING SYSTEMS; CONSERVATION AGRICULTURE; TRANSPLANTED RICE; ORYZA-SATIVA; RESOURCE-USE; WATER-USE; FOOTPRINT; MANAGEMENT,"Worldwide, there is an urgent need to develop energy -cum -carbon smart and cost-effective rice production systems for farmer ' s adoption. Data were collected from 280 farmer ' s fields representing the South Asia rice production system. Out of these 75 fields following transplanted rice (TPR), 55 fields of wet direct seeded rice (WDSR), 60 fields of drill sown direct seeded rice in line (DSR L), 60 fields of traditional direct seeded rice (DSR) and 30 fields of DSR + beushning (DSR + B). Results show that grain and straw yields in the TPR were 6056 and 7752 kg ha - 1 , respectively; however, they were neither profitable, energy efficient, or eco-friendly. At the same time, the grain and straw yields in DSR L were recorded by 5832 and 7757 kg ha - 1 , respectively. It was profitable with the highest net returns (1111.5 US$ ha - 1 ), energy use efficiency (12.77), energy productivity (0.41 kg MJ -1 ), energy profitability (11.77 US$ MJ -1 ), energy output efficiency (1314.3 MJ day - 1 ) environment friendly in terms of carbon efficiency 7.20, carbon sustainability index (6.20) and had most diminutive carbon footprint (0.14 kg CO 2 eq kg -1 grain) with a comparable carbon credit. DSR L is productive, economically viable, energy efficient, and environmentally safer among rice production systems."
WOS:001133843000001,2023,English,Article,Quantifying the energy use efficiency and greenhouse gas emissions in Punjab (India) agriculture,Energy; GHGs; Climate smart agriculture; Climate mitigation; Climate change; and agricultural sustainability,PRODUCTION SYSTEMS; RICE PRODUCTION; OPTIMIZATION APPROACH; CARBON FOOTPRINT; FOOD SECURITY; CO2 EMISSIONS; MITIGATION; WHEAT; CULTIVATION; MANAGEMENT,"It is inevitable to acknowledge the greenhouse gas emissions (GHGE)'s primary role in the planet's rising temperatures, which poses threat to ecosystem's sustainability. In India, a 18% of the total GHGE comes from agriculture. Agricultural systems, being complex, need highly efficient energy usage to ensure better yields, and hence, farmer income and food security. Within India, Punjab is the state with greatest agro-economic impact. Therefore, present study is an attempt to quantify the GHGE and energy use efficiency (EUE) in major crops (cotton, maize, paddy, wheat, and sugarcane) of Punjab based on 2019-2020 data. Results revealed that the direct energy and non-renewable energy contribution significantly exceeded the indirect energy and renewable energy, in all crops except sugarcane. Electricity and fertilizers were noted as key areas for energy sink for all crops studied. The specific energy based on economic yield was realized to be significantly higher in cotton (10.23 MJ Kg-1), followed by paddy (5.28 MJ Kg-1), and less than 5 MJ Kg-1 for other crops. High energy intensity indicates that there exists a better potential for further improvement in the energy productivity of cropping systems. In terms of total input-output energy, net energy gain and EUE, sugarcane was noted to be at the top, followed by paddy among other seasonal crops. Paddy was found to emit the highest CO2 eq. emissions (6718 kg CO2 eq. ha-1) of all crops and around 60% was contributed solely by methane (CH4) due to paddy cultivation in submerged water. Thus, optimizing fertilizer rates, precisely guided irrigation systems, adoption of resource conservation technologies (RCTs) i.e., DSR, Laser leveling, minimizing crop residue burning, and using them for energy supply are among best possible alternatives for improving EUE and reducing GHGE."
WOS:000978373100001,2023,English,Article,"Development of Integrated Farming System Model-A Step towards Achieving Biodiverse, Resilient and Productive Green Economy in Agriculture for Small Holdings in India",complementary resource usages; crop diversification; energy dynamics; global warming potential; integrated farming system; marginal holding; system productivity; water footprints,ECOSYSTEM SERVICES; POVERTY REDUCTION; CROP DIVERSIFICATION; FARMERS; ENERGY; CONSERVATION; HORTICULTURE; LIVELIHOOD; SECURITY; INCOME,"The agrarian communities of South Asia are dominated by small and marginal farmers (<2.0 ha operational holdings) and are confronted with manifold challenges of lower productivity, income, and resource degradation. For optimized and efficient resource use, a shift from business as usual towards green economy is imperative. Therefore, a study to address these challenges, through integrating diverse crops and allied enterprises under an integrated farming system (IFS) model was carried out. We hypothesized that a standardized IFS model with appropriate location-specific modules will have higher system output, income, and lesser environmental footprints. Vegetable cultivation (VC), protected vegetable cultivation (PVC), field crops (FC), mushroom production (MP), and beekeeping (BK) were evaluated under the IFS model, with objectives to optimize the coherent use of available farm resources with enhancing system productivity and profitability. Among the FC module, the system productivity increased from 21-247% of different cropping systems, over the predominant rice-wheat system (RWS). The integration of different components, viz., VP + PVC + FC + AHS + MP + BK + VC in M-10 resulted in achieving the maximum water productivity (6.72 kg/m(3)), energy productivity (1.50 kg/MJ), net return (9446 USD/ha), employment opportunities (792 man-days), sustainable livelihood index (70.2%), and nutrient cycling (138.12, 67.9, and 381.6 kg/ha of nitrogen, phosphorus, and potassium, respectively). These findings can be a scientific basis for the optimization and sustainable management of natural resources under different modules of IFS for the less-endowed small and marginal farmers."
WOS:000663072800001,2021,English,Article,"An impact of agronomic practices of sustainable rice-wheat crop intensification on food security, economic adaptability, and environmental mitigation across eastern Indo-Gangetic Plains",Energy use; Global warming potential; Residue management; Resource conservation technologies; Rice-wheat-greengram system; Triple zero-tillage,ENERGY USE EFFICIENCY; CONSERVATION AGRICULTURE; WATER PRODUCTIVITY; SYSTEMS; TILLAGE; YIELDS; OPTIONS; MANAGEMENT; COMPONENTS; FOOTPRINT,"In the eastern Indo-Gangetic Plains (EIGP), conventional rice-wheat system has led to a decline in productivity, input-use efficiency, and profitability. To address these, a four-year field study was conducted to evaluate the performance of tillage and crop establishment (TCE) methods in rice-wheat-greengram rotation. The treatments included: 1) random puddled transplanted rice (RPTR) - conventional-till broadcast wheat (BCW) - zero-till greengram (ZTG); 2) line PTR (LPTR) - conventional-till drill sown wheat (CTW) - ZTG; 3) machine transplanted rice in puddled soil (CTMTR) - zero tillage wheat (ZTW) - ZTG; 4) machine transplanted rice in zero-till wet soil (ZTMTR) - ZTW - ZTG; 5) system of rice intensification (SRI) - system of wheat intensification (SWI) ZTG; 6) direct-seeded rice (DSR) - ZTW - ZTG; and 7) zero-till DSR - ZTW - ZTG. During the initial two years, conventional rice system (PTR) recorded a 16.2 % higher rice grain yield than DSR system. Whereas in the fourth year, the rice yields under DSR and PTR were comparable. As compared to SRI/SWI, the average wheat yield in ZT system was significantly high, whereas in rice, SRI/SWI system was comparable with CT system. ZTW after non-puddled rice was at par to CTW after PTR. The ZT wheat produced 4.6 % more yield than CT system. DSR production system consumed 6.8 % less water compared to transplanted system. On the system basis, 10.8 % higher net returns were recorded with CA-based system compared to conventional system. The system energy productivity under CA-based production system was 14-36 % higher than PTR-based systems. CA-based system also led to 8-10 % lower global warming potential (GWP) than conventional methods. The current study indicated that as compared to conventional system, a significant gain in productivity, profitability and energy-use efficiency, and reduction in the environmental mitigation are possible with emerging alternative TCE methods. Long-term expansion and further refinement of these technologies in local areas need to be explored for the second green revolution."
WOS:000423002200089,2018,English,Article,An international comparison of rice consumption behaviours and greenhouse gas emissions from rice production,Agriculture; Rice; Methane; China; Vietnam; India; Thailand,CLIMATE-CHANGE; WATER; FOOD; INTENSIFICATION; AGRICULTURE; STREAM; SYSTEM; COSTS; CROPS; RIVER,"Rice is a staple food for over half the global population and is mostly produced by smallholders. Rice cultivation at global level is responsible for over 10% of global agricultural greenhouse gas (GHG) emissions and about 1.3%-1.8% of the anthropogenic GHG emissions. Taking time, series data from the World Bank, Food and Agriculture Organisation, International Rice Research Institute and United States Department of Agriculture, this study aims to compare the trends and magnitudes of rice yield, per capita rice consumption and its relationships with per capita income and life expectancy, as well as CH4 and N2O emissions from rice farming among the eight different countries (China, India, Vietnam, Thailand, the Philippines, Myanmar, Bangladesh and Indonesia) which, collectively, account for about 82.05% of the global rice production and 78.23% of the global rice consumption. Moreover, agricultural practices as a whole in these eight countries is responsible for 35% of global agricultural emissions. Over the 54 year period of study from 1961 to 2014, rice yield increased significantly in all countries; however, the current pace is not sufficient to meet the increasing demands. Similarly, results suggest that the generalisation of rice consumption behaviour as normal or inferior goods is misleading and is largely influenced by the culture, norms, values and beliefs of a given country. Although the absolute amounts of GHG emissions from rice cultivation has increased in all countries during the study period, the corresponding emission intensities have declined sharply, mainly due to the rapid increase in yield. Among the eight countries, China and Vietnam's performance was better in terms of their increased yield, decreasing rates of emissions intensity and a lower water footprint whilst Thailand's performance was poorest. The differences between the different countries and practices which enable more rice to be produced with less water, energy and land are also discussed. (C) 2017 Elsevier Ltd. All rights reserved."
WOS:000896202900001,2022,English,Article,Environmental Life Cycle Assessment in Organic and Conventional Rice Farming Systems: Using a Cradle to Farm Gate Approach,climate change; ecosystem quality; human health damage; LCA; sustainability,IMPACT ASSESSMENT; PADDY FIELDS; FRESH-WATER; NITROGEN FOOTPRINT; CROPPING SYSTEMS; GUILAN PROVINCE; RISK-ASSESSMENT; ASSESSMENT LCA; FERTILIZER; EMISSIONS,"The rising demand for agricultural products and expanding public awareness of environmental friendliness have led to the adoption of the organic farming system rather than the conventional one. The life cycle assessment (LCA) concept is a frequently used method to examine the environmental impacts of any activity across its entire life cycle. This research is the first use of LCA for the impacts of vermicompost and cattle manure as organic fertilizers in rice farming. The main goal of this study was to compare the environmental impacts of conventional and organic rice farming. This paper uses midpoint attributional LCA to analyze environmental damages during rice production. The four primary harm categories used in this strategy to categorize the environmental effects were: (1) climate change, (2) human health, (3) ecosystem quality, and (4) resources. The inventory data for the agricultural stage were obtained through farmer interviews. The system boundaries were set to cradle to farm gate, and 1 ton of final product (dry matter) was used as the functional unit. The results show that in all main damage categories, except for particulate matter formation, stratospheric ozone depletion, mineral resource scarcity, and freshwater eutrophication, conventional rice production has higher environmental impacts than organic rice production. Overall, organic rice production is more effective in diminishing the negative environmental effects of farming compared to conventional rice production."
WOS:000460826800010,2019,English,Article,Impact of climate change on agricultural productivity and food security in the Himalayas: A case study in Nepal,Nepal; Himalaya; Food security; Crop yield; Climate change,FUTURE HYDROLOGICAL REGIMES; SCALE RECURSIVE ESTIMATION; KOSHI RIVER-BASIN; CROPPING SYSTEMS; CHANGE SCENARIOS; WATER FOOTPRINT; ELEVATED CO2; LAND-USE; PO VALLEY; MODEL,"The paradigmatic Dudh Koshi basin laid at the toe of Mt. Everest is largely visited by tourists every year, and yet agricultural productivity and food security therein are at stake under climate change. Agricultural yield in the area recently decreased, and the question arose whether cropping at higher altitudes may help adaptation. We investigated here the present, and future (until 2100) patterns of productivity of three main rain-fed crops in the catchment (wheat Triticum L., rice Oryza L., and maize Zea Mais L.). We explored food security using a nutritional index, given by the ratio of the caloric content from our target cereals, to daily caloric demand. We preliminary investigated whether vertical extension of the cropped area may increase food security. We did so by (i) mapping crops area using remote sensing, (ii) setting up the agronomic model Poly-Crop, (iii) feeding Poly-Crop with downscaled outputs from global climate models, and (iv) projecting vertical land occupation for cropping, population projections, and nutritional requirements. We estimated crop yield and food security at half century (2040-2050), and end of century (2090-2100), against a control run decade CR (2003 - 2013), under constant land use, and projected land occupation. On average, specific wheat yield would decrease against CR by - 25% (rice -42%, maize -46%) at 2100, with largely yearly variability for unchanged land use scenario. Under modified land use scenario, wheat yield would decrease by - 38%, while rice and maize yield would improve, maize very slightly ( - 22%, and - 45%, against CR) in response to occupation of higher altitudes than now. Our food security index would decrease under all scenarios (111% in 2010, 49% on average at 2050, under a population peak, and 51% at 2100), and become more variable, however with potential for adaptation by colonization of higher lands (75%, 62%, at 2050, 2100). Very large expansion of one cereal (i.e. maize), may make food security more unstable, as mostly depending on erratic yield of that cereal only."
WOS:000503172600028,2020,English,Article,Assessing alternative crop establishment methods with a sustainability lens in rice production systems of Eastern India,Sustainability indicators; Dry direct seeded rice; Machine transplanted rice; Environmental footprints; Synergies and trade-off,DIRECT-SEEDED RICE; GANGETIC PLAINS; MANAGEMENT-PRACTICES; YIELD GAPS; FARM-LEVEL; PERFORMANCE; AGRICULTURE; CULTIVATION; FERTILIZER; NUTRIENT,"Sustainability of rice production systems is a prime concern for Asia to maintain food security and to support economic growth. This gain in productivity not only depends on agricultural inputs but also depends on social and environmental factors. To address these emerging issues, new resource- and capital-efficient and profitable technologies have been introduced. The conventional method of rice production (puddling and manual transplanting, PTR) is considered as highly input intensive. As an alternative, dry direct seeded rice (DSR) using seed drill has been promoted to save labor and production costs compared with PTR. Similarly, machine transplanted rice (MTR) has been also considered and promoted in many rice growing countries of South and East Asia. Economic, environmental, and social performances of DSR and MTR (alternative rice establishment technologies) were compared to the PTR using Sustainable Rice Platform (SRP) defined 12 Performance Indicators (PIs) (version 1.0) as a gauge to measure their sustainability. For that, a household survey was conducted on 652 households in Odisha India during 2016. The gaps, i.e., the target to achieve better sustainability, were computed for most of the indicators from the difference between top 10th percentile and the population mean value of the indicator. The results indicated a yield gap of 1.35 t ha(-1) , a profit gap of $273 ha(-1), labor productivity gap of 21 kg day(-1), nitrogen (N) use efficiency gap of 22 kg grain kg(-1) N, phosphorus (P) use efficiency gap of 105 kg grain kg(-1) P, and water productivity gap of 0.00010 kg grain L-1 water in rice production systems in Odisha. Among the compared technologies, MTR results in the highest yield, profit, labor productivity, nitrogen-, phosphorus-use efficiency, and water productivity (at par), and is positive for children's welfare and the overall energy productivity, indicating better sustainability and has the potential to replace PTR. Direct seeded rice has the highest yield gap (1.57 t ha(-1); 38%) but has the lowest production cost (can reduce the cost of production by $130 ha(-1)), and the highest greenhouse gas (GHG) reduction potential. SRP PIs are capable for assessing the sustainability of rice establishment technologies except for a few indicators, for example food safety and workers health and safety, which are more applicable to watershed and household level indicators, respectively. The SRP PIs provide scientific evidence and practical impetus for the selection and promotion of sustainable rice production technologies. (C) 2019 The Authors. Published by Elsevier Ltd."
WOS:000967703300001,2023,English,Article,Pathways and determinants of sustainable energy use for rice farms in India,Big data; Policy planning; Truncated regression; Energy use efficiency; Data envelopment analysis,DATA ENVELOPMENT ANALYSIS; WATER-USE EFFICIENCY; CONSERVATION AGRICULTURE; CARBON FOOTPRINT; WHEAT; TILLAGE; MODELS; OPTIMIZATION; PRODUCTIVITY; MANAGEMENT,"Rice cultivation in the Northwestern Indo-Gangetic Plains (IGP) of India is often associated with high energy use, calling into question its sustainability. We applied a bootstrapped meta-frontier with a truncated regression to a database of 3,832 rice farms from the input-intensive rice production tracts of the Northwestern IGP as part of an assessment of energy use efficiency aimed at identifying entrypoints for more sustainable and efficient practices. District-specific technical efficiency score ranged between 0.68 and 0.99, with a mean of 0.86-0.90, suggesting an average potential for improvement in energy use efficiency of 10-14% within each district. Observed mean meta-frontier technical efficiency scores ranged between 0.60 and 0.81. On average, energy use efficient farms had 42% or higher energy use efficiency in the districts of Ambala, Fatehgarh Sahib, and Karnal. In contrast, in other districts efficient farms had 5-19% higher energy use efficiency than the inefficient farms. Higher rates of tillage, irrigation, and fertilizer application were identified among inefficient farms, with patterns of energy use efficiency varying to some extent between study districts. Both efficient and inefficient farms in Kapurthala and Ludhiana exhibited similar patterns of energy for tillage and land preparation, whereas the energy output from both efficient and inefficient farms were similar in Kurukshetra. These data suggest that in order to improve the efficiency of energy use in rice farms in the Northwestern IGP, district-level policy interventions and incentives might be required. The methodological approach and evidence provided in this study may be of use to identify pathways toward sustainable energy use in other intensively managed rice production landscapes in other countries. Similar analyses that employ meta-frontier and truncated regression approaches can be carried out for other performance indicators, for example profitability and carbon footprints, to explore and identify manage-ment and policy interventions to assist farmers to more appropriately utilize scarce and costly resources."
WOS:000400532300003,2017,English,Article,Estimating yield gaps at the cropping system level,Yield potential; Yield gap; Cropping system; Rice; Maize; Bangladesh,USE EFFICIENCY; IRRIGATED MAIZE; GRAIN LEGUME; RESOURCE USE; NITROGEN; PRODUCTIVITY; RICE; MANAGEMENT; CLIMATE; CEREAL,"Yield gap analyses of individual crops have been used to estimate opportunities for increasing crop production at local to global scales, thus providing information crucial to food security. However, increases in crop production can also be achieved by improving cropping system yield through modification of spatial and temporal arrangement of individual crops. In this paper we define the cropping system yield potential as the output from the combination of crops that gives the highest energy yield per unit of land and time, and the cropping system yield gap as the difference between actual energy yield of an existing cropping system and the cropping system yield potential. Then, we provide a framework to identify alternative cropping systems which can be evaluated against the current ones. A proof-of-concept is provided with irrigated rice-maize systems at four locations in Bangladesh that represent a range of climatic conditions in that country. The proposed framework identified (i) realistic alternative cropping systems at each location, and (ii) two locations where expected improvements in crop production from changes in cropping intensity (number of crops per year) were 43% to 64% higher than from improving the management of individual crops within the current cropping systems. The proposed framework provides a tool to help assess food production capacity of new systems (e.g. with increased cropping intensity) arising from climate change, and assess resource requirements (water and N) and associated environmental footprint per unit of land and production of these new systems. By expanding yield gap analysis from individual crops to the cropping system level and applying it to new systems, this framework could also be helpful to bridge the gap between yield gap analysis and cropping/farming system design. (C) 2017 The Author(s). Published by Elsevier B.V."
WOS:001063553400001,2023,English,Article,Is scale production more advantageous than smallholders for Chinese rice production?,Energy analysis; Environment footprint; Economic analysis; Land use rights transfer; Farm size,OUTPUT ENERGY ANALYSIS; GREENHOUSE-GAS EMISSIONS; CARBON FOOTPRINT; WATER MANAGEMENT; GRAIN PRODUCTION; PRODUCTION SYSTEMS; ECONOMIC-ANALYSIS; FARM SIZE; IRRIGATION; FIELD,"In this study, field data from 148 farmers were combined with energy equivalents, greenhouse gas emission factors, and product prices obtained from the literature and official statistics to evaluate and compare the energy use, environmental impact, and economic benefits between smallholders' rice production mode (SHM) and scale rice production modes (Big grain growers' rice production mode; Micro cooperatives' rice production mode). Compared with SHM, the scale rice production modes increased the net energy by 425.02 MJ ha -1-13148.29 MJ ha -1, increased the energy use efficiency by 16.85%-22.89%, increased the net economic return by 15.67 USD ha -1-531.31 USD ha -1, increased the net profit-to-labor use ratio by 26.02%-393.87%, decreased the global warming potential (GWP) by 19.48%-27.23%, and decreased the yield-scaled GWP by 19.93%-29.50%. These results demonstrate that the scale rice production modes can satisfy the needs of reduced labor inputs, energy conservation, emission reduction, and increased profitability of rice production, thereby promoting sustainable and low-carbon development of the agricultural industry in China. Based on these findings, it is recommended that the government increase its support for developing scale rice production modes and encourage farmers to take equity in their lands or lease them to micro cooperatives for more efficient production."
WOS:000927719600001,2023,English,Article,"Intensification of Rice-Fallow Agroecosystem of South Asia with Oilseeds and Pulses: Impacts on System Productivity, Soil Carbon Dynamics and Energetics",conservation agriculture; carbon balance; energy budgeting; rice-fallow; soil C-pool; system productivity,INDO-GANGETIC PLAINS; CONSERVATION AGRICULTURE; ORGANIC-CARBON; CROPPING SYSTEMS; SUSTAINABLE INTENSIFICATION; NUTRIENT MANAGEMENT; WATER PRODUCTIVITY; RESIDUE MANAGEMENT; FOOD SECURITY; TILLAGE,"Rice-fallow systems in South Asian countries play a pivotal role in increasing agricultural production. However, the productivity of these system is largely challenged by deteriorating soil health and limited residual soil moistures in dry-periods, precluding the possibility of winter and/or spring season crops after rice harvest. This investigation explores the possibilities of including winter and/or spring crops through conservation agriculture (CA)-based management practices and evaluates its effect on soil carbon dynamic, system productivity, energy and carbon budgeting. Field experiments were conducted at a farmer's field in participatory modes at Chene Village, Jharkhand, India, and had five treatments comprising (1) fallow-land [FL]; (2) transplanted puddle rice (TPR)-fallow (winter)-fallow (summer), a typical cultivation practice of this region [RF]; (3) TPR-conventional-till mustard-conventional-till blackgram [CP]; (4) CA with zero-till transplanted rice (ZTTR)-ZT mustard-ZT blackgram [CA1]; (5) CA with zero-till direct seeded rice (ZTDSR)-ZT mustard-ZT blackgram [CA2]. Results revealed that CA2 comprising full CA practice of growing direct seeded rice, mustard and blackgram under ZT increased total soil organic carbon (TSOC) of 0-0.6 m soil layer by 14.3% and 10.3% over RF and CP, respectively. The C-sequestration rate was higher in CA treatments and varied from 0.55 to 0.64 Mg C ha(-1) year(-1). The system rice equivalent yield in CA2 during the initial four years was lower than CP but it was 23.7% higher over CP in fifth year. The CA-based system (CA2) enhanced the water productivity of rice, mustard and blackgram by 7.0%, 23.6% and 14.1% over CP, respectively. The CA2 treatment, having higher system productivity, better C-sequestration potential, lower C-footprint, higher energy and water productivity has very good potential for sustaining soil health and crop yield of rice-fallow systems."
WOS:000560286900003,2021,English,Article,Potential of conservation agriculture modules for energy conservation and sustainability of rice-based production systems of Indo-Gangetic Plain region,Conservation agriculture; Crop residue retention; Crop establishment; Direct seeded rice; Energy budgeting; Rice; maize; wheat system,WHEAT CROPPING SYSTEM; ORGANIC-CARBON POOLS; ECONOMIC-GROWTH; RESIDUE MANAGEMENT; WATER PRODUCTIVITY; SOIL AGGREGATION; NO-TILL; CONSUMPTION; ESTABLISHMENT; FOOTPRINT,"Rice-based cropping systems are the most energy-intensive production systems in South Asia. Sustainability of the rice-based cropping systems is nowadays questioned with declining natural resource base, soil degradation, environmental pollution, and declining factor productivity. As a consequence, the search for energy and resource conservation agro-techniques is increasing for sustainable and cleaner production. Conservation agriculture (CA) practices have been recommended for resource conservation, soil health restoration and sustaining crop productivity. The present study aimed to assess the different CA modules in rice-based cropping systems for energy conservation, energy productivity, and to define energy-economic relations. A field experiment consisted of four different tillage-based crop establishment practices (puddled-transplanted rice followed by (fb) conventional-till maize/wheat (CTTPR-CT), non-puddled transplanted ricefbzero-till maize/wheat (NPTPR-ZT), zero-till transplanted ricefbzero-till maize/wheat (ZTTPR-ZT), zero-till direct-seeded ricefbzero-till maize/wheat (ZTDSR-ZT)), with two residue management treatments (residue removal, residue retention) in rice-wheat and rice-maize rotations were evaluated for energy budgeting and energy-economic relations. Conservation-tillage treatments (NPTPR-ZT, ZTTPR-ZT, and ZTDSR-ZT) reduced the energy requirements over conventional tillage treatments, with the greater reduction in ZTTPR-ZT and ZTDSR-ZT treatments. Savings of energy in conservation-tillage treatments were attributed to reduced energy use in land preparation (69-100%) and irrigation (23-27%), which consumed a large amount of fuel energy. Conservation-tillage treatments increased grain and straw/stover yields of crops, eventually increased the output energy (6-16%), net energy (14-26%), energy ratio (25-33%), and energy productivity (23-34%) as compared with CTTPR-CT. For these energy parameters, the treatment order was ZTDSR-ZT >= ZTTPR-ZT > NPTPR-ZT > CTTPR-CT (p < 0.05). Crop residue retention reduced net energy, energy ratio, and energy productivity when compared with residue removal. Our results of energy-economic relations favored the ""conservative hypothesis,"" which envisages that energy and monetary investments are not essentially the determinants of crop productivity. Thus, zero tillage-based crop establishments (ZTTPR-ZT, ZTDSR-ZT) in rice-based production systems could be the sustainable alternative to conventional tillage-based agriculture (CTTPR-CT) as they conserved non-renewable energy sources, reduced water requirement, and increased crop productivity."
WOS:000345530700025,2014,English,Article,Towards an Operational SAR-Based Rice Monitoring System in Asia: Examples from 13 Demonstration Sites across Asia in the RIICE Project,rice; food security; SAR; Asia; COSMO Skymed; TerraSAR-X,BAND BACKSCATTERING COEFFICIENTS; RESOLUTION SATELLITE SAR; BIOPHYSICAL VARIABLES,"Rice is the most important food security crop in Asia. Information on its seasonal extent forms part of the national accounting of many Asian countries. Synthetic Aperture Radar (SAR) imagery is highly suitable for detecting lowland rice, especially in tropical and subtropical regions, where pervasive cloud cover in the rainy seasons precludes the use of optical imagery. Here, we present a simple, robust, rule-based classification for mapping rice area with regularly acquired, multi-temporal, X-band, HH-polarized SAR imagery and site-specific parameters for classification. The rules for rice detection are based on the well-studied temporal signature of rice from SAR backscatter and its relationship with crop stages. We also present a procedure for estimating the parameters based on ""temporal feature descriptors"" that concisely characterize the key information in the rice signatures in monitored field locations within each site. We demonstrate the robustness of the approach on a very large dataset. A total of 127 images across 13 footprints in six countries in Asia were obtained between October 2012, and April 2014, covering 4.78 m ha. More than 1900 in-season site visits were conducted across 228 monitoring locations in the footprints for classification purposes, and more than 1300 field observations were made for accuracy assessment. Some 1.6 m ha of rice were mapped with classification accuracies from 85% to 95% based on the parameters that were closely related to the observed temporal feature descriptors derived for each site. The 13 sites capture much of the diversity in water management, crop establishment and maturity in South and Southeast Asia. The study demonstrates the feasibility of rice detection at the national scale using multi-temporal SAR imagery with robust classification methods and parameters that are based on the knowledge of the temporal dynamics of the rice crop. We highlight the need for the development of an open-access library of temporal signatures, further investigation into temporal feature descriptors and better ancillary data to reduce the risk of misclassification with surfaces that have temporal backscatter dynamics similar to those of rice. We conclude with observations on the need to define appropriate SAR acquisition plans to support policies and decisions related to food security."
WOS:000584004900001,2020,English,Article,"Portfolios of Climate Smart Agriculture Practices in Smallholder Rice-Wheat System of Eastern Indo-Gangetic Plains-Crop Productivity, Resource Use Efficiency and Environmental Foot Prints",conservation agriculture; global warming potential; energy use efficiency; water productivity,NITROUS-OXIDE EMISSIONS; PRECISION-CONSERVATION AGRICULTURE; WATER-USE EFFICIENCY; MITIGATION OPPORTUNITIES; ESTABLISHMENT METHODS; SOUTH-ASIA; TILLAGE; SOIL; MANAGEMENT; ROTATION,"The conventional tillage based rice-wheat system (RWS) in Indo-genetic plains (IGP) of South Asia is facing diverse challenges like increase in production cost and erratic climatic events. This results in stagnated crop productivity and declined farm profitability with increased emission of greenhouse gases. Therefore, 3-year multi-location farmer's participatory research trial was conducted to assess the impact of crop establishment and residue management techniques on crop productivity, economic profitability and environmental footprints in RWS. The aim of this study was to analyze the effect of combinations of improved agronomic technologies compared to farmer's practices (FP) on crop productivity, profitability, resource use efficiency and environmental footprints. The experiment had six scenarios that is, S1-Farmer's practice; Conventional tillage (CT) without residue; S2-CT with residue, S3- Reduced tillage (RT) with residue + Recommended dose of fertilizer (RDF); S4-RT/zero tillage (ZT) with residue + RDF, S5-ZT with residue + RDF + green seeker + tensiometer + information & communication technology + crop insurance and S6- S5 + site specific nutrient management. Climate smart agriculture practices (CSAPs; mean of S4, S5 and S6) increase system productivity and farm profitability by 10.5% and 29.4% (on 3 yrs' mean basis), whereas, improved farmers practices (mean of S2 and S3) resulted in only 3.2% and 5.3% increments compared to farmer's practice (S1), respectively. On an average, CSAPs saved 39.3% of irrigation water and enhanced the irrigation and total water productivity by 53.9% and 18.4% than FP, respectively. In all the 3-years, CSAPs with high adaptive measures enhanced the energy-use-efficiency (EUE) and energy productivity (EP) by 43%-54% and 44%-61%, respectively than FP. In our study, global warming potential (GWP), GHG emission due to consumption energy and greenhouse gas intensity were recorded lower by 43%, 56% and 59% in Climate Smart Agriculture (CSA) with high adaptive measures than farmers practices (3652.7 kg CO2 eq. ha(-1) yr(-1), 722.2 kg CO2 eq. ha(-1) yr(-1) and 718.7 Mg kg(-1) CO2 eq. ha(-1) yr(-1)). The findings of the present study revealed that CSA with adaption of innovative measures (S6) improved 3-year mean system productivity by 10.5%, profitability by 29.4%, water productivity and energy productivity by 18.3% and 48.9%, respectively than FP. Thus, the results of our 3-year farmer's participatory study suggest that in a RW system, climate smart agriculture practices have better adaptive capacity and could be a feasible option for attaining higher yields, farm profitability, energy-use efficiency and water productivity with sustained/improved environmental quality in smallholder production systems of Eastern IGP of India and other similar agro-ecologies of South Asia. Finally, the adoption of these CSAPs should be promoted in the RW rotation of IGP to ensure food security, restoration of soil health and to mitigate climate change, the key sustainable development goals (SDGs)."
WOS:000490553100001,2022,English,Article,Life-cycle assessment-based comparison of different lignocellulosic ethanol production routes,Life-cycle assessment; ethanol; India; bagasse; water footprint; dilute acid pre-treatment,BAGASSE-DERIVED ETHANOL; FUEL ETHANOL; ENVIRONMENTAL BENEFITS; RICE STRAW; BIOETHANOL; SUGARCANE; IMPACT; INDIA; CHALLENGES; MISCANTHUS,"This work conducts a life-cycle assessment (LCA) of ethanol production from sugarcane bagasse in the Indian context. A cradle-to-gate system boundary was considered, and a functional unit of 1?MJ of energy from ethanol was used. Eight pre-treatment technologies and four hydrolysis-fermentation technologies were considered, thereby comparing 32 process combinations. Process data were collected from various published studies, government reports and also personal communication, and were used to perform LCA. The ReCiPe and TRACI models were used to perform the impact assessment using OpenLCA 1.6.1. The results show that the dilute acid pre-treatment (DA) with simultaneous saccharification and fermentation (SSCF) processing route had lower impacts in most categories. The global warming potential for this combination was 0.132?kg CO2 eq. per MJ, with 85% of the contribution due to steam generation. The impact can be reduced to 0.019?kg CO2 eq. per MJ by using a natural gas for steam generation. Ammonia fiber explosion (AFEX) pre-treatment had the highest impact in many categories, primarily due to ammonia production, implying the importance of ammonia recycling. DA had a lower impact due to higher yields and lower biomass requirements. The water footprint ranged between 232 and 672?L/L of ethanol and was mostly dominated by agricultural water."
WOS:000884132100001,2022,English,Article,"Designing Resource-Efficient and Environmentally Safe Cropping Systems for Sustainable Energy Use and Economic Returns in Indo-Gangetic Plains, India",energy use efficiency; greenhouse gases emission; system productivity; water productivity,LIFE-CYCLE ASSESSMENT; CARBON FOOTPRINT; CONSERVATION AGRICULTURE; YIELD TRENDS; COVER CROPS; NO-TILL; EMISSIONS; MANAGEMENT; ROTATION; IMPACT,"Achieving an economically feasible and environmentally robust model in agriculture while satisfying the expanding population's food demands is a global challenge. Hence, a three-year (2014-2017) study was conducted at Punjab Agricultural University, Ludhiana to design environmentally clean, energy-efficient, and profitable cropping systems. Twelve cropping systems viz., rice-wheat (CS1), basmati rice-hayola (transplanted)-mung bean (CS2), basmati rice-radish-maize (CS3), maize-potato-maize (CS4), maize + turmeric-barley + linseed (CS5), maize + turmeric-wheat + linseed (CS6), maize + radish-wheat + linseed-mung bean (CS7), groundnut + pigeon pea (5:1)-wheat + sarson (9:1) (CS8), maize + black gram-pea (bed) + celery (furrows) (CS9),(:) maize + pigeon pea-chickpea (bed) + gobhi sarson (furrows) (CS10), maize (green cobs) + vegetable cowpea + dhaincha (Sesbania spp.)-chickpea + gobhi sarson (CS11) and sorghum + cowpea (fodder)-wheat + gobhi sarson (9:1) (CS12) were tested in a four-times-replicated randomized block design. CS11 had the maximum system productivity (28.57 Mg ha(-1)), production efficiency (78.27 Kg Day(-1) ha(-1)), irrigation water use efficiency (2.38 kg m(-3)), system net returns (4413.3 US$ ha(-1)), and benefit to cost (B:C) ratio (2.83) over others. In comparison to the CS1 system, this cropping system required similar to 78% less irrigation water for a unit economic production. However, the cultivation of CS12 registered the highest energy use efficiency (49.06%), net energy returns (6.46 x 10(3) MJ ha(1)), and global warming potential (GWP) (Mg CO2 e ha(-1)) at spatial scale. Among all the intensified systems, CS11 had the lowest GHGI (0.29 kg CO2 e kg(-1)). Furthermore, cultivation of CS6 resulted in the maximum bacterial and actinomycetes population in the soil, while CS5 yielded the highest fungal count (23.8 x 10(3) cfu g(-1) dry soil) in soil. Our study suggests that the cultivation of CS11 is a resource-efficient, economically viable, and environmentally clean production system and could be a potential alternative to rice-wheat systems for developing a green economy policy for agricultural development in the Indo-Gangetic Plains (IGP) of India."
WOS:000691795600006,2021,English,Article,A new meta-coupling framework to diagnose the inequity hidden in China's cultivated land use,Agriculture; Cultivated land; Inequity; Meta-coupling; Input-output; China,CLIMATE-CHANGE; FOOD SECURITY; CARBON EMISSIONS; WATER FOOTPRINT; RICE PRODUCTION; IMPACTS; AGRICULTURE; POLLUTION; ECOSYSTEM; SOIL,"Agricultural produce consumes various resources and impacts the environment significantly. Domestic trade affects China's regional cultivated land use and its associated agricultural inputs and outputs, causing great inequity among regions through indirect cultivated land use. This study designed a new meta-coupling framework to diagnose inequity in China's cultivated land use. Intra-coupling analysis shows that agricultural elements had a close and positive connection with one another, and cultivated land use plays a key role in determining other inputs and outputs. In the tele-coupling process, cultivated land suppliers were always concentrated in less developed regions. Receivers were mainly located in developed regions. Similar regularity is also obvious in examining flowing characteristics of other land's inputs and outputs. Eastern China showed a relatively extensive amount of cultivated land input and output, while dispersive distribution in middle and western China, especially in terms of the high densities water use in the west. The regional comprehensive intra-coupling effect shows that fully agriculturally efficient regions were always concentrated in undeveloped or less developed regions, which mainly existed in middle and northern China. The regional comprehensive tele-coupling effect also revealed regional inequity. This study considers developed regions greater beneficiaries in interregional trade when analysing economic profit, resource consumption, and environmental damage. In undeveloped regions, these elements have a more profound and lasting negative influence. Thus, enhancing resource utilization efficiency and regional responsibilities should be reconsidered."
WOS:000448339400014,2018,English,Article,New eco-cellular concretes: sustainable and energy-efficient materials,,ALKALI-ACTIVATED BINDERS; CATALYST RESIDUE FCC; CANE STRAW ASH; FOAM CONCRETE; WASTE GLASS; FLY-ASH; GEOPOLYMER; MORTAR; CONSTRUCTION; STRENGTH,"Chemistry is an essential science for understanding and developing construction materials. Specifically, the application of the green chemistry concept to the cement sector may allow the fabrication of new environmentally friendly materials with good sustainability and energy efficiency. Cellular concretes are an excellent alternative to conventional concrete in terms of thermal insulation and material economy. In this paper, the development of waste-based cellular concrete is presented; due to its good performance and low environmental impact, this focus is warranted. Three different cellular concrete systems were investigated: (i) traditional cellular concrete based on ordinary Portland cement and commercial aluminium powder; (ii) geopolymer cellular concrete applying alkali-activated chemical technology with a comparison of the use of two precursors, fluid catalytic cracking catalyst residue (FCC) and blast furnace slag (BFS), and recycled aluminium foil as an aerating agent; (iii) eco-cellular concrete, where commercial waterglass was replaced by an agro-industrial by-product, rice husk ash (RHA), in the activating solution. The development of geopolymer cellular concretes with different precursors and activating solutions has proven that the production of this type of concrete using different types of precursors is possible, depending on the availability of by-products and wastes. The densities, compressive strengths, and thermal properties of the three cellular concrete systems are assessed and a complete study on the carbon footprints of the developed concretes is presented. The results show that the alternative concretes have densities from 474 to 813 kg m(-3), with compressive strengths from 2.6 to 4.6 MPa and thermal conductivities from 0.083 to 0.281 W m(-1) K-1. In the case of the cellular concrete prepared using RHA in the activating reagent, the heat released from the dissolution of NaOH pellets in water dissolved the soluble silica present in the ash. This production method resulted in a reduction of its carbon footprint by 78%."
WOS:000404133200171,2017,English,Article,Reducing Global Warming Potential through Sustainable Intensification of Basmati Rice-Wheat Systems in India,conservation agriculture; greenhouse gas emissions; carbon sequestration; methane; nitrous oxide; global warming potential,CROP ESTABLISHMENT METHODS; NITROUS-OXIDE EMISSIONS; CONSERVATION AGRICULTURE; METHANE EMISSIONS; CARBON SEQUESTRATION; CENTRAL HIGHLANDS; GANGETIC PLAINS; TILLAGE; MANAGEMENT; ROTATION,"This study examines the effects of tillage, residue management and cropping system intensification through the inclusion of green gram on the performance of the rice-wheat (RW) system in NW India. We hypothesized that zero tillage (ZT) with residue retention provides a means of sustainably intensifying the RW system through lower production costs and higher economic profitability, whilst at the same time minimizing soil and environmental trade-offs. To test this hypothesis, we evaluated six combinations of tillage, residue management and green gram integration in RW rotation in northwest Indo-Gangetic Plains (IGP) of India. Treatments included in the study were: rice and wheat under conventional tillage (CT) with and without green gram (CTR-CTW, CTR-CTW+GG), both crops under zero-tillage (ZT) with and without green gram (ZTR-ZTW-R, ZTR-ZTW-R+GG) and both crops under ZT plus residues with and without green gram (ZTR-ZTW+R, ZTR-ZTW+R+GG). Based on two consecutive years of data, the net return from the RW system was significantly higher in the ZT than CT systems. Methane emissions were only observed under flooded conditions in CT rice plots; otherwise, emissions were negligible in all other treatment combinations. N2O emissions were dictated by N fertilizer application with no other treatment effects. Overall, ZT with residue retention resulted in the lowest global warming potential (GWP) ranging from 3301 to -823 kg CO2-eq ha(-1) year(-1) compared to 4113 to 7917 kg CO2-eq ha(-1) year(-1) in other treatments. Operational inputs (tillage, planting, and irrigation) and soil C sequestration had significant effects on total GWP. The water footprint of RW production system was about 29% less in CA-based system compared to CT-based systems. Our study concludes that ZTR-ZTW+R and ZTR-ZTW+R+GG in RW systems of northwestern IGP have the potential to be agronomically productive, economically viable with benefits also for the environment in terms of soil health and GHG emissions."
WOS:000360003700002,2015,English,Article,Predicting landscape-scale CO2 flux at a pasture and rice paddy with long-term hyperspectral canopy reflectance measurements,,NET ECOSYSTEM EXCHANGE; SPECTRAL FEATURES; GLOBAL VEGETATION; USE EFFICIENCY; WATER-VAPOR; SATELLITE; CARBON; INDEX; SPECTROSCOPY; PROPAGATION,"Measurements of hyperspectral canopy reflectance provide a detailed snapshot of information regarding canopy biochemistry, structure and physiology. In this study, we collected 5 years of repeated canopy hyperspectral reflectance measurements for a total of over 100 site visits within the flux footprints of two eddy covariance towers at a pasture and rice paddy in northern California. The vegetation at both sites exhibited dynamic phenology, with significant interannual variability in the timing of seasonal patterns that propagated into interannual variability in measured hyperspectral reflectance. We used partial least-squares regression (PLSR) modeling to leverage the information contained within the entire canopy reflectance spectra (400-900 nm) in order to investigate questions regarding the connection between measured hyperspectral reflectance and landscape-scale fluxes of net ecosystem exchange (NEE) and gross primary productivity (GPP) across multiple timescales, from instantaneous flux to monthly integrated flux. With the PLSR models developed from this large data set we achieved a high level of predictability for both NEE and GPP flux in these two ecosystems, where the R-2 of prediction with an independent validation data set ranged from 0.24 to 0.69. The PLSR models achieved the highest skill at predicting the integrated GPP flux for the week prior to the hyperspectral canopy reflectance collection, whereas the NEE flux often achieved the same high predictive power at daily to monthly integrated flux timescales. The high level of predictability achieved by PLSR in this study demonstrated the potential for using repeated hyperspectral canopy reflectance measurements to help partition NEE into its component fluxes, GPP and ecosystem respiration, and for using quasi-continuous hyper-spectral reflectance measurements to model regional carbon flux in future analyses."
SCOPUS:2-s2.0-105027545183,2025,English,Article,Bioassay of rice (Oryza sativa L.) seedlings in response to dynamized high dilutions of Calcarea carbonica and Silicea terra,Agroecology; Biostimulation; Low residual impact technologies; Plant models,,"Introduction: Agriculture faces the dual challenge of feeding a growing population while reducing its environmental footprint. Rice is a vital crop, supplying about one-quarter of the world’s per capita energy intake and serving as the staple food for nearly half the population. Experimental studies have demonstrated the potential of dynamized high dilutions (DHDs) to promote plant growth, increase defensive substances, and enhance resistance to pathogens. However, research using rice as a model remains limited, highlighting a research gap. Further basic research is needed to assess the stimulation effects of various DHD potencies in rice. Objectives: This model validation study aimed to investigate the biostimulation effect of DHDs of Silicea terra (silicon oxide) and Calcarea carbonica (calcium carbonate) in potencies ranging from 5cH to 30cH on rice seedlings, evaluating their morphophysiological development. Methodology: Experiments were conducted at the Centre for Agroecology, Water and Resilience (CAWR), Coventry University, UK. Fifty-two homeopathic treatments and two triplicated controls (unsuccussed water [c0] and succussed water [c1]) were applied to 15 rice seeds per treatment. DHDs (5cH–30cH) and controls were coded, randomized, and applied double-blind procedure. After 13 days in controlled growth conditions, germination rate and seedling development were assessed by measuring shoot, leaf, internode, and root lengths. Eight independent experiments were performed in 2020. Results and Discussion: Results suggest rice seedlings are a viable model for studying homeopathic biostimulation effects. Potency levels showed distinct effects on different plant organs without a linear dose-response relationship. Conclusion: This bioassay will help optimize the selection of homeopathic preparations for use in sustainable rice production. Copyright (c) 2025 Rovier Verdi, Leonardo Faedo, Claudia Scherr , Julia Wright , Francis Rayns, Pedro Boff. This work is licensed under a Creative Commons Attribution-NonCommercial-ShareAlike 4.0 International License. https://creativecommons.org/licenses/by-nc-sa/4.0/"
SCOPUS:2-s2.0-85108966431,2021,English,Article,"Influence of rice varieties, organic manure and water management on greenhouse gas emissions from paddy rice soils",,"Agricultural Irrigation; Crop Production; Global Warming; Greenhouse Gases; Manure; Myanmar; Nitrous Oxide; Oryza; Seasons; carbon; nitrous oxide; Article; carbon footprint; compost; controlled study; dry season; environmental factor; environmental impact; environmental impact assessment; greenhouse effect; irrigation (agriculture); manure; plant yield; rainy season; rice; soil analysis; soil management; water management; adverse event; crop production; greenhouse gas; growth, development and aging; metabolism; Myanmar; Oryza; procedures; season","The study is focused on impact of manure application, rice varieties and water management on greenhouse gas (GHG) emissions from paddy rice soil in pot experiment. The objectives of this study were a) to assess the effect of different types of manure amendments and rice varieties on greenhouse gas emissions and b) to determine the optimum manure application rate to increase rice yield while mitigating GHG emissions under alternate wetting and drying irrigation in paddy rice production. The first pot experiment was conducted at the Department of Agronomy, Yezin Agricultural University, Myanmar, in the wet season from June to October 2016. Two different organic manures (compost and cow dung) and control (no manure), and two rice varieties; Manawthukha (135 days) and IR-50 (115 days), were tested. The results showed that cumulative CH4 emission from Manawthukha (1.084 g CH4 kg-1 soil) was significantly higher than that from IR-50 (0.683 g CH4 kg-1 soil) (P<0.0046) with yield increase (P<0.0164) because of the longer growth duration of the former. In contrast, higher cumulative nitrous oxide emissions were found for IR-50 (2.644 mg N2O kg-1 soil) than for Manawthukha (2.585 mg N2O kg-1 soil). However, IR-50 showed less global warming potential (GWP) than Manawthukha (P<0.0050). Although not significant, the numerically lowest CH4 and N2O emissions were observed in the cow dung manure treatment (0.808 g CH4 kg-1 soil, 2.135 mg N2O kg-1 soil) compared to those of the control and compost. To determine the effect of water management and organic manures on greenhouse gas emissions, second pot experiments were conducted in Madaya township during the dry and wet seasons from February to October 2017. Two water management practices {continuous flooding (CF) and alternate wetting and drying (AWD)} and four cow dung manure rates {(1) 0 (2) 2.5 t ha-1 (3) 5 t ha-1 (4) 7.5 t ha-1} were tested. The different cow dung manure rates did not significantly affect grain yield or greenhouse gas emissions in this experiment. Across the manure treatments, AWD irrigation significantly reduced CH4 emissions by 70% during the dry season and 66% during the wet season. Although a relative increase in N2O emissions under AWD was observed in both rice seasons, the global warming potential was significantly reduced in AWD compared to CF in both seasons (P<0.0002, P<0.0000) according to reduced emission in CH4. Therefore, AWD is the effective mitigation practice for reducing GWP without compromising rice yield while manure amendment had no significant effect on GHG emission from paddy rice field. Besides, AWD saved water about 10% in dry season and 19% in wet season. Copyright: © 2021 Win et al. This is an open access article distributed under the terms of the Creative Commons Attribution License, which permits unrestricted use, distribution, and reproduction in any medium, provided the original author and source are credited."
SCOPUS:2-s2.0-85165697600,2023,English,Article,Evaluating 28-Days Performance of Rice Husk Ash Green Concrete under Compression Gleaned from Neural Networks,,Agricultural wastes; Agriculture; Carbon footprint; Climate change; Concrete aggregates; Errors; Forecasting; Silica; Sustainable development; Carbon emissions; Cement manufacturing; Cementitious materials; CO2 emissions; Compressive strength of concrete; Green concrete; Neural-networks; Performance; Rice-husk ash; Root mean square errors; Compressive strength,"Cement manufacturing and utilization is one of the majorly responsible factors for global CO2 emissions. In light of sustainability and climate change concerns, it is essential to find alternative solutions to reduce the carbon footprint of cement. Secondary cementitious materials (SCMs) are helpful in reducing carbon emissions from concrete. One such solution is the use of agricultural waste as SCMs to reduce carbon emissions from concrete. Especially rice husk ash (RHA) is a silica-rich, globally available agricultural waste material. The compressive strength (CS) of concrete is important and is used to evaluate the material's strength and durability. Predicting CS using a laboratory method is a costly, time-consuming, and complex process. ML-based prediction models are the modern solution to these problems. In this study, a total of 407 datasets are used to develop an ML-based model by using the ANN algorithm to predict the CS of concrete containing RHA. Cement, coarse aggregates, fine aggregates, water, rice husk ash, superplasticizer, and type of sample are used as input parameters to predict CS at 28 days. Various statistical parameters including correlation coefficient (R), root means square error (RMSE), mean absolute error (MAE), mean absolute percentage error (MAPE), Nash-Sutcliffe (NS), and the a20-index have been used to assess the performance of the developed ANN model. The R and RMSE values of training, validation, and testing samples are 0.9928, 0.9864, and 0.9545, and 1.6471 MPa, 2.7149 MPa, and 4.4334 MPa, respectively. The results obtained from this study have been found to be promising and enrich the available literature. This work will nudge civil engineering and material science researchers toward opting for sustainable computing techniques. However, the study's limitations include the need for additional research into the material's long-term behaviour as well as the consideration of other characteristics that may affect its strength, such as environmental conditions like temperature and humidity.  © 2023 Sharanjit Singh et al."
SCOPUS:2-s2.0-85200265700,2024,English,Article,Enhancing concrete durability: Sustainable ternary blends incorporating agricultural and industrial wastes,durability; Nano-SiO<sub>2</sub>; permeability; pozzolanic reaction,,"The demand for sustainable concrete in civil infrastructure operations grows by the day, resulting in the use of agricultural and industrial byproducts and controlling high-cost nanomaterials. Ternary blended concrete is an excellent alternative to conventional concrete for long-term development by lowering carbon footprint. Ternary blended concrete is a green and sustainable concrete made from three separate source components to make a binder. The fundamental benefit of ternary mixed concrete is its densely packed particles of various shapes and sizes, resulting in superior characteristics. This study discusses experimental studies that were conducted to assess the durability properties of regular ordinary Portland cement (OPC) concrete and ternary blended concrete containing 1% nano-SiO2 and industrial or agricultural byproducts. Six potential mixes were investigated in this work: three blends based on industrial byproducts (fly ash, ground granulated blast furnace slag, and metakaolin) and three mixes based on agricultural byproducts (rice husk ash, corncob ash, and sugarcane bagasse ash). This study investigated the durability characteristics such as water permeability, sorptivity, resistance to sulphate, acid attack, and alkaline attack. The experimental test findings were determined to be well within limitations when compared to the requirements specified in the standard/literature. The study also shows that ternary blended concrete with regulated nano-SiO2 enhances durability metrics significantly. Furthermore, energy dispersive spectrophotometry (EDS) measurements show dense phases with high proportions of Si atoms in the substrate's penetration layer, and synergic effect between the ternary pozzolanic materials. As a result, ternary mixed concrete is strongly advised in structural repair works. © 2024 Global NEST Printed in Greece. All rights reserved."
SCOPUS:2-s2.0-84941284645,2015,English,Article,Optimizing the harvesting stage of rye as a green manure to maximize nutrient production and to minimize methane production in mono-rice paddies,Cover crop; Greenhouse gas; Labile organic carbon; Nutrient productivity; Secale cerealis,Agriculture; Air Pollutants; Manure; Methane; Nitrogen; Oryza; Secale; Secale cereale; Biomass; Cellulose; Crops; Cultivation; Fertilizers; Gas emissions; Greenhouse gases; Harvesting; Lignin; Manures; Methane; Nutrients; Organic carbon; Soils; cellulose; lignin; methane; nitrogen; organic carbon; oxide; phosphorus pentoxide; potassium oxide; unclassified drug; air pollutant; manure; methane; nitrogen; Biomass productivity; Chemical compositions; Cover crops; Flooded conditions; Methane production; Plant maturation; Rice cultivation; Secale cerealis; cover crop; green manuring; greenhouse gas; harvesting; methane; nutrient; organic carbon; paddy farming; rice; Article; biomass; carbon footprint; chemical composition; cover crop; dry weight; flooding; flowering; harvesting; manure; nonhuman; nutrient; paddy soil; plant development; plant growth; priority journal; protein content; rye; soil; soil quality; temperature; tillage; agriculture; air pollutant; analysis; Oryza; procedures; Productivity,"Rye (Secale cerealis) has been widely cultivated to improve soil quality in temperate paddies. However, its biomass incorporation can significantly increase greenhouse gas emissions, particularly the emission of methane (CH4), during rice cultivation. The chemical composition and productivity of cover crop biomass may vary at different growing stages. Therefore, nutrient productivity and CH4 production potential might be controlled by selecting the optimum harvesting stage. To investigate the effect of rye harvesting stage on nutrient productivity and CH4 production potential, rye was harvested at different growing stages, from the flowering stage to the maturing stage, for seven weeks. The chemical composition and biomass productivity of rye were investigated. CH4 production was measured by laboratory incubation, and CH4 production potential was estimated to determine the real impact on CH4 dynamics in rice soils. Rye biomass increased with plant maturation, but nutrient productivities such as N (nitrogen), P2O5, and K2O were maximized at the flowering stage. The contents of cellulose and lignin increased significantly as plants matured, but the total N, labile organic carbon (C), and hot and cold water-extractable organic C clearly decreased. Soils were mixed with 0.3% (wtwt-1 on dry weight) air-dried biomass and incubated to measure the maximum CH4 productivity at 30°C under flooded conditions. Maximum CH4 productivity was significantly correlated with increasing labile organic C and protein content, but it was negatively correlated with total organic C, cellulose, and lignin content. CH4 production potentials were significantly increased up to the pre-maturing stage (220 DAS) and remained unchanged thereafter. As a result, CH4 production potential per N productivity was the lowest at the late flowering stage (198-205 DAS), which could be the best harvesting stage as well as the most promising stage for increasing nutrient production and decreasing GHG emissions in temperate mono-rice paddy soils. © 2015 Elsevier B.V."
SCOPUS:2-s2.0-85185692958,2024,English,Article,Quantifying and Comparing Greenhouse Gas Emissions in Monsoon Rice Production: A Comprehensive Analysis of Transplanting and Broadcasting Sowing Methods in Myanmar,Broadcasting; Crop; Greenhouse gas emissions; Rice yield; Sowing methods; Transplanting,,"Introduction: Rice is a staple food, an economic crop, and the second-highest source of greenhouse gas (GHG) emissions in the agricultural sector in Myanmar. To develop the rice sector in a sustainable way, this study aimed to determine the comparative GHG emissions between the two major sowing methods used in monsoon rice production. Methods: Next, comparative GHG emissions analysis was done by using the Student t-test. This study first quantified GHG emissions from land preparation to straw burning by using emission factors for agricultural inputs and the formulation, default values, and scaling factors of a carbon footprint calculator customized for rice products (CF-Rice). Results: Soil and water management was the largest contributor among the management practices in monsoon rice production and accounted for 64.8% of the total GHG emissions. At 4,479.5 kg CO2 eq. ha-1, GHG emissions from the broadcasting (BC) method were significantly higher than those from the transplanting (TP) method. Conclusion: Therefore, the TP method is a better sowing technique than the BC method for reducing GHG emissions without reducing grain yield. © 2024 The Author(s). Published by Bentham Open."
SCOPUS:2-s2.0-105019202740,2025,English,Article,"Comparative Study on the Performance of GGBS, UGGBS, and RHA-Incorporated Cement Mortar Mixes",Flowability; GGBS; Rice husk ash; Strength; Supplementary cementitious materials; Sustainability; Sustainable mortars; Ultrafine GGBS,,"The environmental footprint of cement production has accelerated the pursuit of sustainable alternatives in the construction industry. Supplementary cementitious materials (SCMs), particularly those derived from industrial and agricultural waste, offer a promising approach to reducing cement consumption while maintaining performance. This study evaluates the fresh and mechanical behavior of binary, ternary, and quaternary cementitious mortar blends incorporating ground granulated blast-furnace slag (GGBS), ultrafine GGBS (UGGBS), and rice husk ash (RHA) as partial replacements for cement. A total of 32 mortar mixes were designed with water-to-binder (w/b) ratios ranging from 0.3 to 0.5 and varied replacement levels of RHA (0–20%), GGBS (0–25%), and UGGBS (10%). Flowability, compressive strength, and flexural strength were assessed to understand material interactions and optimize blend performance. Results indicate that RHA incorporation reduced workability due to its high surface area and porous nature; however, the inclusion of finer UGGBS significantly improved flow. The blend of GGBS and UGGBS demonstrated superior mechanical performance, while the UGGBS-RHA combination enhanced flexural strength compared to ternary mixes. The findings underscore the importance of particle fineness and material compatibility in multi-component binder systems. This study supports the integration of industrial by-products and agro-waste into cementitious matrices, promoting both environmental and performance benefits. Future research should focus on microstructural analysis, durability characteristics under aggressive exposure conditions, and the practical application of these blends in real-world construction scenarios. © 2025 Published by Yıldız Technical University Press, İstanbul, Türkiye."
SCOPUS:2-s2.0-105041393003,2026,English,Article,Spatio-temporal evolution and driving factors of provincial grain crop water footprint in China from 2000 to 2023,Driving factors; Grain crops; LMDI decomposition; Spatio-temporal evolution; Water footprint,Autocorrelation; Cultivation; Grain (agricultural product); Grain growth; Irrigation; Resource allocation; Water conservation; Water management; Blue water; Divisia index; Driving factors; Grain crops; Logarithmic mean; Logarithmic mean divisia index decomposition; Spatiotemporal evolution; Water footprint; Water saving measures; Waters resources; Crops,"With increasing water resource constraints and the growing demand for food security, accurately quantifying the water footprint of grain production and understanding its spatiotemporal evolution is of paramount importance. This study quantifies the spatiotemporal evolution of water footprints for major grain crops at the provincial level in China from 2000 to 2023 based on water footprint theory. Spatial autocorrelation models and the Logarithmic Mean Divisia Index (LMDI) model were employed to analyze the spatial distribution characteristics of water footprints and their driving factors. The findings indicate the following: (1) The water footprint of grain crops exhibits an upward trend, with a significant increase in the blue water footprint, averaging approximately 8414.71 × 108 m3 annually. High water footprints persist in North, East, and Central China, while the Southwest and Northwest regions exhibit lower water footprints due to natural conditions, crop structure, and the implementation of water-saving measures; (2) Structurally, green, blue, and grey water account for 45%, 41%, and 14%, respectively. Additionally, the water footprint follows a “stable major crops with regional differentiation” pattern, with rice continuing to dominate and the proportion of corn steadily rising; (3) Spatially, the total water footprint shows significant positive spatial correlation, with clustering effects intensifying over time; (4) Production technology and irrigation management are key factors in suppressing the growth of water footprints, while water-saving measures show significant effects only during periods of strong policy enforcement. This study provides a scientific basis for region-specific agricultural water resource management. © 2026 The Authors."
SCOPUS:2-s2.0-85069468909,2019,English,Article,"Bio-butanol production from rice straw – Recent trends, possibilities, and challenges",Biomass; Butanol; Fermentation; Pretreatment; Rice straw,Biomass; Butenes; Fermentation; Gas emissions; Greenhouse gases; Lignin; Lignocellulosic biomass; acid; butanol; carbohydrate; cellulose; fossil fuel; hemicellulose; hot water; ionic liquid; lignin; solvent; Economically viable; Lignin removal; Microbial strain; Potential feedstock; Pre-Treatment; Recent trends; Rice straws; Solvent tolerant; alkalinity; Article; biofuel production; biomass; carbon footprint; chemical composition; Clostridia; coculture; DNA modification; fermentation; genetic engineering; hydrolysis; metabolic engineering; microwave radiation; nonhuman; oxidation; ozonolysis; particle size; priority journal; strain improvement; ultrasound; water vapor; Fossil fuels,"Increase in concerns over greenhouse gas emissions and depletion of fossil fuels has led to the search for alternative strategies of energy. Rice straw mainly composed of cellulose, hemicelluloses, and lignin, is one of the surpluses available lignocellulosic biomass that can serve as a potential feedstock for the production of bio-butanol. One of the main challenges in the conversion of rice straw to bio-butanol is the development of an economically viable and eco-friendly pretreatment strategy for better hemicellulose and lignin removal as well as the development of hyper-productive and solvent-tolerant microbial strains for effective fermentation. This review focuses on the recent trends, challenges, and possibilities in the production of butanol utilizing rice straw. © 2019"
SCOPUS:2-s2.0-85019735675,2017,English,Article,Estimation of total CH<sub>4</sub> emission from Japanese rice paddies using a new estimation method based on the DNDC-Rice simulation model,CH<sub>4</sub> emission; Climate change; DNDC-Rice; Greenhouse gases; Japan; Rice,Japan; Oryza sativa (japonica cultivar-group); Climate change; Greenhouse gases; Uncertainty analysis; Water management; methane; organic carbon; Anthropogenic sources; DNDC-Rice; Estimation methods; Independent variables; Japan; Management regime; Regional variation; Rice; climate change; decomposition; denitrification; emission; estimation method; greenhouse gas; methane; modeling; paddy field; rice; Article; carbon footprint; climate change; irrigation (agriculture); Japan; land drainage; priority journal; rice; temporal analysis; article; climate change; decomposition; denitrification; greenhouse gas; independent variable; Japan; Japonica rice; neglect; nonhuman; reliability; simulation; water management; C (programming language),"Methane (CH4) is a greenhouse gas, and paddy fields are one of its main anthropogenic sources. In Japan, country-specific emission factors (EFs) have been applied since 2003 to estimate national-scale CH4 emission from paddy field. However, these EFs did not consider the effects of factors that influence CH4 emission (e.g., amount of organic C inputs, field drainage rate, climate) and can therefore produce estimates with high uncertainty. To improve the reliability of national-scale estimates, we revised the EFs based on simulations by the DeNitrification-DeComposition-Rice (DNDC-Rice) model in a previous study. Here, we estimated total CH4 emission from paddy fields in Japan from 1990 to 2010 using these revised EFs and databases on independent variables that influence emission (organic C application rate, paddy area, proportions of paddy area for each drainage rate class and water management regime). CH4 emission ranged from 323 to 455 kt C yr− 1 (1.1 to 2.2 times the range of 206 to 285 kt C yr− 1 calculated using previous EFs). Although our method may have overestimated CH4 emissions, most of the abovementioned differences were presumably caused by underestimation by the previous method due to a lack of emission data from slow-drainage fields, lower organic C inputs than recent levels, neglect of regional climatic differences, and underestimation of the area of continuously flooded paddies. Our estimate (406 kt C in 2000) was higher than that by the IPCC Tier 1 method (305 kt C in 2000), presumably because regional variations in CH4 emission rates are not accounted for by the Tier 1 method. © 2017 Elsevier B.V."
SCOPUS:2-s2.0-85181439337,2024,English,Article,Economy-wide impact of climate smart agriculture in India: a SAM framework,Climate change; Conservation agriculture; Organic farming; Social accounting matrix; Zero budget natural farming,,"In the context of climate change, the Indian agricultural sector treads in a certain duality between promoting food security in response to the increasing population, but at the same time in ensuring environmental sustainability, and sustained economic growth, especially in developing countries like India. The concept of Climate Smart Agriculture (CSA) emerged from the recognition of this duality. Using the Indian Social Accounting Matrix (SAM) 2017–18, the economy-wide effects arising out of agricultural interventions were estimated, keeping accord with the impacts on sectoral outputs and household incomes from the adoption of varying CSA interventions such as Conservation Agriculture, System of Rice and Wheat Intensification (SRI-SWI) and Natural Farming, fitting the three-pillared criterion of CSA—(1) Productivity (2) Adaptation and (3) Mitigation. Additionally, a shift in cropping patterns from Paddy and Wheat to less emission-intensive crops was also studied. Results show that SRI-SWI provides the highest economy-wide impacts while accounting for lower GHG and water footprint. Alternative crops such as Maize, Sorghum, and Millet have minimal increase in income and output effects while having lower water and carbon intensity compared to rice and wheat. The current study would sensitize policymakers to prioritize suitable policy and institutional measures for upscaling climate smart interventions in India. © 2023, The Author(s)."
SCOPUS:2-s2.0-85062848543,2018,English,Article,The implementation of life cycle analysis and six sigma method to achieve sustainable water consumption in the agricultural sector,DMAIC; Life cycle analysis; Rice; Six-sigma; Sustainability; Water footprint,,"Generally, water is regarded as one of the most important resources in every aspect of life. The reduction of water consumption is a crucial issue for both business and environmental perspectives. This study focuses on the integration of life cycle analysis (LCA), six-sigma, and water footprint method to reduce the water consumption in the agricultural sector. The scenario utilized in this study is the water management in the rice production process. The life cycle analysis and water footprint are used to effectively quantify the water consumption of each production activity covering the analysis scope from cradle to gate. The analysis is based on the type of water footprints which are differentiated into green, blue, and grey. Green and blue water footprint are the rainwater and irrigation water required to grow paddy rice while grey water footprint is the amount of polluted water caused by the production. Afterwards, the main tool of six-sigma, DMAIC (define, measure, analyze, improve, and control), is implemented to reduce the water footprint. The measurement stage shows that the proportion of water use falls in these categories, farm water (93.4665%), polluted water (6.4196%), transportation (0.1135%), and milling (0.0003%). Since rice is the semi-aquatic plant so the reduction of farm use water is likely to be impossible, the spotlight is on the polluted water accounted for the second highest water consumption and it is caused by the fertilizer use. Therefore, the cause-and-effect diagram deployed in the analyze phase points out that the utilization of the green manure from the cover crops should be used in conjunction with the tradition fertilizer use. In the improvement phase, after the intervention measure is implemented, through the simulated calculation, the experimental design method statistically shows that the amount of grey water footprint is significantly reduced. To ensure the sustainability of the improvement, the individual X control chart will be applied to monitor the value of grey water footprint in the control stage. © 2019 WIT Press"
SCOPUS:2-s2.0-105022188658,2025,Portuguese,Article,Application of the Water Footprint in the rice processing agroindustry in lower São Francisco Sergipe [Aplicação da Pegada Hídrica na agroindústria do beneficiamento do arroz no baixo São Francisco sergipano],Environmental Indicators; Water Management; Water Resources,,"Environmental indicators are essential for ensuring the sustainable use of natural resources and the Water Footprint (WF) methodology helps identify unsustainable practices in food agroindustries. In the Lower São Francisco region of Sergipe (LSF), rice cultivation (Oryza sativa L.) is predominant, highlighting the importance of agroindustrial practices that aim to minimize both direct and indirect environmental impacts on water bodies. In this context, the objective of this article is to determine the WF of an agroindustry processing rice produced in the LSF, using data from a processing plant located in the city of Telha – SE for the 2021-2022 harvest. A qualitative-quantitative approach was used to quantify the blue and grey WF according to the methodology proposed by Hoekstra et al. (2011). Analysis of the results obtained showed that the average water consumption corresponding to the processing of 300 tons of grains was 4,887.51 m³ t-1, with a low blue water consumption, accounting for 42% of the total, reflecting the processing method used at the plant, and a higher contribution from the grey WF (58%), with elevated consumption in November 2021, indicating the pollution potential of the grain processing system. The quantification of the WF in rice processing in the Lower São Francisco region is essential for analyzing the efficiency of production processes, providing critical data for technical adjustments aimed at optimizing water resource use. This highlights the need for individual water meters to monitor water intake and the adoption of appropriate wastewater treatment systems to ensure the proper disposal of final residues. © 2025, Universidade Federal de Pernambuco. All rights reserved."
SCOPUS:2-s2.0-105041117599,2026,English,Article,"Assessing Agricultural Water Footprint and Its Implications for Sustainable Water Management in Aceh Province, Indonesia: A Case Study of Two Watersheds",agriculture; foods; sustainable; water; water footprint,,"This study applies the water footprint (WF) framework to evaluate sustainable agricultural and food consumption patterns in Aceh Province, Indonesia, focusing on the Krueng Aceh and Jambo Aye watersheds. The assessment follows the standard methodology of the water footprint network (WFN), disaggregating water use into blue (surface and groundwater), green (rainwater), and grey (pollution assimilation) components. Methodologically, it integrates 21 years of hydro-climatological data, applies the Mock rainfall-runoff model for water availability analysis, and employs Geographic Information Systems (GIS)-based spatial techniques for hotspot mapping and interpolation. The study quantifies WF for key commodities, identifies critical pressure zones, and examines linkages between production practices, dietary patterns, and water stress. Results reveal that irrigated paddy rice is the dominant water consumer, contributing 40% of the total food-related WF in the Krueng Aceh watershed and 57% in the Jambo Aye watershed, primarily due to traditional continuous flooding irrigation. Rural areas account for a higher total WF due to larger population size, whereas urban residents exhibit a higher per capita WF, driven by greater consumption of animal products. Plant-based foods constitute 89-90% of the total volumetric WF; however, animal products, particularly poultry and eggs, have significantly higher water intensities per unit. Spatial analysis aligns grey WF hotspots with zones of intensive paddy and vegetable cultivation, underscoring nutrient management challenges. The study advocates for prioritizing irrigation efficiency upgrades, such as adopting alternate wetting and drying (AWD) in rice systems, within spatially identified hotspots to reconcile agricultural production goals with long-term water sustainability. Furthermore, it recommends policy support for crop diversification and consumer awareness towards lower-WF diets. Embedding WF assessment into Aceh’s integrated water resources management (IWRM) planning is crucial for advancing water security, food sovereignty, and climate resilience in the region. Copyright: ©2026 The authors."
SCOPUS:2-s2.0-85046485777,2018,English,Article,"Water use, energy use efficiency and carbon footprint of transplanted rice (Oryza sativa) in response to surface drainage",Carbon footprint; Energy efficiency; Rice productivity; Surface drainage; Water use,,"A field study was undertaken to determine the productivity, water use, energy efficiency, and carbon footprint under enforced surface drainage for 15 days at various growth stages of rice (Oryza sativa L.) during kharif 2011 and 2012. The continuous submergence improved the rice grain yield (3.41 t/ha) and straw yield (4.68 tonnes/ha) over the continuous drainage. The water-use was higher with continuous submergence (15350 m3) followed by alternate wetting and drying, whereas, the lowest water was used with continuous drainage (5400 m3). The continuous submergence consumed the highest total input energy (84.97 × 103 MJ/ha) and produced 1.23 fold higher output energy, 452.6 of human energy profitability and 0.04 kg/MJ of energy productivity than the continuous drainage. Alternate wetting and drying was the most energy efficient which produced the highest energy ratio (1.53) and energy productivity (0.53). However, the lowest energy intensiveness was noticed with continuous drainage. Similarly, alternate wetting and drying followed by continuous drainage had the lowest carbon footprint and carbon dioxide emission. Thus, submergence of 5–7 cm may be followed as per the availability of water, while, submergence may be avoided for 15 days at tillering under limited water to obtain optimum yield with better energy efficiency. © 2018 Indian Council of Agricultural Research. All rights reserved."
SCOPUS:2-s2.0-105041415036,2026,English,Article,"Coupled water–carbon burden transfers in staple-crop supply chains: trade-driven responsibility shifts, inequality signals and sustainability options in China",Consumption-based accounting; Embodied emissions; Equity; Interprovincial trade; Virtual water; Water–carbon nexus,Carbon; Carbon Economy; Chains; Commerce; Grain (agricultural product); Greenhouse gases; Investments; Irrigation; Supply chains; Sustainable development; Consumption-based accounting; Embodied emissions; Equity; Functional units; Greenhouses gas; Interprovincial trade; Staple crops; Virtual water; Water footprint; Water–carbon nexus; Crops,"Freshwater scarcity and decarbonization targets jointly constrain staple-crop provisioning, yet water footprint (WF) and greenhouse-gas (GHG) burdens are often evaluated separately, obscuring coupled pressures and trade-mediated responsibility shifts. We developed an integrated water-carbon sustainability accounting framework for China's five staple crops (wheat, rice, maize, soybean, and potato) using a 2020 baseline. Spatially explicit production, blue/green/gray WF, province-crop GHG intensities, edible-portion calorie denominators, and interprovincial trade flows were linked to estimate irrigated and rainfed burdens under mass- and calorie-based functional units. WF and GHG intensities were generally positively coupled but varied across crops and production systems, reflecting shared irrigation-energy and nitrogen-related pathways. Interprovincial trade reallocated 362.7 Gm3 of WF and shifted coupled burdens from exporting to importing provinces; consumption-based attribution attenuated co-burden inequality (G-WSI: −0.124 to −0.033; edible-corrected G-GHGIcal: +0.291 to +0.175), but did not remove upstream burden concentration. Edible-corrected calorie-scale coupling was significant for rice (R2 = 0.407, p < 0.001), soybean (R2 = 0.304, p < 0.001), and maize (R2 = 0.112, p = 0.043), but weaker for wheat and potato. Inequality signals remained sensitive to accounting perspective, ordering criterion, functional-unit choice, and spatial aggregation, with regional summaries masking substantial provincial heterogeneity. The findings support equity-aware, scale-sensitive interventions that combine irrigation efficiency, low-carbon pumping, improved nutrient management, methane mitigation, scarcity-informed sourcing, and responsibility-sharing mechanisms across staple supply chains. Copyright © 2026. Published by Elsevier B.V."
SCOPUS:2-s2.0-85057300469,2019,English,Article,Cost-effective opportunities for climate change mitigation in Indian agriculture,Agriculture; Climate change; Greenhouse gas; India; Marginal Abatement Cost Curve; Mitigation,India; Climate change; Cost effectiveness; Cultivation; Emission control; Food supply; Gas emissions; Surveys; Water management; carbon dioxide; nitrogen; Climate change mitigation; Cost effective opportunity; Food security; Greenhouse gas emissions; Greenhouses gas; India; Long-term changes; Marginal abatement cost curves; Mitigation; Mitigation options; abatement cost; agricultural production; carbon emission; climate change; emission control; greenhouse gas; mitigation; agriculture; animal husbandry; Article; carbon footprint; climate change; controlled study; cost control; cost effectiveness analysis; crop production; ecosystem restoration; environmental policy; food security; Gossypium; human; India; land use; livestock; no tillage; nonhuman; priority journal; rice; risk evaluation and mitigation strategy; soil management; spatial analysis; sugarcane; water management; wheat; Greenhouse gases,"Long-term changes in average temperatures, precipitation, and climate variability threaten agricultural production, food security, and the livelihoods of farming communities globally. Whilst adaptation to climate change is necessary to ensure food security and protect livelihoods of poor farmers, mitigation of greenhouse gas (GHG) emissions can lessen the extent of climate change and future needs for adaptation. Many agricultural practices can potentially mitigate GHG emissions without compromising food production. India is the third largest GHG emitter in the world where agriculture is responsible for 18% of total national emissions. India has identified agriculture as one of the priority sectors for GHG emission reduction in its Nationally Determined Contributions (NDCs). Identification of emission hotspots and cost-effective mitigation options in agriculture can inform the prioritisation of efforts to reduce emissions without compromising food and nutrition security. We adopted a bottom-up approach to analyse GHG emissions using large datasets of India's ‘cost of cultivation survey’ and the ‘19th livestock census’ together with soil, climate and management data for each location. Mitigation measures and associated costs and benefits of adoption, derived from a variety of sources including the literature, stakeholder meetings and expert opinion, were presented in the form of Marginal Abatement Cost Curves (MACC). We estimated that by 2030, business-as-usual GHG emissions from the agricultural sector in India would be 515 Megatonne CO2 equivalent (MtCO2e) per year with a technical mitigation potential of 85.5 MtCO2e per year through adoption of various mitigation practices. About 80% of the technical mitigation potential could be achieved by adopting only cost-saving measures. Three mitigation options, i.e. efficient use of fertilizer, zero-tillage and rice-water management, could deliver more than 50% of the total technical abatement potential. © 2018 The Authors"
SCOPUS:2-s2.0-85111393544,2021,English,Article,India rice export and virtual water trade,Economic gain; Export; Rice; Virtual water trade; Water footprint,,"The present study aimed to assess water footprint in the production and export of rice in India. From recent few years, the water footprint conception in full swing to inward detection around the world. The amplified attention in the water footprint has impelled the trade of commodities between countries. Water footprint in the rice field is a sign of water use that exhibits direct and indirect water usage in the rice field. Rice is an important food crop in India. It accesses the flows of water virtually between countries/regions of the world to illustrate the dependency of countries/regions on water resources with other countries/regions under diverse feasible futures. Hence, it is gaining consequence to calculate the water foot print in production as well as export of rice. The Indian rice production and export of rice was calculated by using international trade and domestic production data. The study results indicated that the global footprint of rice production was 235774 Mm3 per ton which was 53 % of green water footprint, 41 % of blue water footprint and 6 % of grey water footprint for 2018-19. The virtual water flowed in trade was 24354 Mm3/year and the percolation was 16924 Mm3/year since rice is a more water consuming crop. The share of basmati and non-basmati trade accounted was 16 % and 42 %, respectively. Virtual water trade in rice can be minimized by exporting less water demand and high-value crops, proper water harvesting structures and other agronomic practices. © 2021, Applied and Natural Science Foundation. All rights reserved."
SCOPUS:2-s2.0-85070399918,2019,English,Article,Comprehensive environmental assessment of potato as staple food policy in China,Chemical fertilizer inputs; Irrigation-water use; Nutrient reference values; Substitution ratio; Total GHG emission,"Agriculture; China; Crops, Agricultural; Fertilizers; Food Supply; Greenhouse Gases; Nitrogen; Nitrous Oxide; Nutrition Policy; Oryza; Solanum tuberosum; Triticum; Water; China; North China Plain; Solanum tuberosum; Triticum aestivum; nitrogen; nitrogen fertilizer; phosphorus pentoxide; fertilizer; nitrous oxide; water; carbon emission; environmental assessment; fertilizer; food policy; greenhouse gas; irrigation; nutrient; potato; water use; Article; carbon footprint; China; controlled study; flour; food composition; food intake; irrigation (agriculture); nutrient supply; nutrition policy; plant water use; potato; reference value; rice; rural area; urban area; wheat; agriculture; catering service; chemistry; crop; greenhouse gas; Oryza; procedures","The Chinese government projected 30% of total consumed potatoes as a staple food (PSF) by 2020. We comprehensively assessed the potential impacts of PSF on rice and flour consumption, rice and wheat planting, energy and nutrient supply, irrigation-water, chemical nitrogen (N), phosphorus pentoxide (P2 O5) and potassium oxide (K2 O) fertilizer inputs and total greenhouse gases (GHG) emission for potatoes, rice and wheat, by assuming different proportions of potato substitutes for rice and flour. The results showed that per capita, 2.9 ± 0.3 and 4.7 ± 0.5 kg more potatoes per year would enter the Chinese staple-food diet, under the government’s target. PSF consumed are expected to reach 5.2 ± 0.7 Tg yr−1, equivalent to substituting potatoes for 4.2 ± 0.8–8.5 ± 0.8 Tg yr−1 wheat and 5.1 ± 0.9–10.1 ± 1.8 Tg yr−1 rice under different scenarios. While this substitution can increase the nutrient supply index by 63% towards nutrient reference values, it may induce no significant effect on staple-food energy supply with lower chemical fertilizer (except for K2 O) and irrigation-water inputs and GHG emissions in different substitution scenarios than the business as usual scenario. The reduction in rice and wheat demands lead to wheat in the North China Plain and early rice decrease by 6.1–11.4% and 12.1–24.1%, respectively. The total GHG reduction is equal to 1.1–9.0% of CO2 equivalent associated with CH4 and N2 O emitted from the Chinese agroecosystem in 2005. The saved irrigation water for three crops compared to 2012 reaches the total water use of 17.9 ± 4.9–21.8 ± 5.9 million people in 2015. More N fertilizer, irrigation-water, and GHG can be reduced, if the PSF ratio is increased to 50% together with potato yield improves to the optimal level. Our results implied that the PSF policy is worth doing not only because of the healthier diets, but also to mitigate resource inputs and GHG emissions and it also supports agricultural structure adjustments in the areas of irrigated wheat on the North China Plain and early rice across China, designed to increase the adaptability to climate change. © 2019 by the authors. Licensee MDPI, Basel, Switzerland."
SCOPUS:2-s2.0-85211245797,2024,English,Article,Effect of Rice Husk Ash on the Properties and Performance of Geopolymer Concrete,-Geopolymer Concrete; Compressive Strength; Rice Husk Ash; Setting Value; Split Tensile Test,,"This study examines the influence of Rice Husk Ash (RHA) as an additional substance in geopolymer concrete (GPC), specifically analyzing its impact on workability, setting times, compressive strength, and splitting tensile strength. The experimental findings demonstrate that an increase in RHA concentration results in a decrease in workability and a speeding up of setting times while yielding significant enhancements in both compressive and tensile strengths. More precisely, the compressive strength experiences an increase from 16 MPa to 35 MPa, while the splitting tensile strength rises from 1.3 MPa to 2.6 MPa as the amount of RHA increases. The changes are caused by the large surface area and water absorption qualities of RHA, which affect the consistency and curing characteristics of the mixture. Although there have been significant improvements in the mechanical qualities, the reduced workability and shorter setting periods pose issues that require more investigation. The study highlights the potential of RHA as an environmentally friendly addition, providing a sustainable option to traditional materials and aiding in reducing building waste. Suggestions for future research encompass enhancing the RHA composition to achieve a harmonious blend of mechanical performance and workability, examining the long-term durability and environmental resistance, establishing standardized production procedures, exploring other industrial by-products, and conducting thorough assessments of the life cycle and economic aspects. By focusing on these specific areas, the development of RHA-enhanced GPC will be promoted, facilitating its incorporation into sustainable building methods and improving its overall effectiveness and environmental footprint. © 2024 Seventh Sense Research Group®."
SCOPUS:2-s2.0-85103789068,2021,English,Article,"Yucca schidigera extract dietary supplementation affects growth performance, hematological and physiological status of european seabass",Dicentrarchus labrax; Growth performance; Hematological; Immunological status; Water quality; Yucca schidigera extract,alpha globulin; ammonia; beta globulin; calcium phosphate dibasic; corn gluten; globulin; gluten; hemoglobin; herring oil; hydrocortisone; immunoglobulin; lysozyme; nitrogen; plant extract; protein; soybean oil; unclassified drug; vitamin; wheat middling; yucca schidigera extract; Article; chemical composition; diet supplementation; economic evaluation; enzyme activity; erythrocyte; European sea bass; fingerling; fish meal; food intake; growth; health status; hematocrit; hematological parameters; immune status; innate immunity; leukocyte count; leukocyte differential count; neutrophil count; nonhuman; rice bran; soybean meal; water quality; yucca; Yucca schidigera,"The study herein evaluated the effects of dietary supplementation with different yucca (Yucca schidigera) extract levels on rearing water quality, growth performance, protein utilization, hematological and immunological status, and economic benefits of cultured European seabass (dicentrarchus labrax) juveniles. yucca extract (ye) was incorporated in an experimental diet at levels of 0, 0.25, 0.50, and 1 g ye kg−1, and offered to fish reared in 70-L glass aquaria (15 fish per aquarium; three replicates each). Dietary YE supplementation significantly (P<0.05) decreased ammonia-nitrogen levels in water. compared with the control, groups fed 0.50 and 1 g ye kg−1 diets showed improved growth performance (by 26.02% and 36.98%, respectively) and protein efficiency ratio (by 31.39% and 37.29%, respectively). In addition, hematological parameters (red blood cells, hemoglobin, hematocrit, white blood cells and neutrophil) and innate immune parameters (globulin fractions and lysozyme activity) improved with increasing dietary ye levels. growth, hematological, and immunological parameters increased with a polynomial second-order regression models, with curves peak close to 1 g ye kg−1 diet. The cortisol level decreased significantly (P<0.05) with increasing dietary YE levels. The groups fed the 0.50 and 1 g YE kg−1 diets generated significantly (P<0.05) higher revenue than groups fed the 0.25 g YE kg−1 and the control diets. the using of ye is recommended as a dietary feed additive at a level of 1 g kg−1 for reducing the environmental footprint of fish protein production, accelerating growth, and improving health status of cultured seabass in a short-term feeding period. © 2021 Sciendo. All rights reserved."
SCOPUS:2-s2.0-85175533540,2023,Portuguese,Article,"The virtual water in grain production in Ceará State, Brazil [A água virtual na produção de grãos no Estado do Ceará, Brasil]",Environmental valuation; Management of water resources; Water footprint,,"Water scarcity brings up the need to calculate water consumption in the production of rice, beans and corn in the state of Ceará. The objective of this paper was to analyze the virtual water of rice, beans and maize production in the state of Ceará during the period from 2007 to 2016. The methodology proposed by Hoekstra et al. (2011) which considers for the calculation the superficial or subterranean water, the water coming from the precipitation that is stored in the soil and the water used to dilute the pollutants in the production. Once the result was exposed, it was noticed that the largest blue water footprint came from the production of maize, the largest green water footprint came from bean production, since it is a crop with little water demand and the largest footprint in the production of maize. © 2023 University Center of Maringa. All rights reserved."
SCOPUS:2-s2.0-85123013956,2022,English,Article,Mitigating greenhouse gas emissions from irrigated rice cultivation through improved fertilizer and water management,Alternate wetting and drying; Emission factor; Integrated plant nutrient system; Methane; Nitrous oxide; Urea deep placement,Agriculture; Fertilizers; Greenhouse Gases; Methane; Nitrous Oxide; Oryza; Soil; Water; Water Supply; carbon; fertilizer; methane; nitrogen; nitrous oxide; urea; fertilizer; methane; nitrous oxide; water; agriculture; climate change; cultivation; fertilizer; global warming; greenhouse gas; irrigation system; manure; mitigation; water management; Article; carbon footprint; controlled study; crop management; dry season; field experiment; flooding; greenhouse effect; greenhouse gas; irrigation (agriculture); nonhuman; plant nutrient; plant yield; poultry manure; rice; water management; agriculture; greenhouse gas; Oryza; soil; water supply,"Greenhouse gas (GHG) emissions from agriculture sector play an important role for global warming and climate change. Thus, it is necessary to find out GHG emissions mitigation strategies from rice cultivation. The efficient management of nitrogen fertilizer using urea deep placement (UDP) and the use of the water-saving alternate wetting and drying (AWD) irrigation could mitigate greenhouse gas (GHG) emissions and reduce environmental pollution. However, there is a dearth of studies on the impacts of UDP and the integrated plant nutrient system (IPNS) which combines poultry manure and prilled urea (PU) with different irrigation regimes on GHG emissions, nitrogen use efficiency (NUE) and rice yields. We conducted field experiments during the dry seasons of 2018, 2019, and 2020 to compare the effects of four fertilizer treatments including control (no N), PU, UDP, and IPNS in combination with two irrigation systems— (AWD and continuous flooding, CF) on GHG emissions, NUE and rice yield. Fertilizer treatments had significant (p < 0.05) interaction effects with irrigation regimes on methane (CH4) and nitrous oxide (N2O) emissions. PU reduced CH4 and N2O emissions by 6% and 20% compared to IPNS treatment, respectively under AWD irrigation, but produced similar emissions under CF irrigation. Similarly, UDP reduced cumulative CH4 emissions by 9% and 15% under AWD irrigation, and 9% and 11% under CF condition compared to PU and IPNS treatments, respectively. Across the year and fertilizer treatments, AWD irrigation significantly (p < 0.05) reduced cumulative CH4 emissions and GHG intensity by 28%, and 26%, respectively without significant yield loss compared to CF condition. Although AWD irrigation increased cumulative N2O emissions by 73%, it reduced the total global warming potential by 27% compared to CF irrigation. The CH4 emission factor for AWD was lower (1.67 kg ha−1 day−1) compared to CF (2.33 kg ha−1 day−1). Across the irrigation regimes, UDP increased rice yield by 21% and N recovery efficiency by 58% compared to PU. These results suggest that both UDP and AWD irrigation might be considered as a carbon-friendly technology. © 2022 The Authors"
SCOPUS:2-s2.0-85081993376,2020,English,Article,Methane emissions in triple rice cropping: Patterns and a method for reduction,Flooding; Greenhouse gases; Mekong delta; Methane reduction; Methanogenesis inhibition; Rice straw,Agriculture; Carbon; Methane; Oryza; Soil; carbon; methane; soil organic matter; surface water; dissolved oxygen; water; Article; crop production; decomposition; flooding; methanogenesis; nonhuman; photosynthate; plant growth; river; Viet Nam; agriculture; Oryza; soil; bioaccumulation; carbon footprint; cropping system; greenhouse gas; irrigation (agriculture); methane emission; reduction (chemistry); rice,"The Mekong Delta paddies are known as hotspots of methane emission, but these emissions are not well studied. We analyzed methane emission patterns based on monitoring data from typical triple rice cropping paddies collected over 5 years. We found that the total emissions in a crop season doubled in the second crop, tripled in the third crop, and reset after the annual natural flood of the Mekong River. The emission peaks occurred around 0 to 3 weeks after starting irrigation, then gradually decreased. This suggests that methane was generated by the soil organic matter, because the small rice plants provide little carbon for methanogenesis. In general, the main source of emitted methane is rice-derived carbon by current-season photosynthates and the emission peaks at the rice heading stage. However, the contribution of the rice-derived carbon is negligible in the hotspot paddies while total emission is high. The increase in emission levels from the first to the third crop can be explained by the accumulation of rice residue from the preceding crops, especially rice straw incorporated into the soil. The reset of emission levels after annual flood means that the rice straw is decomposed without methanogenesis in water with dissolved oxygen. Thus, the annual emission pattern shows that decomposing rice straw in paddy surface-water is an effective method to reduce methane emissions. © 2020 Oda M and Nguyen HC."
SCOPUS:2-s2.0-85116299428,2022,English,Article,Assessment of physical quantity and value of natural capital in China since the 21st century based on a modified ecological footprint model,China; Ecological footprint; National hectares; Natural capital; Physical quantity; Value quantity,"China; Conservation of Natural Resources; Ecology; Ecosystem; Humans; Models, Theoretical; Beijing [China]; China; Jilin; Qinghai; Shanghai; Tianjin; Xizang; Sustainable development; ammonia; ammonia nitrogen; nitrate; nitrogen; organic matter; sulfate; unclassified drug; China; Ecological carrying capacity; Ecological deficit; Ecological footprint; Footprint modeling; National hectare; Natural capital; Per capita; Physical quantities; Value quantity; ecological footprint; environmental assessment; environmental issue; environmental monitoring; freshwater ecosystem; heterogeneity; twenty first century; absorption; adsorption kinetics; afforestation; air pollution; Article; barley; bean; bioaccumulation; Cannabis sativa; carbon footprint; carbon sequestration; cereal; chemical oxygen demand; China; civilization; controlled study; desertification; ecological footprint; electricity; fiber crop; flax; fossil energy; freshwater environment; Gossypium; gross national product; industrialization; jute; linseed; maize; millet; mung bean; nonhuman; peanut; plant tuber; potato; productivity; ramie; rapeseed; rice; sesame; soil pollution; sorghum; soybean; spatial analysis; sunflower; tobacco; urbanization; water pollution; water supply; wheat; ecology; ecosystem; environmental protection; human; theoretical model; Spatial distribution","Natural capital accounting is an essential prerequisite for the harmonious development of human beings and nature and benign interactions between economy and environment. Although the ecological footprint has significantly contributed to sustainability evaluation for many years, the traditional ecological footprint model is limited by lack of value accounting, incomplete account content, neglect of multi-functions of land, and geographical spatial heterogeneity. These limitations reduce the universality of this model. To improve the value accounting of the ecological footprint model, this study takes national hectares (nha) as the measurement unit and includes the freshwater and pollution footprints. The dynamic changes of natural capital from 2000 to 2018 were calculated and analyzed in 31 Chinese provinces. The main findings are summarized here. China's physical quantity of ecological footprint, ecological carrying capacity, and ecological deficit in 2018 was 4.03, 0.79, and −3.24 billion nha, respectively. The energy account contributed most of the physical quantity in the ecological footprint (72.12% of the total). From 2000 to 2018, the physical quantities of the per capita ecological footprint and the per capita ecological deficit increased at 5.49% and 10.08% per annum, respectively, while the physical quantity of the per capita ecological carrying capacity decreased by 0.55% per annum. The physical quantities of the per capita ecological footprint and per capita ecological deficit were spatially distributed, reducing in the order of East > Central > West. The spatial distribution of the physical quantity of the per capita ecological carrying capacity showed the opposite trend. By 2018, China's ecological footprint, ecological carrying capacity, and ecological deficit were valued at 18.09, 12.44 and CNY −5.65 trillion, respectively. Over the 2000–2018 period, the per capita ecological footprint and ecological carrying capacity increased by 495 and CNY 370 per annum, respectively, while the per capita ecological deficit expanded at CNY −125 per annum. The biological account contributed approximately 59.53% of the value quantity of the ecological footprint. Since the twenty-first century, the cumulative effect of excessive consumption has placed increasing pressure on China's ecosystems. On mainland China, only Tibet showed an ecological surplus in 2018. The ecological pressure index decreased in the order of East > Central > West. As Western China has developed extensively and its ecological deficit is rapidly expanding, this region deserves special attention. The most ecologically challenging regions in China are Shanghai, Tianjin, and Beijing. In contrast, Jilin, Qinghai, and Tibet impose low ecological pressure in China. These findings contribute to the standardization and localization of the ecological footprint model in China and provide a reference for regional resource management and ecological construction. © 2021 The Authors"
SCOPUS:2-s2.0-84880870356,2013,English,Article,Solubility and leaching risks of organic carbon in paddy soils as affected by irrigation managements,,"Agricultural Irrigation; Carbon; Oryza sativa; Soil; Solubility; Water; organic carbon; soil water; carbon; soil; water; carbon; article; atmosphere; bioavailability; carbon footprint; decomposition; flooding; irrigation (agriculture); leaching; soil; soil fertility; solubility; surface soil; chemistry; growth, development and aging; rice; soil; solubility; chemistry","Influence of nonflooding controlled irrigation (NFI) on solubility and leaching risk of soil organic carbon (SOC) were investigated. Compared with flooding irrigation (FI) paddies, soil water extractable organic carbon (WEOC) and dissolved organic carbon (DOC) in NFI paddies increased in surface soil but decreased in deep soil. The DOC leaching loss in NFI field was 63.3 kg C ha -1, reduced by 46.4% than in the FI fields. It indicated that multi-wet-dry cycles in NFI paddies enhanced the decomposition of SOC in surface soils, and less carbon moved downward to deep soils due to less percolation. That also led to lower SOC in surface soils in NFI paddies than in FI paddies, which implied that more carbon was released into the atmosphere from the surface soil in NFI paddies. Change of solubility of SOC in NFI paddies might lead to potential change in soil fertility and sustainability, greenhouse gas emission, and bioavailability of trace metals or organic pollutants. © 2013 Junzeng Xu et al."
SCOPUS:2-s2.0-85075054639,2019,English,Article,An assessment of irrigated rice production energy efficiency and environmental footprint with in-field and off-field rice straw management practices,,"Agricultural Irrigation; Agriculture; Biomass; Carbon Footprint; Conservation of Energy Resources; Conservation of Water Resources; Energy Metabolism; Environment; Greenhouse Gases; Methane; Nitrous Oxide; Oryza; Seasons; Soil; methane; nitrous oxide; agriculture; biomass; carbon footprint; chemistry; energy conservation; energy metabolism; environment; greenhouse gas; growth, development and aging; irrigation (agriculture); metabolism; Oryza; procedures; season; soil; water conservation","The research provided scientific evidences for improved rice straw management. Rice cultivation with in-field burning of rice straw is the worst option with the lowest energy efficiency and highest air pollution emission. This article comprises a comparative assessment of energy efficiency and the environmental footprint of rice production using four different rice straw management scenarios, namely, straw retained, straw burned, partial straw removal, and complete straw removal. Paddy yield, grain quality, and energy balance were assessed for two seasons while greenhouse gas emissions (GHGE) were measured weekly starting from land preparation through to the cropping and fallow period. Despite the added energy requirements in straw collection and transport, the use of collected rice straw for mushroom production can increase the net energy obtained from rice production systems by 10–15% compared to burning straw in the field. Partial and complete removal of rice straw reduces GHGE by 30% and 40% compared to complete straw retention, respectively. © 2019, The Author(s)."
SCOPUS:2-s2.0-85046758409,2018,English,Article,Greenhouse gas emissions and management practices that affect emissions in US rice systems,,Agriculture; Arkansas; California; Greenhouse Effect; Greenhouse Gases; Methane; Mississippi; Oryza; Texas; Crops; Gas emissions; Sulfur compounds; methane; nitrogen oxide; nitrous oxide; organic matter; sulfate; Confidence interval; Cultivar selection; Management practices; Mechanized systems; Production practice; Rice (Oryza sativa L.); Stand establishment; WETTING AND DRYING; Article; carbon footprint; controlled study; crop; cultivar; decomposition; grain yield; harvest; nonhuman; rice; soil texture; United States; water management; agriculture; analysis; Arkansas; California; greenhouse effect; greenhouse gas; Mississippi; Oryza; Texas; Greenhouse gases,"Previous reviews have quantified factors affecting greenhouse gas (GHG) emissions from Asian rice (Oryza sativa L.) systems, but not from rice systems typical for the United States, which often vary considerably particularly in practices (i.e., water and carbon management) that affect emissions. Using meta-analytic and regression approaches, existing data from the United States were examined to quantify GHG emissions and major practices affecting emissions. Due to different production practices, major rice production regions were defined as the mid-South (Arkansas, Texas, Louisiana, Mississippi, and Missouri) and California, with emissions being evaluated separately. Average growing season CH4 emissions for the mid-South and California were 194 (95% confidence interval [CI] = 129-260) and 218 kg CH4 ha-1 season-1 (95% CI = 153-284), respectively. Growing season N2O emissions were similar between regions (0.14 kg N2O ha-1 season-1). Ratoon cropping (allowing an additional harvestable crop to grow from stubble after the initial harvest), common along the Gulf Coast of the mid-South, had average CH4 emissions of 540 kg CH4 ha-1 season-1 (95% CI = 465-614). Water and residue management practices such as alternate wetting and drying, and stand establishment method (water vs. dry seeding), and the amount of residue from the previous crop had the largest effect on growing season CH4 emissions. However, soil texture, sulfate additions, and cultivar selection also affected growing season CH4 emissions. This analysis can be used for the development of tools to estimate and mitigate GHG emissions from US rice systems and other similarly mechanized systems in temperate regions. © American Society of Agronomy, Crop Science Society of America, and Soil Science Society of America."
SCOPUS:2-s2.0-85196212812,2024,English,Article,"Blue and green water footprint assessment of rice crop in high altitude temperate zone of Kashmir, India",blue water footprint; Crop water usage; Effective rainfall; Evapotranspiration; Green water footprint; Rice cultivation,,"The water footprint (WF) for rice has been calculated from 2010 to 2022 for three different districts viz Anantnag, Budgam and Baramulla representing three different climatic regions of Kashmir valley. CROPWAT 8.0 model was used to calculate effective rainfall, reference evapotranspiration (ETo), crop evapotranspiration (ETc), and thereby the green and blue water footprint of rice was determined. ET0 was 117-133 mm in Budgam district, 100-112 mm in Baramulla district and 143-155 mm in Anantnag district. ETc in Budgam was found in the range of 136-149 m3ha-1, in Baramulla district it was found in the range of 115-140 m3ha-1 and in Anantnag district it was highest of the three districts ranging from 163-178 m3ha-1. The results showed that the WF was the highest (3444 l kg-1) in Baramulla district followed by 2300 l kg-1 in Anantnag and 2003 l kg-1 in Budgam districts. The share of green and blue components of WF (WFgreen and WFblue) also varied with the locations and in years. WFgreen and WFblue contributed more or less equally in Baramulla district, 68% and 32% respectively in Budgam district and 60% and 40 % in Anantnag districts respectively. © Author (s)."
SCOPUS:2-s2.0-84983120936,2015,English,Article,"Spatio-Temporal Patterns of Open Surface Water in the Central Valley of California 2000-2011: Drought, Land Cover, and Waterbirds",Central Valley; Drought; Land cover; Remote sensing; Trend; Water; Waterbirds,California; Central Valley [California]; United States; Agriculture; Drought; Ecosystems; Land use; Landforms; Remote sensing; Satellite imagery; Tracking (position); Water; Water management; Water resources; Water supply systems; Central Valley; Habitat availability; Land cover; Spatio-temporal variation; Spatiotemporal patterns; Trend; Water distributions; Waterbirds; agricultural land; drought stress; habitat structure; land cover; Landsat; resource management; satellite imagery; spatiotemporal analysis; surface water; water footprint; water resource; waterfowl; Surface waters,"We used Landsat satellite imagery to (1) quantify the distribution of open surface water across the Central Valley of California 2000-2011, (2) summarize spatio-temporal variation in open surface water during this time series, and (3) assess factors influencing open surface water, including drought and land cover type. We also applied the imagery to identify available habitat for waterbirds in agriculture. Our analyses indicated that between 2000 and 2011 open surface water has declined across the Central Valley during the months of July-October. On average, drought had a significant negative effect on open surface water in July, September, and October, though the magnitude and timing of the effect varied spatially. The negative impact of a drought year on open water was experienced immediately in the southern Central Valley; however, there was a one year time-lag effect in the northern Central Valley. The highest proportion of open surface water was on agricultural lands followed by lakes, rivers, and streams, yet the relative proportions varied spatially and across months. Our data were consistent with previous descriptions of waterbird habitat availability in post-harvest rice in the northern Central Valley. Tracking water distribution using satellites enables empirically based assessments of the impacts of changing water policy, land-use, drought, climate, and management on water resources. © 2015 American Water Resources Association."
SCOPUS:2-s2.0-85085156647,2020,English,Article,"Profitability, energetics and GHGs emission estimation from rice-based cropping systems in the coastal saline zone of West Bengal, India",,"Carbon Dioxide; Climate Change; Computer Simulation; Crop Production; Crops, Agricultural; Greenhouse Gases; India; Methane; Monte Carlo Method; Nitrous Oxide; Oryza; Risk Assessment; Salinity; carbon dioxide; methane; nitrous oxide; Article; carbon footprint; coastal waters; colocynth; controlled study; crop management; cropping system; energy transfer; fallow; Luffa acutangula; nonhuman; plant yield; potato; productivity; profit; questionnaire; rice; risk assessment; squash; sunflower; sustainable agriculture; Trichosanthes dioica; West Bengal; climate change; computer simulation; crop; crop production; economics; greenhouse gas; growth, development and aging; India; metabolism; Monte Carlo method; Oryza; procedures; salinity","This study compares thirteen rice-based cropping systems in the coastal part of West Bengal, India in terms of productivity, profitability, energetics, and emissions. Information on the crop management practices of these systems was collected on 60 farms through a questionnaire survey. Rice-bitter gourd system was observed to have the highest system yield (49.88 ± 4.34 tha−1yr−1) followed by rice-potato-ridge gourd (37.78 ± 2.77 tha−1yr−1) and rice-potato-pumpkin (36.84 ± 2.04 tha−1yr−1) systems. The rice-bitter gourd system also recorded the highest benefit:cost ratio (3.92 ± 0.061). The lowest system yield and economics were recorded in the rice-fallow-fallow system. Rice-sunflower system recorded highest specific energy (2.54 ± 0.102 MJkg−1), followed by rice-rice (2.14 ± 0.174 MJkg−1) and rice-fallow-fallow (1.91 ± 0.327 MJkg−1) systems, lowest being observed in the rice-bitter gourd (0.52 ± 0.290 MJkg−1) and rice-pointed gourd (0.52 ± 0.373 MJkg−1) systems. Yield-scaled GHGs (YSGHG) emission was highest (1.265 ± 0.29 t CO2eqt−1 system yield) for rice-fallow-fallow system and was lowest for rice-vegetable systems. To estimate the uncertainty of the YSGHG across different systems under study, Monte-Carlo Simulation was performed. It was observed that there was a 5% probability of recording YSGHG emission > 1.15 t CO2eqt−1 system yield from different cropping systems in the present experiment. Multiple system properties such as productivity, economics, energy, and emission from all rice-based systems taken together, the rice-vegetable system performed consistently well across parameters and may be practised for higher economic returns with judicious and sustainable utilization of resources in the coastal saline tracts of the region. © 2020 Ray et al. This is an open access article distributed under the terms of the Creative Commons Attribution License, which permits unrestricted use, distribution, and reproduction in any medium, provided the original author and source are credited."
SCOPUS:2-s2.0-105012132816,2025,English,Article,Investigation of concrete durability enhancement using supplementary cementitious materials,Concrete durability; Flyash; Metakaolin; Prosopis juliflora extract; Supplementary cementitious materials,acid; alkali; aluminum oxide; calcium hydroxide; chloride ion; concrete; methanol; naphthalene; silicon dioxide; sulfuric acid; trace element; water; Article; artificial intelligence; bulk density; carbon footprint; chemical fingerprinting; compressive strength; controlled study; corrosion; deterioration; flexural strength; fly ash; freeze thawing; high temperature; nonhuman; permeability; Prosopis juliflora; relative density; reproducibility; rice husk; synergistic effect; temperature; temperature stress; vegetation; water absorption; wood ash,"This study investigates the influence of fly ash, metakaolin, and P. juliflora extract on the durability and performance of concrete. The research focuses on key durability tests, including Saturated Water Absorption, RCPT, Sulphuric Acid Resistance, Permeability, Sorptivity, and UPV tests. The experimental results indicate that incorporating fly ash and metakaolin significantly reduces water absorption, permeability, and chloride ion penetration, leading to improved resistance against corrosion and environmental deterioration. The results from the Sulphuric Acid Resistance Test showed that mixes containing metakaolin and fly ash exhibited lower weight and strength loss, demonstrating enhanced acid resistance. The Permeability and Sorptivity Tests further confirmed that blended cementitious materials contribute to a denser microstructure, reducing water ingress. Further, the UPV test suggested that long-term structural integrity improves with supplementary cementitious materials. The optimal combination of 10–15 % fly ash and 10–15 % metakaolin exhibited superior performance. This study concludes that utilizing industrial by-products and natural plant extracts enhances durability, sustainability, and eco-friendliness, making it a viable alternatives for virgin materials. • Evaluates fly ash, metakaolin, and P. juliflora extract for improving concrete durability. • Shows reduced chloride penetration, acid damage, and water absorption. • Confirms denser microstructure and better integrity via UPV and permeability tests. © 2025 The Author(s)"
SCOPUS:2-s2.0-85084954986,2020,English,Article,Effects of water management on greenhouse gas emissions from farmers' rice fields in Bangladesh,Alternate wetting and drying; Bangladesh; Emission factor; farmers' practice; Greenhouse gas emissions; Lowland rice,Bangladesh; Gallium compounds; Gas emissions; Global warming; Irrigation; Nitrogen oxides; Water management; Water supply; methane; nitrous oxide; Emission factors; Field experiment; Gas chromatographs; Global warming potential; Irrigation waters; Management scheme; Water use efficiency; WETTING AND DRYING; agricultural emission; emission control; gas chromatography; greenhouse gas; irrigation; methane; nitrogen dioxide; paddy field; water management; agricultural land; alternate wetting and drying irrigation; Article; Bangladesh; carbon footprint; comparative study; concentration (parameter); continuous flooding irrigation; crop management; dry season; gas chromatography; grain yield; greenhouse effect; irrigation (agriculture); physical chemistry; priority journal; seasonal variation; water management; Greenhouse gases,"Alternate wetting and drying (AWD) irrigation in lowland rice cultivation increases water use efficiency and could reduce greenhouse gas (GHG) emissions compared to the farmers' practice of continuous flooding (CF). However, there is a dearth of studies on the impacts of water management on methane (CH4) and nitrous oxide (N2O) emissions in Bangladesh. Multi-location field experiments were conducted during the dry seasons of 2018 and 2019 to determine the baseline emissions of CH4 and N2O from rice fields and compare the emissions from AWD irrigation and CF. CH4 and N2O emissions were measured using the closed chamber technique and their concentrations were determined using a gas chromatograph. CH4 and N2O emissions varied across water management schemes and sites. AWD irrigation significantly (p < 0.05) reduced cumulative CH4 emissions (37%, average across sites) without affecting grain yields compared to CF. The CH4 emission factor for AWD was lower (1.39 kg ha−1 day−1) compared to CF (2.21 kg ha−1 day−1). Although AWD irrigation increased seasonal cumulative N2O emissions by 46%, it did not offset reduced CH4 emissions. AWD reduced the total global warming potential (GWP) by 36% compared to CF. Similarly, GHG intensity (GHGI) in AWD was 34% smaller compared to that in CF. Emissions varied across sites and the magnitudes of seasonal cumulative CH4 and N2O emissions were higher at the Gazipur site compared to the Mymensingh site. AWD, which saves irrigation water without any yield penalty, could be considered a promising strategy to mitigate GHG emissions from rice fields in Bangladesh. © 2018 Elsevier B.V."
SCOPUS:2-s2.0-85200945219,2024,English,Article,Growth and productivity of direct-seeded basmati rice (Oryza sativa L.) as influenced by sowing dates and irrigation schedules in north-western India,Economics; First irrigation; Irrigation schedules; Paddy; Water balance,India; Crops; Economics; Evapotranspiration; Grain (agricultural product); Water conservation; Water management; Water supply; Basmati rice; Crop evapotranspiration; Crop water productivity; First irrigation; Grain yield; Irrigation schedule; Irrigation waters; Paddy; Sowing date; Water balance; agricultural economics; crop production; experimental study; growth; irrigation; paddy field; rice; sowing date; Irrigation,"Due to water shortage and rising irrigation costs in rice cultivation regions, the adoption of water-saving technologies, such as direct-seeded rice, has become imperative for ensuring sustainable rice production. Thus, the present study was conducted to investigate the influence of sowing dates and irrigation schedules on the growth and productivity of direct-seeded basmati rice (DSBR). The experiment was laid out in split plot design keeping combinations of two sowing dates (June 10 and June 20) and time of first irrigation (7, 14 and 21 days after sowing, DAS) in main plots and subsequent irrigation schedules at 1.25, 1.50 and 1.75 IW/ETc, irrigation water to crop evapotranspiration ratio in sub-plots. The results revealed that delay in sowing of DSBR from June 10 to June 20 did not significantly reduce the yield attributes and grain yield. However, DSBR sown on June 20 required less irrigation (1280 mm) compared to June 10 (1326 mm) while the apparent crop water productivity (ACWP) remained statistically similar. Delaying the first flood irrigation from 7 to 21 DAS did not significantly impact DSBR yield or its attributes but reduced cultivation costs (CC) by US$ 24–31. This delay saved approximately 17.1 % of irrigation water, enhanced ACWP and reduced deep drainage losses by 220–279 mm without affecting actual crop evapotranspiration. Subsequent irrigation schedules significantly influenced DSBR yield and attributes, with an IW/ETc of 1.50 and 1.75 performing better than an IW/ETc of 1.25 in terms of panicle count, grains per panicle, grain yield and ACWP. However, increasing irrigation frequency from IW/ETc of 1.50–1.75 did not enhance yield parameters or grain yield but increased CC by US$ 23–24 and significantly reduced ACWP. IW/ETc of 1.50 saved 11.7 % (175 mm) of irrigation water compared to IW/ETc of 1.75. In conclusion, delaying the direct sowing of basmati rice to June 20, postponing the first irrigation until 21 DAS, and scheduling subsequent irrigations at 1.50 IW/ETc are effective strategies. Crucially, these interventions do not significantly reduce grain yield but instead contribute to water savings, reduced cultivation costs, and lower water footprints. © 2024"
SCOPUS:2-s2.0-85183622938,2024,English,Article,The environmental impacts of reusable rice packaging: An extended comparative life cycle assessment,Circular economy; Environmental impact assessment; Material flow analysis; Plastic packaging; Reuse; Sustainable design,Carbon footprint; Environmental impact assessments; Global warming; Life cycle; Packaging; Packaging materials; Product design; Recycling; Reusability; Sensitivity analysis; Sustainable development; Circular economy; Food loss; Food waste; Materials flow analysis; Plastic packaging; Preparation phasis; Product systems; Reusable packaging; Reuse; Single use; Ecodesign,"Plastic packaging recycling has gained momentum as it can improve the circularity of this typical linear product. However, reuse ranks as a preferred strategy over recycling because product reuse can reduce material usage compared to product recycling and keeps material value higher for a longer time. Such reusable plastic packaging requires, besides a more robust product design, an additional return system. It is crucial to minimize the impact of this product system and ensure that reusable plastic packaging is not only more circular, but also more environmentally friendly than its single-use alternative. For this purpose, understanding the factors contributing to its environmental impact is key. In this paper, a new design of reusable packaging for two kilogram rice is compared with a conventional fully-optimized single-use packaging using a prospective extended life cycle assessment, including a circularity (using material flow analysis and specific circularity indicators, among which the Material Circularity Index), environmental impact (using a life cycle assessment with 16 midpoint indicators) and packaging-related food losses and waste assessment (using the food-to-packaging ratios). On average, the reusable rice packaging could be reused five times, due to losses at the distribution, use, and reuse preparation phase. While the reusable packaging scores better on the circularity indicators (a Material Circularity Index of 91 %, compared with 39 % for single-use packaging), its global warming and fossil resource depletion impact are respectively two and three times higher, considering a functional unit of one kilogram cooked rice to be consumed. The reusability and return rate, providing the retention of reusable packaging at the reuse preparation and use phase, respectively, were identified as the most determinative parameters by the sensitivity analysis. If these parameters could be optimized to a value of 99.75 %, corresponding to a total of 16 uses, the climate change impact of reusable packaging would be lower than its conventional single-use counterpart. The high food-to-packaging ratios (more than 18 for all impact categories) point to the importance of reducing food waste. If the packaging design could reduce food losses in the product system with 0.2 %, the reusable packaged rice would have a lower water use and mineral and metal resource use impact compared to the single-use packaged rice, despite the higher environmental impact of the reusable packaging unit itself. Therefore, this should be prioritized when further optimizing the reusable packaging design. © 2024 Institution of Chemical Engineers"
SCOPUS:2-s2.0-85129928768,2022,English,Article,WATER FOOTPRINT ASSESSMENT OF PADDY CULTIVATION: QUANTIFYING DIRECT AND INDIRECT WATER CONSUMPTION,Irrigation water consumption; Sustainable paddy cultivation; Water footprint quantification,,"Water footprint quantification across product’s life cycle has become increasingly prominent. Thus, this study was conducted focusing on developing a quantification approach for water consumption of paddy cultivation at each growth phase using ISO 14046 as a guideline. A case study applying the proposed methodological framework at Muda Rice Granary, Malaysia from the year 2012 to 2015 is presented in this paper. The total irrigation water of paddy planted on Muda Rice Granary ranges from 1800-2600 litres/kg gross paddy. The study was conducted on three phases of paddy growth cycle, which were vegetative phase, reproductive phase and mature phase. Vegetative phase was identified as the hotspot during paddy cultivation as it has the highest water consumption. The demand for rice in the year 2030 is expected to increase to 533 million tonnes to meet the public demand globally. Therefore, it is imperative to identify ways to increase paddy yield while reducing water irrigation to accommodate such a challenge. The outcomes from this research can provide guidelines to the agricultural development authorities, rice farm owners, government as well as farmers to develop a sustainable paddy cultivation at all levels of rice farming.. © Penerbit UMT"
SCOPUS:2-s2.0-85097105746,2021,English,Article,The water footprint of food and cooking fuel: A case study of self-sufficient rural India,Food consumption patterns rural India; Fuelwood for cooking; Water footprint food; Water footprint fuelwood,Animals; Cooking; Developing countries; Food supply; Fossil fuels; Liquefied petroleum gas; Petroleum prospecting; Rural areas; Water resources; Wood products; Food consumption; Fresh water resources; Fuelwood consumption; Fuelwood production; Future prospects; Literature reviews; Percapita consumption; Research questions; Oils and fats,"Water is a basic resource for food and fuelwood production. In general, people in rural areas of India consume carbohydrate rich staples with small amounts of animal foods. They mostly depend upon fuelwood for cooking. This study assesses the WFs for food and fuel consumption in rural India. The research question is: What is the green, blue and grey water footprint (WF) of food and cooking fuel consumption per province in rural India (m3/cap/year). It used the WF method for the quantification. Data on food and fuelwood consumption were derived from the National Sample Survey (2011–12). Foods were categorized into 6 groups: 1. Rice; 2. Wheat; 3. Oils and fats; 4. Milk; 5. Other animal foods; and 6. Others. Cooking fuel includes: 1. Fuelwood; 2. Kerosene and 3. LPG. Data related to WFs of food were derived from literature reviews and in case of fuelwood, the WFs were calculated for all the provinces of India. Finally, the total WF of per capita consumption is calculated by adding the WF of food and fuelwood. The result shows that there is a large variation in the green, blue and grey WFs for food consumption across the provinces of India. The average WF for food consumption is about 800 m3/cap/year and for fuelwood is 1630 m3/cap/year. Rice and wheat dominate the green, blue and grey WFs for food, with variations among the provinces. The green WF of rice is larger than the green WF of wheat, while wheat has a larger blue WF. For cooking fuel, the average WF of fuelwood is much larger than the WF of fossil based cooking fuels. The total WF for fuelwood is twice the WF for food, showing that in rural areas of developing countries, fuelwood is water intensive with large impact on freshwater resources. Future prospects of increasing consumption of animal products will increase WFs. However, if also cooking fuel is considered, switching to fossil cooking fuel lowers WFs far more and compensates the increase due to larger animal food consumption. The trends for cooking fuel found in India might also be relevant for other developing countries. © 2020 The Author(s)"
SCOPUS:2-s2.0-85060270787,2019,English,Article,Responses of greenhouse-gas emissions to land-use change from rice to jasmine production in subtropical China,CH<sub>4</sub>; CO<sub>2</sub>; Emission; GWP; Jasmine cultivation; N<sub>2</sub>O; Paddy field,China; Fujian; Fuzhou; Jasminum; Carbon dioxide; Crops; Gas emissions; Global warming; Greenhouse gases; Land use; Neutron emission; Soils; Tropics; carbon dioxide; concrete; ferric ion; methane; nitrous oxide; organic matter; Change in land use; Cumulative emissions; Environmental concerns; Global warming potential; Organic matter inputs; Paddy fields; Structural equation models; Subtropical China; carbon dioxide; carbon emission; crop plant; global warming; land use change; methane; nitrous oxide; organic matter; paddy field; rice; soil property; subtropical region; Article; carbon footprint; China; crop production; cropland; environmental factor; greenhouse effect; jasmine; land use; priority journal; rice; salinity; seasonal variation; soil acidity; soil fertilization; soil temperature; soil water content; structural equation modeling; tropics; Iron compounds,"We studied the impacts of an increasingly common change in land use from paddy field to jasmine fields on the emission of greenhouse gases (GHGs), which have supposed the transformation of more than 1200 ha only in the last decade in the surroundings of Fuzhou city in response to economic changes. The possible increases that this can suppose constitutes and environmental concern in China. We studied areas dedicated to rice crop that have been partially converted to jasmine cultivation with some parts still kept as rice fields. Emissions of CO2, CH4 and N2O varied significantly among the seasons. CO2 and CH4 cumulative emissions and the global-warming potential (GWP) of these emissions were significantly lower in the jasmine than the paddy field. N2O emission, N2O cumulative emission, however, were higher in the jasmine than the paddy field, despite in some concrete studied periods the differences were not statistically significant. The total decrease in GHG emissions from the conversion from rice to jasmine production was strongly influenced by the indirect effects of various changes in soil conditions. The expected changes due to the great differences in water and fertilization use and management and organic matter input to soil between these two crops were in great part due to modified soil traits. According to structural equation models, the strong direct effects of the change from rice to Jasmine crop reducing the emissions of CO2 and N2O were partially decreased by the indirect effects of crop type change decreasing soil pH and soil [Fe2+] for CO2 emissions and by decreasing soil salinity and soil [Fe3+] for N2O emissions. The negative effects of the crop conversion on CH4 emissions were mostly due to the globally negative indirect effects on soil conditions, by decreases in soil salinity, water content and [Fe2+]. Soil salinity, water content, pH, [Fe2+], [Fe3+] and [total Fe] were significantly lower in the jasmine than the paddy field, but temperature had the opposite pattern. CO2 emissions were generally correlated positively with salinity, temperature, and water content and negatively with [Fe3+] and [total Fe] in both fields. CH4 emissions were positively correlated with salinity, temperature, water content and pH in both fields. N2O emissions were positively correlated with temperature and were negatively correlated with water content, pH, [Fe2+], [Fe3+] and [total Fe] in both fields. CO2 was the most important GHG for the GWPs, and the total GWP was significantly lower for the jasmine than for the rice cropland field. The change in the land use in this area of paddy fields will decreased the global GHG emission, and the effect on the GWPs was mostly due to changes in soil properties. © 2018 Elsevier Ltd"
SCOPUS:2-s2.0-85045087765,2015,English,Article,"Farm level water footprints, water productivity and nitrogen use efficiency in irrigated rice under different water and nitrogen management",Nitrogen; Rice; Water balance; Water footprints; Water productivity,,"Attempt was made to study the impact of intermittent irrigations and different nitrogen (N) doses on growth, yield, N use efficiency and water footprints of rice. A rice cultivar, ‘Lalat’ was grown with 3 water regimes in main plots (W1 = continuous flooding of 5 cm, W2 = irrigation after 2 days of water disappearance, W3 = irrigation after 5 days of water disappearance) and 5 N levels in subplots (N1 =0 kg N ha-1, N2=60 kg N ha-1, N3 =90 kg N ha-1, N4 =120 kg N ha-1, N5 =150 kg N ha-1). Among water management, lowest mean water footprint (WFP) was observed with W2 but it was at par with W1. Yield, biomass and leaf area also did not significantly differ (P> 0.05) between W1 and W2, but these were significantly lower in W3. These results suggest W2 can reduce water input without affecting rice yields. On the other hand, water productivity in terms of irrigation was higher in W3 though grain yield was less under this treatment. Among N treatments, the lowest average WFP of 1277 m3 t-1 was achieved under 150 kg N ha-1 which was at par with 120 kg N ha-1 but highest WFP of 2532 m3 t-1 was observed when no N was applied. The reduction of WFP with higher dose of N was attributed to mainly increased grain yield of rice. No significant water×nitrogen interactions on biomass, grain yield, WFP, N uptake and N use efficiency were observed. © 2015, IndianJournals.com. All rights reserved."
SCOPUS:2-s2.0-85041488078,2018,English,Article,Effect of dolomite and biochar addition on N<sub>2</sub>O and CO<sub>2</sub> emissions from acidic tea field soil,,Acids; Calcium Carbonate; Charcoal; Magnesium; Nitrous Oxide; Soil; carbon; nitrogen; nitrous oxide; acid; biochar; calcium carbonate; calcium magnesium carbonate; charcoal; magnesium; Article; bamboo; carbon footprint; controlled study; denitrification; environmental impact assessment; moisture; rice husk; sawdust; soil acidity; soil moisture; soil property; tea; water content; chemistry; soil,"A laboratory study was conducted to study the effects of liming and different biochar amendments on N2O and CO2 emissions from acidic tea field soil. The first experiment was done with three different rates of N treatment; N 300 (300 kg N ha-1), N 600 (600 kg N ha-1) and N 900 (900 kg N ha-1) and four different rates of bamboo biochar amendment; 0%, 0.5%, 1% and 2% biochar. The second experiment was done with three different biochars at a rate of 2% (rice husk, sawdust, and bamboo) and a control and lime treatment (dolomite) and control at two moisture levels (50% and 90% water filled pore space (WFPS)). The results showed that dolomite and biochar amendment significantly increased soil pH. However, only biochar amendment showed a significant increase in total carbon (C), C/N (the ratio of total carbon and total nitrogen), and C/IN ratio (the ratio of total carbon and inorganic nitrogen) at the end of incubation. Reduction in soil NO3--N concentration was observed under different biochar amendments. Bamboo biochar with the rates of 0.5, 1 and 2% reduced cumulative N2O emission by 38%, 48% and 61%, respectively, compare to the control soil in experiment 1. Dolomite and biochar, either alone or combined significantly reduced cumulative N2O emission by 4.6% to 32.7% in experiment 2. Reduction in N2O production under biochar amendment was due to increases in soil pH and decreases in the magnitude of mineral-N in soil. Although, both dolomite and biochar increased cumulative CO2 emission, only biochar amendment had a significant effect. The present study suggests that application of dolomite and biochar to acidic tea field soil can mitigate N2O emissions. © 2018 Oo et al. This is an open access article distributed under the terms of the Creative Commons Attribution License, which permits unrestricted use, distribution, and reproduction in any medium, provided the original author and source are credited."
SCOPUS:2-s2.0-85175102276,2022,Chinese,Article,Planting structure optimization of three main grain crops in 10 northern China provinces based on water footprint method [基于水足迹视角的中国北方 10 省三大粮食作物种植结构优化],grain production; multi-objective planning; planting structure optimization; water footprint; water resources pressure,,"The shortage of water resources and the conflicts in the water- land- crop system are increasingly more prominent in constricting the sustainable development of China's grain production. As an important measure of water- saving, structure optimization is of great significance to ensure water resource sustainable development and food security in China. This study focused on 10 northern China provinces, revealed the relationship between water resources pressure and three main grain crops'structure from the perspective of water footprint, and explored the optimization of the structure under different priority policy targets. We constructed a multi- objective structure optimization model to obtain the structure optimization scheme of the grain crops in the northern region under different target- weight scenarios. The results show that: The water resource pressure indices are generally high and tightening in the regions where there are large scales of grain cropping. When using the entropy weight method to objectively assign weights to the economic benefits, blue water (irrigation water) consumption, and green water (rainwater) utilization goals, the results show that the northern region should increase the planting area of high- yield and high- water- consuming rice. As the weight of the blue water consumption minimizing target gradually increases, rice planting area and blue water consumption will gradually decrease. Under the 15% water- saving scenario, Shandong, Shanxi, Inner Mongolia, Shaanxi, Gansu, and Qinghai should increase corn planting areas and reduce rice and wheat planting areas; Ningxia and Xinjiang should increase wheat planting areas and reduce rice and corn planting areas; and Henan should increase rice and corn planting areas and reduce wheat planting area. The blue water footprints of major grain crops decrease by 3.8 billion cubic meters, 5.1 billion cubic meters, and 6.4 billion cubic meters, and the net income per unit of blue water footprint increases by 4%, 3%, and 2% compared to 2019 through structure optimization under the three water saving scenarios. This study provides a realistic way to alleviate water stress in northern China, which is of great significance for ensuring the national food security and realizing sustainable agricultural development in China. © 2022 Editorial Department of Resource Science. All rights reserved."
SCOPUS:2-s2.0-85168004939,2022,English,Article,"Assessment of water footprint based on estimated crop evapotranspiration for paddy, sugarcane and banana under semi-arid climate",Banana; Footprint; Paddy; Sugarcane; Water,,"Climate change impact has adverse effects on water use in crop production. A better crop water use indicators to decide upon the water use policies of that region or country is necessary. Water footprint indicates relationship between water use and crop yield. Rice, sugarcane and banana are the major crops which require a significant amount of water in Lalgudi block of Trichy district in Tamil Nadu. This study analyzed the total water requirement, blue and green crop evapotranspiration, blue and green crop water use and blue, green and total water footprint for paddy, sugarcane and banana in Lalgudi block. The crop water footprint estimated by using FAO56-Kc for paddy, sugarcane and banana was 2173 m3 ton-1, 304 m3/ton and 501 m3/ton respectively. And by using ClimAdj-Kc, the crop water footprint for paddy, sugarcane and banana was 2228 m3 ton-1, 307 m3/tonand 503 m3/tonrespectively. It was found that quantity of water used for producing per ton of yield was higher in paddy in comparison to banana and sugarcane. © 2022, Action for Sustainable Efficacious development and Awareness. All rights reserved."
SCOPUS:2-s2.0-85056695801,2018,English,Article,Effects of biochar amendment on co<sub>2</sub> emissions from paddy fields under water-saving irrigation,Biochar; CO<sub>2</sub> ; Paddy field; Q<sub>10</sub> ; Water-saving irrigation,Agricultural Irrigation; Air Pollutants; Carbon Dioxide; Carbon Sequestration; Charcoal; Conservation of Water Resources; Environmental Restoration and Remediation; Oryza; Seasons; Soil; carbon dioxide; charcoal; biochar; carbon dioxide; charcoal; Article; carbon footprint; comparative study; correlation analysis; correlation coefficient; flooding; irrigation (agriculture); rice; seasonal variation; temperature sensitivity; water conservation; air pollutant; analysis; carbon sequestration; chemistry; ecosystem restoration; Oryza; procedures; season; soil; water conservation,"The role of carbon pool of biochar as a method of long-term C sequestration in global warming mitigation is unclear. A two-year field study was conducted to investigate the seasonal variations of CO2 emissions from water-saving irrigation paddy fields in response to biochar amendment and irrigation patterns. Three biochar treatments under water-saving irrigation and one biochar treatment under flooding irrigation were studied, and the application rates were 0, 20, 40, and 40 t ha−1 and labeled as CI + NB (controlled irrigation and none biochar added), CI + MB (controlled irrigation and medium biochar added), CI + HB (controlled irrigation and high biochar added), and FI + HB (flood irrigation and high biochar added), respectively. Results showed that biochar application at medium rates (20 t ha−1 ) decreased CO2 emissions by 1.64–8.83% in rice paddy fields under water-saving irrigation, compared with the non-amendment treatment. However, the CO2 emissions from paddy fields increased by 4.39–5.43% in the CI + HB treatment, compared with CI + NB. Furthermore, the mean CO2 emissions from paddy fields under water-saving irrigation decreased by 2.22% compared with flood irrigation under the same amount of biochar application (40 t ha−1 ). Biochar amendment increased rice yield and water use efficiency by 9.35–36.30% and 15.1–42.5%, respectively, when combined with water-saving irrigation. The CO2 emissions were reduced in the CI + MB treatment, which then increased rice yield. The CO2 emissions from paddy fields were positively correlated with temperature. The highest value of the temperature sensitivity coefficient (Q10 ) was derived for the CI + MB treatment. The Q10 was higher under water-saving irrigation compared with flooding irrigation. © 2018, MDPI AG. All rights reserved."
SCOPUS:2-s2.0-85097582870,2021,English,Article,An explorative assessment of environmental and nutritional benefits of introducing low-carbon meals to Barcelona schools,Life cycle assessment; Public meals; School canteens; Sustainability; WEF nexus,Carbon; Environment; Food Supply; Humans; Meals; Schools; Barcelona [Barcelona (PRV)]; Barcelona [Catalonia]; Catalonia; Spain; Varanidae; Behavioral research; Carbon; Global warming; Hydroelectric power plants; Land use; Life cycle; Nutrition; alpha tocopherol; ascorbic acid; retinol; saturated fatty acid; carbon; Behavioural changes; Climate change mitigation; Global warming potential; Life Cycle Assessment (LCA); Local government; Nutritional benefits; Nutritional changes; Primary energy demand; assessment method; carbon; climate change; environmental conditions; life cycle analysis; local government; nutrition; sustainability; Article; behavior change; bread; calcium intake; caloric intake; carbon footprint; cereal; controlled study; dairy product; dietary fiber; dietary intake; egg; electricity; environmental impact; exploratory research; fat intake; fish; food composition; food waste; fruit; greenhouse effect; human; iron intake; legume; life cycle assessment; low carbon meal; magnesium intake; meal; nutritional health; nutritional value; pasta; potassium intake; potato; poultry meat; priority journal; protein intake; rice; salt intake; solar energy; Spain; sugar intake; vegetable; vitamin intake; catering service; environment; meal; school; Environmental impact,"Shifting to plant-based and low-carbon diets is a key measure for climate change mitigation. In this regard, national and local governments are setting goals and actions to tackle this issue. The municipality of Barcelona has set an intervention for the academic year 2020–21: introducing low-carbon meals in public schools. This study assesses the environmental and nutritional benefits of this intervention by applying the Life Cycle Assessment (LCA) methodology, with an energy and nutritional functional unit; and combined it with the Water-Energy-Food (WEF) nexus approach, by considering three WEF resources-based impacts (Blue Water Footprint (BWF), Primary Energy Demand (PED) and Land Use (LU)) and the Global Warming Potential (GWP). The transition to a low-carbon meal would reduce between 46 and 60% the environmental impacts. These benefits could even be higher when extra interventions within the school boundaries are applied. More research in behavioural change is needed in order to evaluate both: the acceptance of the new menus by scholars and the adaptation of the school kitchen staff to the new menu. Finally, it is suggested to monitor the environmental and nutritional changes of the introduction of low-carbon meals within the school menus in an integrated way. © 2020 Elsevier B.V."
SCOPUS:2-s2.0-85166190056,2022,English,Article,Energy and water footprints comparison of East Asia: A heterogeneity analysis,East Asia; Embodied energy; Multiregional inputoutput analysis; Water footprint,,"Population and economic growth have posed serious challenges to meet global energy and water needs. With the formation of global value chains and regional economic models changing the location and scale of environmental pressures, East Asia deserves special attention because of its importance in world trade. This paper constructed a global multi-regional input-output table based on the Global Trade Analysis Project (GTAP) 10 database and innovatively matched the energy and water databases to analyze the issues in 2014. The results show that in East Asia, (1) China is a net exporter and presents unique embodied energy characteristics with a trade deficit of 392Mtoe. Moreover, trade is the main reason for embodied energy and water in other countries. (2) The electricity sector, petroleum and coal products sector, and the services sector are the main sectors of embodied energy use, in which the latter accounts for 25.9%-43.9% of the total embodied energy use in major countries. (3) Paddy rice sector and processed foods sector produce lots of embodied water for production and consumption, respectively. And the embodied water of processed foods accounts for more than 40% of major countries consumption. © The authors LICENCE This work is licensed under a Creative Commons Attribution-NonCommercial 4.0 International License."
SCOPUS:2-s2.0-85173427218,2024,English,Article,"Understanding human-water nexus in a floodplain district of the Brahmaputra Valley, India: An integration of socio-hydrological and rural hydrological approaches",Brahmaputra valley; Human-water nexus; Interdisciplinary approach; Rural hydrology; Socio-hydrology,Brahmaputra Valley; Economic analysis; Groundwater; Rural areas; Surface waters; Water conservation; Water management; Brahmaputra; Brahmaputra valley; Cultural practices; Flood plains; Human-water nexus; Interdisciplinary approach; Rural hydrology; Socio-cultural; Socio-hydrology; Water interactions; floodplain; hydrology; interdisciplinary approach; livelihood; management practice; rural area; water management; agricultural land; aquatic environment; Article; community; economic well-being; fishing; floodplain; human; hydrology; India; integration; pond; rice; rural area; social evolution; vegetation; water conservation; water footprint; water supply; Floods,"The present study delves into the complex human-water relationships that have a significant impact on the concerned socio-cultural practices and economic livelihoods. The primary objective of this research is to explore and comprehend the dynamic relationships between local communities and water systems in the villages of Nagaon district, situated in the floodplain of the Brahmaputra Valley, India. By integrating socio-hydrology and rural hydrology, the study seeks to gain a holistic understanding of water usage patterns, land management practices, and human adjustments to the district's diverse hydrological environment. To achieve its objectives, the present research adopts a comprehensive methodology involving extensive field visits, household and oral surveys, participatory rural appraisal, focus group discussions, rapid rural appraisal, rapid assessment procedure, and hydro-pattern analysis. The findings of the study reveal the profound influence of water on the socio-cultural and economic foundations in the rural areas of Nagaon district, Assam. The shift from rural people's reliance on surface water bodies to groundwater sources has significantly altered human-water interactions in the rural areas of the district. The study's significance lies in addressing certain sustainable water management practices and focusing on the complex human-water interactions for the district and beyond. The interdisciplinary approach adopted in the present work promotes community well-being while preserving the ecological integrity of the district, with global implications for water resource management. © 2023 Elsevier B.V."
SCOPUS:2-s2.0-85214280330,2025,English,Article,Investigation of hygrothermal behavior of a novel bio-based panel: Experiment and numerical simulation,coupled heat and moisture transfer; hygroscopic material; inverse parameter estimation; liquid water permeability; straw composite,,"Straw composites, owing to their low carbon footprint and favorable hygrothermal properties, are becoming a promising alternative insulation material for buildings in order to promote energy saving and occupants’ comfort. However, the heat and moisture characteristics of straw composites at the material scale and under steady-state condition are insufficient for a thorough assessment of their performance as a building component in actual service conditions. This study focused on the hygrothermal performance of a novel bio-based wall made with a rice straw–alginate composite material. The temperature and relative humidity profiles within the wall were monitored under various boundary conditions. The inverse analysis method was proposed to determine liquid water permeability. In in a dynamic test, compared with the model of coupled heat-and-moisture transfer (CHM), the transient heat transfer model predicted temperature profiles with higher errors and underestimated total heat flux by up to 30.6%. Also, under the dynamic condition, the CHM model with liquid water transport showed decreased mean absolute errors by 61%, 57% and 8% at depths of 28 mm, 36 mm and 64 mm, respectively, compared with those predicted by the CHM model without liquid water transport. Both vapor transport and liquid transport seemed to be essential when modeling thermal transfer and moisture transfer through the wall. © 2025 by author(s)."
SCOPUS:2-s2.0-85162707737,2024,English,Article,"An in-depth analysis of hospital food waste in terms of magnitude, nutritional value, and environmental and financial perspectives: A cross-sectional study",Carbon footprint; financial; food waste; hospital; nutritional status; patient,Adult; Cross-Sectional Studies; Food Loss and Waste; Hospitals; Humans; Lunch; Nutritive Value; Refuse Disposal; Environmental impact; Finance; Hospitals; Land use; Sustainable development; retinoic acid; Cross-sectional study; Environmental values; Financial; Financial values; Food waste; In-depth analysis; Nutritional status; Nutritional value; Patient; Standard deviation; carbon footprint; finance; food waste; hospital sector; nutritional status; nutritive value; waste management; adult; anemia; anthropometric parameters; Article; body composition; body mass; carbon dioxide emission; carbon dioxide equivalent; carbon footprint; consumer price index; cost benefit analysis; cross-sectional study; dietitian; ecological footprint; educational status; environmental impact; fast food; female; fluid intake; food composition; food intake; food waste; Global Assessment of Functioning; greenhouse effect; greenhouse gas emission; health care cost; hospital food service; hospital patient; human; length of stay; macronutrient intake; major clinical study; male; malnutrition; meal; micronutrient intake; Mini-Nutritional Assessment; nutritional assessment; nutritional value; occupation; questionnaire; recall; smoking; vitamin intake; water footprint; hospital; nutritional value; waste disposal; Carbon footprint,"Hospital food waste has nutritional, economic and environmental impacts, and halving food waste is a sustainable development goal. This study aimed to quantify hospital food waste and its nutritional, environmental and financial values in medical and surgical wards. In a cross-sectional study in three educational hospitals, nutritional and demographic data of adult inpatients were collected. The food waste was measured at breakfast, lunch and snack times, and a 24-hour food recall was fulfilled for each patient. Also, the nutritional, environmental and financial values of discarded food were calculated. Food waste contributors were determined using linear regression. Totally, 398 meals were evaluated. The average served food was about 1 kg patient−1 day−1, while 539.5 g patient−1 day−1(50.1% of the served food) was discarded. Mean food wastes were 148.9 g (standard deviation (SD): 130.1), 364.3 g (SD: 257.2) and 80.2 g (SD: 101.5) in breakfast, lunch and snacks, equal to 45.7% (SD: 36.9), 51.4% (SD: 36.1) and 62.4% (SD: 53.2) of the served food, respectively. Rice, soup, milk and fruits were mostly discarded. Severely malnourished patients had higher daily food waste. Food preparation and waste were estimated to cost on average US$1.8 and US$0.8 patient−1 day−1, respectively. Each kilogram of food waste resulted in 8.1 m2 of land use, 1.4 kg of CO2-equivalent gas emission, and about 1003 L of water wastage. Half of the hospital food was discarded which means waste of nutrients, environmental resources and money. Current data can help authorities to plan for reducing hospital food waste. © The Author(s) 2023."
SCOPUS:2-s2.0-84897417675,2014,English,Article,Methane fluxes show consistent temperature dependence across microbial to ecosystem scales,,Anaerobiosis; Aquatic Organisms; Archaea; Atmosphere; Carbon Cycle; Carbon Dioxide; Cell Respiration; Ecosystem; Geologic Sediments; Global Warming; Greenhouse Effect; Methane; Oryza sativa; Photosynthesis; Seasons; Temperature; Wetlands; carbon dioxide; methane; carbon cycle; carbon emission; ecosystem response; global warming; methane; methanogenesis; microbial activity; photosynthesis; remineralization; respiration; seasonal variation; temperature effect; air pollution; anaerobic capacity; article; carbon footprint; ecosystem; methanogen; microbial community; nonhuman; photosynthesis; priority journal; seasonal variation; temperature dependence,"Methane (CH4) is an important greenhouse gas because it has 25 times the global warming potential of carbon dioxide (CO2) bymass over a century1. Recent calculations suggest that atmospheric CH4 emissions have been responsible for approximately 20% of Earth's warming since pre-industrial times2. Understanding howCH4 emissions from ecosystems will respond to expected increases in global temperature is therefore fundamental to predicting whether the carbon cycle will mitigate or accelerate climate change. Methanogenesis is the terminal step in the remineralization of organicmatter and is carried out by strictly anaerobic Archaea3. Like most other forms of metabolism, methanogenesis is temperature-dependent 4,5. However, it is not yet known how this physiological response combines with other biotic processes (for example,methanotrophy6, substrate supply3,7, microbial community composition8) and abiotic processes (for example, water-table depth9,10) to determine the temperature dependence of ecosystem-level CH4 emissions. It is also not known whether CH4 emissions at the ecosystem level have a fundamentally different temperature dependence than other key fluxes in the carbon cycle, such as photosynthesis and respiration. Here we use meta-analyses to show that seasonal variations in CH4 emissions from a wide range of ecosystems exhibit an average temperature dependence similar to that of CH4 production derived from pure cultures of methanogens and anaerobic microbial communities. This average temperature dependence (0.96 electron volts (eV)), which corresponds to a 57-fold increase between 0 and 306C, is considerably higher than previously observed for respiration (approximately 0.65 eV)11 and photosynthesis (approximately 0.3 eV)12. As a result, we show that both the emission ofCH4 and the ratio of CH4 to CO2 emissions increase markedly with seasonal increases in temperature. Our findings suggest that global warming may have a large impact on the relative contributions ofCO2 andCH4 to total greenhouse gas emissions from aquatic ecosystems, terrestrial wetlands and rice paddies. © 2014 Macmillan Publishers Limited."
SCOPUS:2-s2.0-84884866477,2013,English,Article,Emission of carbon dioxide influenced by different water levels from soil incubated organic residues,,Animals; Carbon; Carbon Dioxide; Soil; Water; carbon dioxide; organic carbon; organic matter; water; carbon; carbon dioxide; soil; water; carbon; article; carbon balance; carbon footprint; carbon sequestration; controlled study; cow; decomposition; flooding; nonhuman; organic waste; plant root; poultry; rice; soil; soil water content; straw; animal; chemistry; chemistry; soil,"We studied the influence of different organic residues and water levels on decomposition rate and carbon sequestration in soil. Organic residues (rice straw, rice root, cow dung, and poultry litter) including control were tested under moistened and flooding systems. An experiment was laid out as a complete randomized design at 25°C for 120 days. Higher COC (265.45 mg) emission was observed in moistened condition than in flooding condition from 7 to 120 days. Among the organic residues, poultry litter produced the highest COC emission. Poultry litter with soil mixture increased 121% cumulative COC compared to control. On average, about 38% of added poultry litter C was mineralized to COC. Maximum COC was found in 7 days after incubation and thereafter COC emission was decreased with the increase of time. Control produced the lowest COC (158.23 mg). Poultry litter produced maximum cumulative COC (349.91 mg). Maximum organic carbon was obtained in cow dung which followed by other organic residues. Organic residues along with flooding condition decreased cumulative COC, k value and increased organic C in soil. Maximum k value was found in poultry litter and control. Incorpored rice straw increased organic carbon and decreased k value (0.003 g d-1) in soil. In conclusion, rice straw and poultry litter were suitable for improving soil carbon. © 2013 M. B. Hossain and A. B. Puteh."
SCOPUS:2-s2.0-85144209034,2022,English,Article,Assessment of water footprint for a few major crops in Banas River Basin of Rajasthan,Agricultural water footprint; Blue water footprint; Sustainable agriculture; Water scarcity; Water use,,"Water security is essential for socio-economic development, ecosystem management, and environmental sustainability. An improved understanding of the relationships between water demand and supply is needed to mitigate the impacts of diminishing water resources. The present study aimed to assess the crop water footprint of sixteen major crops in the basin namely, bajra/ pearl millet (Pennisetum glaucum L.), barley (Hordeum vulgare L.), cotton (Gossypium herbaceum L.), gram/chickpea (Cicer arietinum L.), groundnut (Arachis hypogaea L.), guar/cluster beans (Cyamopsis tetragonoloba L.), jowar/ sorghum (Sorghum bicolor L.), lentil/ masoor (Lens culinaris L.), maize (Zea mays L.), mungbean (Vigna radiata L.), rapeseed & mustard (Brassica napus L.), rice/paddy (Oryza sativa L.), sesame (Sesamum indicum L.), soybean (Glycine max L.), urad/ black gram (Vigna mungo L.) and wheat (Triticum aestivum L.) was estimated during 2008-2020 in the Banas river basin of Rajasthan. The average annual water footprint of crop production varied from 11365.8-23131.5 MCM/yr (Mean 19254.5 MCM/yr) during the study period. Wheat, bajra, maize, rapeseed & mustard make up 67.4 % of the total average annual water footprint of crop production. The blue water footprint of crop production was 3942.1 MCM/yr, with wheat, rapeseed & mustard accounting for almost 87.0 % of the average annual blue water footprint. Blue, green and grey water footprints comprised 20.8, 69.7 and 9.5 % of the total WF of crop production in the basin, respectively. This assessment can play a significant role in developing better policies for properly managing water footprints for sustainable crop production in the basin. © Author (s). Publishing rights @ ANSF."
SCOPUS:2-s2.0-80054981256,2011,English,Article,Solutions for a cultivated planet,,"Agriculture; Conservation of Natural Resources; Diet; Environment; Food Supply; Humans; Models, Theoretical; methane; nitrous oxide; agricultural intensification; biodiversity; environmental impact; farming system; food production; food security; land degradation; malnutrition; natural resource; population growth; sustainability; agriculture; article; biodiversity; climate; climate change; crop production; deforestation; ecosystem; environmental impact; environmental protection; food availability; greenhouse gas; land use; livestock; pollution control; priority journal; resource allocation; rice; soil fertilization; sustainable development; waste minimization; water pollution","Increasing population and consumption are placing unprecedented demands on agriculture and natural resources. Today, approximately a billion people are chronically malnourished while our agricultural systems are concurrently degrading land, water, biodiversity and climate on a global scale. To meet the world's future food security and sustainability needs, food production must grow substantially while, at the same time, agriculture's environmental footprint must shrink dramatically. Here we analyse solutions to this dilemma, showing that tremendous progress could be made by halting agricultural expansion, closing ĝ€̃ yield gaps' on underperforming lands, increasing cropping efficiency, shifting diets and reducing waste. Together, these strategies could double food production while greatly reducing the environmental impacts of agriculture. © 2011 Macmillan Publishers Limited. All rights reserved."
SCOPUS:2-s2.0-105037027888,2026,English,Article,The wide (un)sustainability ranges of agroexporting territories: Insights from Uruguay,Agroexports; Concentration; Global trade; Sustainability; Uruguay,Forestry; Grain (agricultural product); biomaterial; pesticide; Agroexport; Concentration; Global trade; Integrated assessment; Market orientation; Performance; Pesticide use; Social and environmental; Uruguay; Water use; agricultural land; article; controlled study; forestry; fruit; grain; land use; meat; nonhuman; rice; social pressure; Uruguay; vegetable; Concentration (process); International trade; Sustainable development,"Agroexporting countries play a central role in global food and biomaterials supply, yet their strong external orientation influences the way economic, social, and environmental tensions are navigated at the national scale. Here, we examined how global trade shapes sustainability outcomes in Uruguay through an integrated assessment of key producing sectors: meat, dairy, grains, rice, fruits, vegetables and forestry. We quantified sectoral size, market orientation, multidimensional performance, and the value distribution across farms. We showed that export-oriented land use grew from 74% to 83% between 2005 and 2022, reallocating >1.5 Mha (9% of land) toward external markets. Over the same period, shifts in sectoral composition increased national socioeconomic output. However, sectors differed sharply in their intrinsic footprints (e.g., up to 19-fold differences in water use and 16-fold in pesticide use) and in the biophysical and social pressures associated with generating economic outcomes. Per unit of value generated, pesticide use across export-oriented sectors ranged from 0.43 to 5.10 g per USD, while water use ranged from −1.39 to 7.35 m3 per USD, implying that compositional shifts toward higher economic output can produce substantial yet contrasting sustainability outcomes. Concentration was marked, with large farms (<0.5% of farms) capturing 28% of gross production value, mainly fueled by forestry and grains. Together, these results confirm that both the extent of territory exposed to global markets and the sectors occupying that space critically shape aggregated footprints. Which sectors occupy the export-oriented land and who captures value ultimately determine national trajectories, making outcomes contingent and politically contested. © 2026 The Authors"
SCOPUS:2-s2.0-84983458758,2016,English,Article,"Inter-annual variability of area-scaled gaseous carbon emissions from wetland soils in the Liaohe Delta, China",,Carbon; Carbon Dioxide; China; Environmental Monitoring; Methane; Seasons; Soil; Wetlands; carbon; carbon dioxide; methane; sodium chloride; carbon; carbon dioxide; methane; soil; Article; biogeochemical cycling; carbon footprint; carbon sequestration; China; environmental management; habitat; hydrology; photosynthesis; Phragmites australis; rice; salinity; seasonal variation; soil temperature; wetland; chemistry; environmental monitoring; procedures; season; soil,"Global management of wetlands to suppress greenhouse gas (GHG) emissions, facilitate carbon (C) sequestration, and reduce atmospheric CO2 concentrations while simultaneously promoting agricultural gains is paramount. However, studies that relate variability in CO2 and CH4 emissions at large spatial scales are limited. We investigated three-year emissions of soil CO2 and CH4 from the primary wetland types of the Liaohe Delta, China, by focusing on a total wetland area of 3287 km2. One percent is Suaeda salsa, 24% is Phragmites australis, and 75% is rice. While S. salsa wetlands are under somewhat natural tidal influence, P. australis and rice are managed hydrologically for paper and food, respectively. Total C emissions from CO2 and CH4 from these wetland soils were 2.9 Tg C/year, ranging from 2.5 to 3.3 Tg C/year depending on the year assessed. Primary emissions were from CO2 (∼98%). Photosynthetic uptake of CO2 would mitigate most of the soil CO2 emissions, but CH4 emissions would persist. Overall, CH4 fluxes were high when soil temperatures were >18°C and pore water salinity <18 PSU. CH4 emissions from rice habitat alone in the Liaohe Delta represent 0.2% of CH4 carbon emissions globally from rice. With such a large area and interannual sensitivity in soil GHG fluxes, management practices in the Delta and similar wetlands around the world have the potential not only to influence local C budgeting, but also to influence global biogeochemical cycling. © 2016, Public Library of Science. All rights reserved. This is an open access article, free of all copyright, and may be freely reproduced, distributed, transmitted, modified, built upon, or otherwise used by anyone for any lawful purpose. The work is made available under the Creative Commons CC0 public domain dedication."
SCOPUS:2-s2.0-85138481396,2022,English,Article,A clean and sustainable CO<sub>2</sub> storage method in construction materials,Al recycling; Carbon dioxide; Carbon storage; Greenhouse gases; Hydrogen fuel,Aluminum compounds; Blast furnaces; Carbon footprint; Compressive strength; Construction industry; Curing; Durability; Environmental management; Fly ash; Global warming; Greenhouse gases; Heavy metals; Hydrogen storage; Leaching; Portland cement; Recycling; Sustainable development; Al recycling; Buildings materials; Carbon storage; Cement production; CO 2 emission; Greenhouse gas emissions; Greenhouses gas; Hydrogen gas; Rice-husk ash; Water production; carbon dioxide; carbon emission; carbon storage; future prospect; greenhouse gas; sustainable development; Carbon dioxide,"Production of building materials emits 11% of global carbon dioxide (CO2) emission. The greenhouse gas emission from the construction industry has been tried to mininmize from early 1980s; but after four decades of development, it is not fully sustainable. Cement is the second most consumed material in the world, after water and cement production contributes for 8% of global CO2 emission. We produced a greener cement from abundantly available waste: fly ash, blast furnace lag, and rice husk ash to significantly minimize the greenhouse gas emission. Discarded aluminium foil becomes one of most landfilling waste that has high potential for recycling. On other hand, cement carbonation is a curing method that stores significant amount of CO2 into cement with lesser cost and energy compared to commercial carbon sequestration. Therefore, we incorporate aluminium foil waste and CO2 waste from industry to improve the engineering and environmental performance of the cement. We compared changes in carbonation when using gaseous carbon dioxide (gCO2) and supercritical carbon dioxide (scCO2) and found that the scCO2 condition achieves higher compressive strength and yielded a stronger barrier against leaching. Hence, this carbon cured cement can be widely used in underground applications, where the heavy metal leaching is a critical issue. Projections show our greener cement reducing CO2 emission by 55% compared to Portland cement and reducing direct costs by 35%. Also, our cement ultimately reduces hydrogen gas demand by recycling aluminium, which releases pure hydrogen during the production process, and this effect reduces annual CO2 emission by 35 million tonnes from this hydrogen production alone. Adopted globally, the system would permanently store 72 million tonnes of CO2 in a stable composite annually. On whole, our cement production significantly reduces the energy requirement for cement manufacturing and releases future energy, hydrogen gas, as by product. © 2022, The Author(s)."
SCOPUS:2-s2.0-85205228988,2024,English,Article,Methane Emission in a Small-Scale Rice Field under Two Different Water Management Strategies – An Insight for Landscape Level Adjustments,AWD; carbon footprint; global warming; greenhouse gas; methane; rice production,,"The main purpose of this study was to optimize the methods for determining methane emission in a continuously flooded (CF) and an alternately wetted and dried rice system. A field experiment was conducted at Block B1, Pili Drive, Los Baños, Laguna for one cropping season to evaluate the CH4 emission in both FP and AWD treatment plots. Fertilizer application rates were similar across treatments and were based on the recommended rate. Gas sampling was done weekly at 0, 15, and 30 – minute intervals and gas samples were analyzed using a gas chromatograph equipped with a flame-ionization detector (FID). Results showed that FP plots emitted methane at 15.07 to 459.14 mg CH4 day-1 m-2, which was higher than those produced in AWD plots which ranged from 1.68 to 36.26 mg CH4 day-1 m-2 throughout the cropping period. In both treatments, a decreasing trend in methane emission was observed which was attributed to the depleting carbon source of methanotrophs where methane was utilized rather than produced at an unfavorable redox potential for methane production. Global warming potential (GWP) of 7.000 kg CO2-eq and 1.350 kg CO2-eq was contributed by FP and AWD treatments, respectively. Overall, CH4 emission was reduced by 80–85% when AWD was employed without having a yield compromise. The result of this pilot study is limited to a 1.300 m2 field area but it showed a significant comparison between the two water management strategies in rice systems. Also, the learnings in this study will be used further for landscape greenhouse gas measurements in major rice-producing areas in the Philippines and ultimately will contribute to the carbon footprint assessment of rice cultivation. © 2024, Polskie Towarzystwo Inzynierii Ekologicznej (PTIE). All rights reserved."
SCOPUS:2-s2.0-85036616954,2017,Spanish,Article,"Local perception of ecosystem services offered in agricultural farms in the dry zone North of Tolima, Colombia [Percepcion local de los servicios ecosistemicos ofertados en fincas agropecuarias de la zona seca del norte del tolima, Colombia]",Livestock; Management Capacity; Rice Production; Vulnerability,,"The offer of ecosystem services (ES) depends, to a large extent, on the intervention of the producer families on their farms. With the aim of identifying the perception of offer of ecosystem services (ES) in agricultural and forestry use systems in the dry zone of north Tolima, 40 semistructured surveys were carried out to local agricultural producers. The information was analyzed using the Likert scale: 0 to 10 (from lowest to highest). Producers attach high importance to ESs, although they do little to maintain or increase their supply. Water supply is the most important SE that the producers identify for the management of their crops, but they indicate that this service is negatively affected by the intensification of agricultural use and the poor protection of recharge zones. Producers have detected a temperature rise in the area in recent years and they feel vulnerable to climate change and poor water regulation. In the same way, the lack of knowledge about the carbon footprint of these production systems is also evident. However, after explaining the concept, producers are interested in knowing the emission of greenhouse gases and carbon fixation on their farms. The findings of this study are important to generate environmental awareness in agricultural producers, to encourage sustainable practices and decisions that promote ES. This study shows that the design of policies to improve water regulation and to contribute to reforestation programs for the dry forests is necesary. © 2017 Universidad de Caldas."
SCOPUS:2-s2.0-85211247277,2024,English,Article,"Investigating the Mechanical Properties, Durability, and Environmental Impact of Partial Cement Substitution with Slag Cement and Rice Husk Ash for Sustainable Concrete Production",Concrete manufacturing; Partial cement substitution and environmental effect; Rice husk ash (RHA); Slag cement (SC); Sustainability,,"The production of cement, a key component of concrete, significantly contributes to carbon emissions and exacerbates environmental degradation. This study explores the feasibility of mitigating this impact by incorporating Slag Cement (SC) and Rice Husk Ash (RHA) as partial substitutes for conventional cement. As industrial by-products, SC and RHA possess pozzolanic properties that not only enhance concrete performance but also reduce their environmental footprint. This study aimed to assess the influence of varying SC and RHA replacements on the mechanical properties, durability, and overall sustainability of concrete. Experimental investigations encompassed tests on the compressive and flexural strengths, water absorption, and chloride penetration. Sustainability assessments during concrete production quantified environmental benefits through measures such as embodied carbon footprint and life cycle analysis. This study reveals promising avenues for the construction sector to adopt SC and RHA in concrete production with environmental consciousness. The integration of SC and RHA not only diminished the carbon footprint but also enhanced concrete properties. Key findings include a noteworthy 20% increase in compressive strength, improved workability up to a 100 mm slump, and a substantial 50% reduction in carbon dioxide emissions per cubic meter of concrete produced. In summary, the results underscore the positive impact of utilizing SC and RHA as partial cement replacements, demonstrating improvements in both concrete performance and sustainability. © Engineered Science Publisher LLC 2024."
SCOPUS:2-s2.0-85076236535,2019,English,Article,Assessing the sustainability of post-Green Revolution cereals in India,Cereals; Green Revolution; India; Sustainable agriculture; Tradeoffs,Agriculture; Edible Grain; Environment; Food Supply; Humans; India; Nutritive Value; Oryza; Sustainable Development; Article; carbon footprint; catering service; cereal; climate; ecosystem resilience; energy resource; food availability; food industry; India; irrigation (agriculture); nutrient; priority journal; water supply; agriculture; environment; food grain; human; nutritional value; Oryza; procedures; sustainable development,"Sustainable food systems aim to provide sufficient and nutritious food, while maximizing climate resilience and minimizing resource demands as well as negative environmental impacts. Historical practices, notably the Green Revolution, prioritized the single objective to maximize production over other nutritional and environmental dimensions. We quantitatively assess outcomes of alternative production decisions across multiple objectives using India’s rice-dominated monsoon cereal production as an example. We perform a series of optimizations to maximize nutrient production (i.e., protein and iron), minimize greenhouse gas (GHG) emissions and resource use (i.e., water and energy), or maximize resilience to climate extremes. We find that increasing the area under coarse cereals (i.e., millets, sorghum) improves nutritional supply (on average, +1% to +5% protein and +5% to +49% iron), increases climate resilience (1% to 13% fewer calories lost during an extreme dry year), and reduces GHGs (−2% to −13%) and demand for irrigation water (−3% to −21%) and energy (−2% to −12%) while maintaining calorie production and cropped area. The extent of these benefits partly depends on the feasibility of switching cropped area from rice to coarse cereals. Based on current production practices in 2 states, supporting these cobenefits could require greater manure and draft power but similar or less labor, fertilizer, and machinery. National- and state-level strategies considering multiple objectives in decisions about cereal production can move beyond many shortcomings of the Green Revolution while reinforcing the benefits. This ability to realistically incorporate multiple dimensions into intervention planning and implementation is the crux of sustainable food production systems worldwide. © 2019 National Academy of Sciences. All rights reserved."
SCOPUS:2-s2.0-85112106268,2021,Portuguese,Article,Water footprint of rice cultivated under different irrigation managements [Pegada hídrica do arroz cultivado sob diferentes manejos de irrigação],Flooded; Irrigation methods; Oryza sativa; Sprinkler,Oryza sativa; cultivation; farming system; flood; irrigation system; rice; water footprint,"Rice is one of the most produced and consumed cereals in the world. The water management in rice farming is complex, and studies on the rice water footprint are less frequent than other cultures. The objective was to estimate the simplified water footprint of a sprinkler and flood-irrigated rice under different irrigation management, taking as model the traditional methodology of water footprint estimation. The raw data used are from two experiments performed using rice in the “Terras Baixas”, Experimental Station, Brazilian Agricultural Research Corporation (Embrapa) Temperate Climate, located in Capão do Leão, RS, Brazil. In Experiment 1, three irrigation management applied in the rice cropping season of 2011/2012 and four in the cropping season of 2012/2013 were analyzed. In Experiment 2, four irrigation managements in the 2015/2016 and 2016/2017 cropping seasons were evaluated. The irrigation managements in the tensions of 20 and 10 kPa (sprinkler) and continuous irrigation (flood) presented smallest simplified water footprint. Comparing sprinkler and flood irrigation, it can be concluded that the flood method, under continuous irrigation, resulted in a smallest simplified water footprint. © 2021, Universidade Estadual Paulista - UNESP. All rights reserved."
SCOPUS:2-s2.0-85147882246,2023,English,Article,"Environmental, Human and Ecotoxicological Impacts of Different Rice Cultivation Systems in Northern Thailand",carbon footprint; ecotoxicological; human health; rice cultivation; water footprint,Agriculture; Chlorpyrifos; Humans; Oryza; Pesticides; Thailand; Water; Thailand; acephate; butachlor; chlorpyrifos; fipronil; glyphosate; metaldehyde; pesticide; soil organic matter; unclassified drug; chlorpyrifos; pesticide; water; agricultural practice; anthropogenic effect; carbon footprint; cultivation; ecotoxicology; environmental impact; public health; rice; water footprint; agricultural procedures; Article; carbon footprint; crop management; crop production; ecotoxicology; environmental impact; environmental monitoring; environmental sustainability; freshwater environment; geographic distribution; greenhouse gas emission; human impact (environment); life cycle assessment; nonhuman; pollution transport; rice; soil analysis; Thailand; water footprint; agriculture; human; Oryza; procedures; Thailand,"Sustainable practices in rice cultivation require effective farming management concerning environmental and human health impacts. In this study, three rice cultivation systems, namely low-land, upland, and terraced rice in the Mae Chaem District, Chiang Mai Province, were assessed and the carbon footprint (CF), water footprint (WF), and human and ecotoxicological impacts were compared from pesticide application. The results showed that the highest CF intensity was observed in terraced rice with 1.15 kg CO2eq kg−1 rice yield, followed by lowland rice (1.02 kg CO2eq kg−1 rice yield) and upland rice (0.17 kg CO2eq kg−1 rice yield) fields. Moreover, lowland rice cultivation generated the highest total WF with 1701.6 m3 ton−1, followed by terraced rice (1422.1 m3 ton−1) and upland rice (1283.2 m3 ton−1). The lowland rice fields had the most impact on human health and freshwater ecotoxicity, followed by the terraced and upland rice cultivation systems. The results also showed that most of the pesticides remaining in soils were chlorpyrifos (98.88%), butachlor (96.94%), and fipronil (95.33%), respectively. The substances with the greatest distributions in freshwater were acephate (56.74%), glyphosate (50.90%), and metaldehyde (45.65%), respectively. This study indicated that, with more agricultural inputs, higher CF, WF, human health impacts, and freshwater ecotoxicity were generated. Although the use of pesticides in the study areas did not exceed the recommendations on the packaging, glyphosate and chlorpyrifos are restricted in Thailand, so it is necessary to monitor their use due to their long-term health effects. © 2023 by the authors."
SCOPUS:2-s2.0-105041672888,2026,English,Article,Biotechnology of millets: Current scenario and future prospects,Bio-fortification; Biotechnology; Genetic transformation; Millets,,"Millets are a resilient and climate-smart alternative to conventional staple crops such as rice, wheat, and maize. Their ability to survive in arid and semi-arid regions, coupled with their resistance to drought, high temperatures, and poor soil conditions, makes them a valuable crop in the face of climate change. In addition, millets require lower inputs, such as water and fertilizers, reducing the environmental footprint of agriculture. They provide significant nutritional benefits and are rich in fiber, essential micronutrients such as iron and calcium. They have a low-glycemic index. The genetic diversity within millet species allows for the development of improved varieties with enhanced stress tolerance and higher yields. By integrating millets into mainstream agriculture and global food systems, policymakers and farmers can enhance food security, mitigate the risks associated with climate change, and promote sustainable agricultural practices. Much work has been done on some millets such as Eleusine coracana (Finger millet), Pennisetum glaucum (Pearl Millet), Setaria italica (Foxtail millet), and Paspalum scrobiculatum (Kodo Millet). However, some other millets are not very well researched. The importance of millets in ensuring global food security is widely recognised. India is the highest producer of millets, contributing to 43% of the world’s millet production in the year 2024. With an area of 9163754 ha (FAOSTAT data of 2023) under millet cultivation, India is globally well-positioned to be a contributor to the world’s food security. This review highlights the significance of millets and recent advancements in biotechnology, with a focus on micropropagation, genetic transformation, and genome sequencing. © 2026 Aditi Kothari Chhajer, et al."
SCOPUS:2-s2.0-105010536960,2025,English,Article,Vertical farming limitations and potential demonstrated by back-of-the-envelope calculations,,"Agriculture; Crops, Agricultural; Electricity; agriculture; crop; economics; electricity; growth, development and aging; procedures","Improving food security and reducing the environmental footprint of food production is urgently needed to satisfy the growing global population in a time of climate, biodiversity, and water pressures. Indoor vertical farming is largely independent of environmental conditions and is reported to reduce the land and water required for food production. However, vertical farming requires large amounts of energy. Based on the vertical farming energy cost, we derive from basic considerations a current minimum cost of ≈$10/kg dry plant matter. Vertical farming is therefore not currently competitive with dried cereals or pulses (e.g. wheat, rice, and soybeans). We also show limited current competitiveness for products like tomatoes and lettuce, despite a low dry matter content. Whereas the environmental implications of vertical farming depend on the electricity source. Using the average newly installed electricity mix in recent years (predominantly solar and wind, with some coal, natural gas, and bioenergy), vertical farming could substantially increase greenhouse gas emissions and has limited land benefits compared with conventional agriculture. Using exclusively electricity from photovoltaics, some environmental benefits could be achieved for crops with a low dry matter content like lettuce, but this is more limited for dried crops like wheat. The transparent calculations we provide here set out challenges for vertical farming and highlight that improvements in both the overall vertical farming energetic efficiency (≈1% to 2%), as well as low-impact electricity sources are needed in the future. © The Author(s) 2025."
SCOPUS:2-s2.0-85045039426,2018,English,Article,Quantifying differences in water and carbon cycling between paddy and rainfed rice (oryza sativa l.) by flux partitioning,,"Agriculture; Carbon Cycle; Climate Change; Conservation of Water Resources; Crops, Agricultural; Greenhouse Gases; Models, Biological; Oryza; Rain; Republic of Korea; Water; Water Resources; carbon; carbon dioxide; methane; nitrous oxide; rain; water; rain; agroecosystem; agronomic trait; Article; canopy; carbon cycling; carbon footprint; climate change; comparative study; cropping system; evapotranspiration; grain yield; growing season; leaf gas exchange; nonhuman; plant growth; plant water use; quantitative analysis; rice; seasonal variation; water availability; water loss; water supply; agriculture; biological model; carbon cycle; crop; greenhouse gas; growth, development and aging; metabolism; Oryza; procedures; South Korea; supply and distribution; water conservation","Agricultural crops play an important role in the global carbon and water cycle. Global climate change scenarios predict enhanced water scarcity and altered precipitation pattern in many parts of the world. Hence, a mechanistic understanding of water fluxes, productivity and water use efficiency of cultivated crops is of major importance, i.e. to adapt management practices. We compared water and carbon fluxes of paddy and rainfed rice by canopy scale gas exchange measurements, crop growth, daily evapotranspiration, transpiration and carbon flux modeling. Throughout a monsoon rice growing season, soil evaporation in paddy rice contributed strongly to evapotranspiration (96.6% to 43.3% from initial growth to fully developed canopy and amounted to 57.9% of total water losses over the growing seasons. Evaporation of rainfed rice was significantly lower (by 65% on average) particularly before canopy closure. Water use efficiency (WUE) was significantly higher in rainfed rice both from an agronomic (WUEagro, i.e. grain yield per evapotranspiration) and ecosystem (WUEeco, i.e. gross primary production per evapotranspiration) perspective. However, our results also show that higher WUE in rainfed rice comes at the expense of higher respiration losses compared to paddy rice (26% higher on average). Hence, suggestions on water management depend on the regional water availability (i.e. Mediterranean vs. Monsoon climate) and the balance between higher respiratory losses versus a potential reduction in CH4 and other greenhouse gas emissions. Our results suggest that a shift from rainfed/unsaturated soil to waterlogged paddy conditions after closure of the rice canopy might be a good compromise towards a sustainable use of water while preserving grain yield, particularly for water-limited production areas. © 2018 Nay-Htoon et al. This is an open access article distributed under the terms of the Creative Commons Attribution License, which permits unrestricted use, distribution, and reproduction in any medium, provided the original author and source are credited."
SCOPUS:2-s2.0-85169476682,2023,English,Article,EVALUATION OF THE WATER FOOTPRINT OF RICE CULTIVATION IN THE LOWER SÃO FRANCISCO RIVER IN SERGIPE [AVALIAÇÃO DA PEGADA HÍDRICA DA RIZICULTURA NO BAIXO SÃO FRANCISCO SERGIPANO],Rice Cultivation; Water Management; Water Resource Indicator,,"Objective: To account and evaluate the PH of the green, blue and gray components of rice production in the lower São Francisco in the years 2016, 2017, 2018 and 2019. Theoretical framework: It relies on water resource management, conceptualization of the water footprint and its applications. Method: This is a descriptive quantitative study. The data for accounting were collected in the lower São Francisco of Sergipe, in the city of Neópolis-SE, from the methodology proposed by Arjen Y. Hoekstra (2011) for Water Footprint. Results and conclusion: The results obtained showed that the green PH accounted for 51% (2016), 34% (2017), 60% (2018) and 68% (2019) of all water used in the crop. The highest PHblue among the years was in 2017 (67%). PHcinza showed a growth profile over the years being correlated to the other components. Therefore, the analysis of the components of PH can be used in planning the efficient use of water for rice production in the lower São Francisco region of Sergipe. Implications of the research: Evidence of the amount of water used in rice cultivation in the lower São Francisco region of Sergipe, demonstrating the importance of managing water resources and the use of agrochemicals in local rice production. Originality: Contributes to the discussion of the rice activity in the lower São Francisco, being the first study on Water Footprint for rice in the lower sergipan region. © 2023 ANPAD - Associacao Nacional de Pos-Graduacao e Pesquisa em Administracao. All rights reserved."
